index,User Id,First Name,Last Name,Gender,Email,Phone,Date of birth,Job Title
,148b920e-3909-411f-ba9d-0388f1cc14c1,Lurline,Gronw,Female,lgronw0@theguardian.com,(308) 1643111,1/4/2025,Director of Sales
,d6b7ee73-ce5e-4c15-b904-2d2199fd548d,Bianca,Garroway,Female,bgarroway1@macromedia.com,(377) 5549784,12/13/2024,Compensation Analyst
,b1896332-aa9b-4ff7-83f0-f51731b26726,Martita,Gladyer,Genderfluid,mgladyer2@wiley.com,(847) 5910079,6/16/2024,Sales Representative
,efe94455-7a9f-4c53-b39a-6c5b3f93dfbf,Hanson,Wyley,Male,hwyley3@fema.gov,(675) 1201673,8/8/2024,Senior Sales Associate
,c7e83e8a-3a6b-413a-8d7a-200e1d46cd74,Sandra,Beaby,Female,sbeaby4@parallels.com,(646) 1094583,9/2/2024,Information Systems Manager
,0fe880f6-0373-4660-a347-143c8178b034,Amitie,Mushart,Bigender,amushart5@indiegogo.com,(632) 4361814,6/21/2024,Structural Analysis Engineer
,78cad0d0-4902-4112-8f97-3fc7ab0e3436,Raf,De Miranda,Female,rdemiranda6@taobao.com,(315) 3665788,2/2/2025,Compensation Analyst
,e659d241-8995-4f67-a548-c41f12170c12,Delmer,Morphey,Male,dmorphey7@gov.uk,(409) 7389084,10/9/2024,Product Engineer
,86d66d28-faeb-4baf-ab56-05c975d74042,Wallas,Broadberry,Male,wbroadberry8@4shared.com,(265) 1038953,11/30/2024,Senior Sales Associate
,ef9ada78-b457-4f03-9ce3-3be8ad7407c4,Odo,Mulhall,Male,omulhall9@time.com,(109) 2353708,3/31/2024,Business Systems Development Analyst
,4b2c8b23-f466-45d9-be56-e6753f7c14fa,Belle,Wimpeney,Genderqueer,bwimpeneya@cafepress.com,(405) 5697284,4/27/2024,Senior Cost Accountant
,97f68c8a-86e8-4551-8d1c-39709faca482,Leilah,Bromfield,Female,lbromfieldb@bbb.org,(641) 2483938,4/24/2024,Food Chemist
,a50be87b-638d-4ad9-b4e4-9820b943140e,Camellia,Matthiesen,Female,cmatthiesenc@cnn.com,(569) 1077466,3/16/2024,Staff Scientist
,5c39d683-36eb-40db-aa59-c3f5033b7893,Christian,Peppard,Female,cpeppardd@usda.gov,(265) 7782706,3/1/2025,Systems Administrator II
,5575002c-615c-4ad8-8259-7032c7707505,Devy,Albon,Male,dalbone@redcross.org,(387) 5819960,6/23/2024,Operator
,28383352-88ac-4669-854f-e8adf4e9477a,Giorgio,Shippey,Male,gshippeyf@shop-pro.jp,(179) 7551359,1/16/2025,Quality Engineer
,9221fdf1-0583-4290-a927-e27ce7e38e03,Denny,Francino,Female,dfrancinog@tripod.com,(197) 5588905,3/8/2025,Assistant Media Planner
,9d87426a-a75d-410a-bbeb-4d7baf3dedd5,Brana,MacColgan,Female,bmaccolganh@so-net.ne.jp,(360) 5593766,1/9/2025,Social Worker
,408e9a12-6f92-4ef7-af60-ad767c7eadc5,Davey,Tenant,Male,dtenanti@huffingtonpost.com,(203) 4764262,4/11/2024,Teacher
,e6c75256-da7e-4c36-b104-462c728c20b5,Evangelia,Spiring,Female,espiringj@sogou.com,(796) 5007220,1/14/2025,Desktop Support Technician
,33f16352-f808-42b9-8ad4-7db24e7d2e56,Yasmin,Corrin,Female,ycorrink@scribd.com,(923) 1947135,9/16/2024,Geological Engineer
,3dd62d15-841a-45d0-9200-b102f891c03e,Taber,Clifford,Male,tcliffordl@state.tx.us,(706) 8936772,6/27/2024,Occupational Therapist
,9e6d56cb-83ea-4ef4-9cd0-001ab6d83d6d,Harry,Albrighton,Male,halbrightonm@tuttocitta.it,(207) 9018953,8/26/2024,Actuary
,e8da77e5-e4b1-4e7e-9dc4-21205bfffe57,Clare,Antcliffe,Male,cantcliffen@bluehost.com,(139) 7795586,3/2/2025,Environmental Specialist
,26f01c44-b5e9-4230-aa46-e8e23731d0c6,Freddie,Addison,Male,faddisono@zimbio.com,(886) 2384772,12/11/2024,Account Coordinator
,9ebce666-b378-4f5a-bdda-edb488ac2bed,Bennett,Di Lucia,Male,bdiluciap@wordpress.org,(167) 2470022,5/11/2024,GIS Technical Architect
,f8a0948a-64c6-48d3-a1bf-e0379de09617,Packston,Meneyer,Male,pmeneyerq@arstechnica.com,(247) 5659982,8/1/2024,Software Consultant
,ea0ae073-cd60-4f5c-98f5-5a533a9c4ed8,Leta,Yellowlees,Female,lyellowleesr@mysql.com,(604) 3719694,9/17/2024,Quality Engineer
,e12a824b-0f2c-4160-8935-55102c590921,Fiona,Schiersch,Female,fschierschs@businesswire.com,(619) 7226123,12/6/2024,Research Nurse
,17179278-122b-4b07-818d-708f89b72693,Pennie,Burrow,Male,pburrowt@dedecms.com,(133) 3848990,4/21/2024,Tax Accountant
,bd944271-43c8-431e-9ded-50a6c48a7222,Ferdinande,Broadbury,Female,fbroadburyu@cnn.com,(460) 6274920,8/23/2024,Legal Assistant
,c861a420-1933-4e40-82b5-69b5bdedec8a,Addie,McKevany,Male,amckevanyv@vistaprint.com,(104) 1368672,11/21/2024,Pharmacist
,82c2deb4-8b89-4dc6-8286-c422152f1fb3,Georgi,Steward,Male,gstewardw@latimes.com,(819) 3072888,2/5/2025,Media Manager IV
,e560b7b7-2da4-46f9-b8d1-b2725cae20a2,Ashlen,Olkowicz,Female,aolkowiczx@symantec.com,(312) 5363143,2/4/2025,Senior Financial Analyst
,cd2a280f-5b4c-4df0-809b-a449150613b0,Linet,Goman,Female,lgomany@theglobeandmail.com,(119) 6873248,5/7/2024,Tax Accountant
,8e364a61-95b7-461d-8b66-0baf91ccd287,June,Martinolli,Female,jmartinolliz@elpais.com,(891) 8013553,5/15/2024,Design Engineer
,de7370bb-18a4-41cc-bd9f-c505df14032d,Humphrey,Aspel,Male,haspel10@seesaa.net,(558) 4546843,10/16/2024,Accountant II
,1071643e-4606-40f0-9fdb-73aea52c7e14,Barton,Kiellor,Male,bkiellor11@globo.com,(464) 1801004,5/13/2024,Senior Quality Engineer
,aa4ec0d2-aa26-4264-b417-84e475666267,Mallissa,Bysshe,Female,mbysshe12@devhub.com,(866) 8077263,4/12/2024,Civil Engineer
,91ca0c12-b64e-4ff9-b564-b7a595a1b90a,Marj,Rapier,Female,mrapier13@lycos.com,(274) 2022624,12/5/2024,Health Coach II
,07960bc5-609f-4239-9e75-d7bcee9ffb73,Sayre,Hollebon,Male,shollebon14@deliciousdays.com,(151) 1464493,8/4/2024,Accounting Assistant I
,45a792f8-b7ee-4458-b53e-1796c07a29d0,Derron,Kerkham,Male,dkerkham15@slashdot.org,(127) 7177373,4/16/2024,Help Desk Operator
,8f4463cd-0f17-49ca-bfe9-985cc744167c,Thornton,Brandom,Male,tbrandom16@bravesites.com,(853) 6570452,3/24/2024,Legal Assistant
,c61f8739-7ca8-474c-a57d-2278a1ddef75,Dede,Mulqueen,Female,dmulqueen17@sina.com.cn,(616) 7427864,8/11/2024,Account Coordinator
,bf4cdbab-a613-4701-8dd7-e9347867238b,Malissa,Fearenside,Female,mfearenside18@aol.com,(295) 1423962,8/29/2024,Structural Engineer
,c01c3212-d8d9-4447-bfa1-30509b959338,Laure,Tydd,Female,ltydd19@timesonline.co.uk,(269) 7999095,10/20/2024,Statistician I
,eb0503ab-c648-4555-b06e-06205d1ee869,Bamby,Treker,Female,btreker1a@utexas.edu,(254) 4007144,5/17/2024,Database Administrator I
,0b041ed9-0910-4e22-89ef-b8928e4021df,Shell,Whopples,Male,swhopples1b@engadget.com,(840) 9793361,1/17/2025,Technical Writer
,5142f577-3bda-4c4f-bb84-73af40483343,Katerine,Scarrott,Female,kscarrott1c@reddit.com,(902) 5284646,4/28/2024,Dental Hygienist
,f80883ce-907c-4299-a272-8029c0875b41,Beckie,Asson,Female,basson1d@sciencedaily.com,(436) 2691561,12/4/2024,Web Designer IV
,4b13ef4a-25ed-48c0-a5b6-4f21233016b8,Annabell,Burkett,Female,aburkett1e@cbsnews.com,(107) 8920243,8/1/2024,Project Manager
,d1792d14-9676-4066-a6ea-34462288db82,Orland,Carling,Male,ocarling1f@patch.com,(771) 6186767,3/23/2024,Structural Analysis Engineer
,eda0830e-ce14-4845-8782-088f1886ff60,Maryrose,Cradey,Female,mcradey1g@4shared.com,(795) 8521981,3/31/2024,Human Resources Manager
,9570f19b-df0d-402f-9e48-53a7ad191d5d,Barnard,Begley,Male,bbegley1h@wikispaces.com,(557) 6843968,8/21/2024,Research Associate
,801d4c55-ad77-40b6-a94d-3e209acf5510,Lorri,Gentiry,Female,lgentiry1i@bigcartel.com,(658) 9207728,9/29/2024,Administrative Assistant III
,6608b669-9350-4e63-b556-d4e9b44aca69,Rikki,Le Claire,Female,rleclaire1j@scientificamerican.com,(963) 6615299,12/29/2024,Occupational Therapist
,b12dae60-f984-4a7b-af42-3e4923d86768,Liz,Daniaud,Female,ldaniaud1k@who.int,(389) 9977608,2/14/2025,Cost Accountant
,b7d5378b-6ed3-4e8f-bc69-db545f31ee61,Quintina,Ambage,Female,qambage1l@goo.ne.jp,(181) 8352966,1/21/2025,Office Assistant II
,46b050f7-e5f3-4b0e-86cf-10c652e00a82,Nate,Whitnell,Genderqueer,nwhitnell1m@baidu.com,(540) 7671087,8/20/2024,Computer Systems Analyst IV
,0314f40e-bbc3-45a9-a866-f8d4fe463248,Sharron,Hann,Female,shann1n@fc2.com,(646) 9403578,11/17/2024,Librarian
,1d559ba6-73d2-48d4-b242-1fc828b3267f,Amanda,Zoanetti,Female,azoanetti1o@dell.com,(597) 2818665,10/27/2024,Environmental Tech
,68e9c799-3e39-4820-82c2-3e88991e87f1,Anson,Thorius,Male,athorius1p@jalbum.net,(819) 3698324,4/20/2024,Staff Scientist
,b98d804a-fe9c-4a1f-a798-932ca997160e,Maxim,Hundley,Male,mhundley1q@goo.ne.jp,(184) 9113163,3/24/2024,Analog Circuit Design manager
,31048e78-8b97-4910-a153-4081ca5ea72f,Ninnette,Da Costa,Female,ndacosta1r@alibaba.com,(694) 2152796,8/7/2024,Media Manager I
,3f5c7a32-76d4-43d8-8d4a-0ca41701326f,Robbin,McMurty,Female,rmcmurty1s@geocities.com,(466) 2324999,10/19/2024,Legal Assistant
,ebdab939-01c6-4be8-b753-43cb77454fe9,Minerva,Tavinor,Female,mtavinor1t@cnet.com,(604) 1176022,9/6/2024,Office Assistant II
,8a8682a3-be5b-48f8-a31a-8d40e313a3c3,Jabez,Abrahamoff,Male,jabrahamoff1u@google.com,(528) 5297201,12/2/2024,Marketing Manager
,365452f3-5997-438c-8729-6a710192e563,Rozelle,Quincee,Female,rquincee1v@creativecommons.org,(703) 3442964,3/21/2024,Assistant Professor
,9c779269-c713-4c9f-97ca-a8b90231f865,Marylee,Lovett,Female,mlovett1w@phpbb.com,(594) 9306619,9/28/2024,VP Quality Control
,951925e8-56c5-4889-88f3-3cd2dd22d84b,Ellette,Hawley,Female,ehawley1x@netlog.com,(252) 4717695,8/29/2024,Safety Technician III
,09049880-2db3-40e6-b3a8-f920787c22ff,Mina,Scarf,Female,mscarf1y@t-online.de,(820) 4609082,11/7/2024,Project Manager
,86e536cb-429f-4720-a230-3885c3dc9d6f,Raphaela,Iliffe,Female,riliffe1z@lycos.com,(165) 2410427,1/19/2025,Actuary
,cde5abe4-ac2b-4e7c-a8be-054d91948446,Ewart,Peinton,Male,epeinton20@umn.edu,(778) 6065710,6/17/2024,Research Associate
,87367848-2d04-4fe8-8f5c-f413213302bd,Gibbie,Wilcocke,Male,gwilcocke21@ycombinator.com,(943) 2911241,6/28/2024,Account Coordinator
,65ef5322-1b0e-461f-9533-e4b0f10bc9f2,Hewe,Fadden,Male,hfadden22@reuters.com,(546) 5409253,8/8/2024,Health Coach IV
,edd9a225-d681-4e2b-b164-f53c5ca5c5fd,Elsey,Erington,Female,eerington23@cornell.edu,(665) 9700008,4/14/2024,Operator
,1fa1c166-8560-4889-a9e0-4c2e10def989,Mathilde,Downey,Female,mdowney24@arizona.edu,(840) 1403562,3/21/2024,Administrative Assistant III
,e6c30b7b-3480-4ea9-bafc-9f3b52efca86,Lilli,Charrett,Female,lcharrett25@howstuffworks.com,(613) 2992033,3/14/2025,Office Assistant IV
,3c39d3c7-66af-4645-b4ae-4ed2d939b73b,Sloan,Keilty,Male,skeilty26@boston.com,(807) 4928881,1/28/2025,Nurse
,fc3c36bb-e805-4f72-818d-1c7ddede865d,Laurella,Halmkin,Female,lhalmkin27@yolasite.com,(459) 8570816,4/15/2024,Research Associate
,166069b7-8071-4756-8fb2-30b99bd67b86,Basilio,Doughtery,Male,bdoughtery28@abc.net.au,(253) 8296459,9/14/2024,Geological Engineer
,261d9a1a-9ab1-4071-94a9-710151a0784b,Lori,Payle,Female,lpayle29@github.com,(576) 2581809,10/6/2024,Programmer Analyst I
,73ca54a7-33e0-49ff-90dd-39da2365086f,Alexine,Withinshaw,Female,awithinshaw2a@dedecms.com,(858) 3802459,10/10/2024,Recruiting Manager
,598b0877-c779-42c1-9160-eec9750d9e8a,Hildagard,Boyen,Female,hboyen2b@biblegateway.com,(530) 9219225,7/22/2024,Speech Pathologist
,a15f895e-6f52-4008-892c-d3b01fa035d6,Aryn,Poulsen,Female,apoulsen2c@nbcnews.com,(131) 8178864,6/16/2024,VP Marketing
,62d47e23-3de9-450e-b37a-c45331470fd4,Justin,Ber,Male,jber2d@youku.com,(135) 4298325,7/5/2024,Chemical Engineer
,02962801-4e47-421c-878a-bb61b23a4b8f,Lusa,Martinie,Female,lmartinie2e@qq.com,(266) 3240353,10/6/2024,Account Coordinator
,02ca0df9-9dbc-43bd-8b08-64ce3791a960,Jimmie,Dunn,Male,jdunn2f@chron.com,(578) 2848819,3/1/2025,Tax Accountant
,7f916e83-fa33-40b2-a779-cba851065851,Caz,Coulston,Male,ccoulston2g@furl.net,(153) 4893562,6/14/2024,Help Desk Operator
,4e7c84db-2f44-487f-8297-ae3926c2f9cd,Mabel,Wadly,Female,mwadly2h@intel.com,(420) 8281570,1/26/2025,Marketing Manager
,96556493-b927-4454-87df-fd520f3d31c2,Yolanthe,Kissell,Female,ykissell2i@live.com,(648) 4781436,9/22/2024,Food Chemist
,5ec46702-486e-4112-99c7-bf9faf17536b,Sarah,Gosney,Bigender,sgosney2j@alibaba.com,(898) 5271375,7/30/2024,Help Desk Technician
,37e21080-a0ed-4489-b4cc-0bf2594a6a4d,Patrizia,Weight,Female,pweight2k@theglobeandmail.com,(672) 9878933,5/13/2024,Desktop Support Technician
,d6a8d4a8-9ede-409c-8d03-966fa153e29e,Olive,Pikesley,Female,opikesley2l@bravesites.com,(201) 3010618,12/7/2024,Help Desk Technician
,0056b540-ba7c-4b52-b451-f728c4731559,Stacie,Robilliard,Female,srobilliard2m@squarespace.com,(197) 6231496,6/10/2024,Editor
,e5554149-23ea-43fb-a338-354ea1be99b0,Constancia,Basnett,Non-binary,cbasnett2n@biglobe.ne.jp,(770) 2345698,12/31/2024,Clinical Specialist
,4f33d784-75f6-4d80-9ea4-76edc2b95de8,Adolpho,Olohan,Male,aolohan2o@hubpages.com,(668) 1863735,10/4/2024,Information Systems Manager
,5c37d3b8-298d-4aa0-8d05-def254832630,Neel,Ransome,Genderfluid,nransome2p@yelp.com,(707) 4040302,2/7/2025,Associate Professor
,92c50a45-d032-48d6-9bd1-08e2ad929a81,Ulrick,Larder,Male,ularder2q@irs.gov,(876) 2526779,5/8/2024,Chemical Engineer
,e6020d49-7528-4536-9615-61e263007d46,Claudianus,Klimuk,Male,cklimuk2r@studiopress.com,(575) 5402980,2/18/2025,Web Designer III
,514fbae9-82b1-40b7-950a-eac0f4f43f03,Gaile,Ropars,Male,gropars2s@cyberchimps.com,(725) 9064926,3/11/2025,Nurse Practicioner
,e2c4aeb5-5985-44f7-85eb-0aa37bcf53c5,Wallie,Euston,Female,weuston2t@1und1.de,(374) 6002431,6/29/2024,Programmer Analyst I
,8cb81169-0d7f-49fc-aa15-472ec2083b8e,Heinrick,Southerell,Male,hsoutherell2u@weebly.com,(422) 1420815,9/5/2024,Structural Analysis Engineer
,4727c09a-91e1-4a46-b60c-8ae955da7178,Natalina,Havesides,Female,nhavesides2v@ask.com,(408) 3156935,5/12/2024,Data Coordinator
,5ffd3d93-58cf-4adb-82df-f15feceb1f1c,Raquel,MacIlhargy,Female,rmacilhargy2w@europa.eu,(901) 8462856,7/16/2024,Structural Analysis Engineer
,9804ba9b-af99-4ecd-922c-ff498e223df3,Fan,Giacomucci,Female,fgiacomucci2x@indiatimes.com,(391) 4381615,7/13/2024,Assistant Manager
,ee8e7564-34bc-4cce-8d3b-d114bc03d062,Lennie,Coneybeer,Male,lconeybeer2y@ca.gov,(283) 9859693,7/10/2024,Senior Sales Associate
,4dc0b370-08a0-4e2a-b96a-e61f5228a4e4,Prentice,Stallybrass,Male,pstallybrass2z@hao123.com,(113) 3475467,10/8/2024,Payment Adjustment Coordinator
,a9865e76-66bd-4b73-ae46-7fa8c3f43e74,Lilla,Chansonnau,Female,lchansonnau30@walmart.com,(508) 8193172,2/14/2025,Senior Sales Associate
,99205069-4d30-4e8c-9b4b-65174e314587,Rosalia,Agerskow,Female,ragerskow31@shinystat.com,(822) 8576717,6/24/2024,Senior Financial Analyst
,94214d17-4155-4900-9c20-e68df2a276ee,Claudianus,Kobisch,Male,ckobisch32@pinterest.com,(129) 8419711,2/13/2025,Geologist III
,f37fa59f-75fc-4d85-96f7-28072b2c9fce,Timoteo,Tooher,Male,ttooher33@illinois.edu,(726) 6018289,7/13/2024,Staff Accountant II
,d8fdf212-db3b-4f6d-9f91-d9b67a659404,Happy,Killelay,Female,hkillelay34@constantcontact.com,(325) 5418405,10/6/2024,Account Coordinator
,4a5635c0-a4bb-4385-b4dc-c5ae1ff73afb,Jacqueline,Robberts,Female,jrobberts35@taobao.com,(506) 5329110,5/24/2024,Staff Accountant I
,80de5f7c-a34c-42ff-8924-a1b4294cbb54,Myrwyn,Timlett,Bigender,mtimlett36@infoseek.co.jp,(739) 5824127,6/20/2024,Assistant Media Planner
,6146c8b5-d156-4c9f-a8bc-3f9683e17ff9,Grier,Baron,Female,gbaron37@gov.uk,(982) 5784935,5/31/2024,Research Assistant I
,d89aae0c-aa32-4c61-958f-ef12bcfe53f6,Wandis,Emmett,Female,wemmett38@theglobeandmail.com,(159) 9639092,10/13/2024,Developer II
,96adf6c0-a409-47c7-8f45-609f7dc5821f,Gran,Shuxsmith,Male,gshuxsmith39@comsenz.com,(420) 3656623,4/4/2024,Cost Accountant
,3f0e35be-b78d-40dc-926e-07ea43d36831,Ibbie,Kunzler,Female,ikunzler3a@goodreads.com,(652) 2107012,8/1/2024,Director of Sales
,e4cae434-8e98-4404-ad53-8adbdc22b243,Ange,Fernan,Polygender,afernan3b@com.com,(220) 9414908,2/20/2025,Analog Circuit Design manager
,23a58fec-e56b-4901-b0df-9c6c16dc7a20,Dacia,Chadwick,Female,dchadwick3c@simplemachines.org,(517) 2471178,11/13/2024,VP Product Management
,d3842f8b-dd9b-4b14-b108-63229ab902c0,Forrester,Dunsmuir,Male,fdunsmuir3d@foxnews.com,(916) 1264166,11/7/2024,Environmental Specialist
,7c6fe711-29af-49bd-bae2-6bfc58ecba05,Viviyan,Orniz,Female,vorniz3e@smh.com.au,(913) 6696469,4/11/2024,Project Manager
,29d41f15-8155-4fdb-8efa-a350fa8a7a4c,Clare,Menezes,Male,cmenezes3f@nih.gov,(772) 6912912,7/18/2024,Human Resources Assistant II
,cb2a2987-0a07-4d06-b349-2bb08e2a62c8,Bondie,Chevers,Male,bchevers3g@nymag.com,(951) 2663186,1/9/2025,Assistant Manager
,1a7e8351-d977-418b-8444-86f79b8cc28c,Joyous,Navarijo,Female,jnavarijo3h@blogspot.com,(841) 5890609,6/11/2024,Sales Associate
,9ef07406-3837-4220-821f-679168821a9b,Octavius,Vazquez,Genderfluid,ovazquez3i@hugedomains.com,(803) 7332435,10/30/2024,GIS Technical Architect
,1c7ea141-14ce-4fa8-bbb4-efd8a5359c74,Gwenette,Friett,Female,gfriett3j@theguardian.com,(668) 9331207,3/8/2025,Chemical Engineer
,f8372f52-fac6-4f0a-9036-291313c0514b,Sollie,Stockney,Male,sstockney3k@jimdo.com,(531) 9586965,9/13/2024,Environmental Tech
,92739c8a-fdd0-42aa-a6de-905a8993beca,Dael,Fulkes,Male,dfulkes3l@jugem.jp,(591) 1998515,6/14/2024,Compensation Analyst
,5020142b-1a92-4606-b887-00bb5e92e4fc,Denni,Sussams,Female,dsussams3m@elpais.com,(909) 1772450,1/16/2025,Tax Accountant
,93bfcf31-c52e-44d1-9290-2c8e32d99b70,Gale,Kingston,Female,gkingston3n@posterous.com,(462) 9834694,1/11/2025,Assistant Manager
,8c8096b8-02f9-46dd-8087-42b92ea70e9f,Sherline,Stoak,Female,sstoak3o@1688.com,(881) 8305687,8/29/2024,Quality Engineer
,244aa054-5c49-4d81-b367-c5ab4e894ba0,Matilda,Lanktree,Genderqueer,mlanktree3p@domainmarket.com,(997) 5096560,9/27/2024,Nurse
,9ba07298-30b0-483a-b648-28dc347ff22b,Gwenore,Quadri,Bigender,gquadri3q@reverbnation.com,(490) 7059533,4/17/2024,Compensation Analyst
,67058fc4-a05e-488c-8ed2-03fd59a60b0e,Illa,McConigal,Female,imcconigal3r@qq.com,(404) 3120092,11/18/2024,Nurse
,1c6825ae-d37e-4423-9321-1f90b795fcfb,Timoteo,Bendin,Male,tbendin3s@java.com,(403) 9160458,12/4/2024,Media Manager II
,efec39d0-b46e-43b8-9f72-b8356bf4ffd9,Margaretta,Joliffe,Bigender,mjoliffe3t@tmall.com,(126) 2456050,8/28/2024,Safety Technician II
,f9ea28fe-2ff8-410f-8a12-8e47bf9c125c,Rurik,Fayerbrother,Male,rfayerbrother3u@t.co,(815) 7354002,3/16/2024,Mechanical Systems Engineer
,ca54957d-d39a-4a7c-aa00-f0adc496a246,Eduino,Cosham,Male,ecosham3v@china.com.cn,(149) 8117711,1/12/2025,Marketing Assistant
,697af182-74ba-427b-8047-bd2928572b54,Rutledge,Pooley,Male,rpooley3w@tamu.edu,(594) 1808949,12/24/2024,Analyst Programmer
,aa6293c5-e994-492a-95db-6a26a7a6c822,Denny,Wanless,Female,dwanless3x@prlog.org,(776) 2022629,3/11/2025,Speech Pathologist
,1f3fe491-02c4-448f-aee4-077c60a17fe8,Cherey,Lau,Female,clau3y@businessinsider.com,(534) 8291089,7/8/2024,VP Marketing
,fc93c960-bd41-468e-a542-52e9d56469ce,Rozalie,Clearley,Genderqueer,rclearley3z@de.vu,(873) 9014728,5/15/2024,Assistant Manager
,3f8a1cec-d0c0-4f10-be9d-6b0b4caaa072,Verne,Mullaly,Male,vmullaly40@amazonaws.com,(350) 3388947,12/4/2024,Analyst Programmer
,b3c22b35-c2f5-4658-af49-35c3b91a518b,Babara,Kembery,Female,bkembery41@zdnet.com,(278) 6154235,7/11/2024,Media Manager IV
,d41aba4c-58e8-4d89-b465-08534fd8117d,Hamnet,Jerrolt,Male,hjerrolt42@un.org,(868) 1986900,2/13/2025,Tax Accountant
,020b001d-15c3-4073-b152-9d27bc18e9ef,Lonee,Mauro,Female,lmauro43@desdev.cn,(295) 8086363,4/26/2024,Quality Control Specialist
,fbc78ec9-681d-43eb-810c-d83d5ff8ca0b,Adan,Pottiphar,Male,apottiphar44@quantcast.com,(423) 1698673,10/28/2024,Budget/Accounting Analyst I
,65ce09a2-ef8e-4bf6-8e89-7d77fc9f1f5e,Cordie,Neville,Female,cneville45@g.co,(428) 9539100,12/24/2024,VP Accounting
,0d00adec-ffc7-490e-a2f1-40efd9d77c3b,Callie,Wreath,Female,cwreath46@forbes.com,(909) 3016281,4/18/2024,Nurse Practicioner
,b9a85a78-ef00-4fad-88be-16b49d6fdfd7,Caye,Newcombe,Female,cnewcombe47@mediafire.com,(395) 5983319,9/30/2024,Programmer Analyst IV
,207b4158-5c4d-4b81-9582-6abd5bab015e,Caralie,Lates,Female,clates48@themeforest.net,(929) 6317456,5/22/2024,Programmer Analyst IV
,c20c1bee-4030-43e2-8976-197b3256e20c,Chickie,Drakard,Female,cdrakard49@deliciousdays.com,(203) 5071938,5/29/2024,Payment Adjustment Coordinator
,5c163f98-8456-4c62-949d-37810509ab25,Ardeen,Ossulton,Female,aossulton4a@ocn.ne.jp,(103) 4499584,3/20/2024,Cost Accountant
,91a3cfb7-7b09-4922-b805-c21add91a023,Fionna,Edworthie,Female,fedworthie4b@issuu.com,(591) 6842063,10/3/2024,Web Developer II
,ecff04d8-5c22-47b8-90b2-e7b31aa3863c,Clarabelle,Ormston,Female,cormston4c@wp.com,(482) 6355030,6/6/2024,Nurse
,368da5ab-0543-4701-b480-27d935655c65,Conant,Culpin,Male,cculpin4d@hc360.com,(120) 9831746,1/20/2025,Quality Engineer
,752b9456-0bb5-4151-a748-0a9c3b157a4f,Mela,Kinde,Female,mkinde4e@stumbleupon.com,(114) 7913625,7/2/2024,Systems Administrator IV
,0b2eb72c-042e-40bb-93a8-cdb620759cb9,Bellanca,Turneux,Female,bturneux4f@gov.uk,(493) 5011400,12/10/2024,Information Systems Manager
,a2e175f5-9dc1-4b11-bc87-bfb15fbf8e9f,Boyd,Crippen,Male,bcrippen4g@fda.gov,(293) 7524991,12/26/2024,Accountant II
,bc579181-d3c5-4162-af28-7c2d46561703,Vinni,Smalley,Female,vsmalley4h@baidu.com,(741) 3120233,5/8/2024,Environmental Specialist
,2670357e-1a3f-4dcb-915e-f11c40e3da1a,Orion,Sharrard,Male,osharrard4i@aol.com,(561) 6022589,4/26/2024,Senior Financial Analyst
,c6a697d4-cb49-48af-a5b7-6180848ce2f2,Bernita,Widocks,Female,bwidocks4j@nps.gov,(344) 7333973,7/28/2024,Registered Nurse
,55f0c52b-9f63-44e5-9c56-297456c524d7,Raquela,Rankin,Female,rrankin4k@howstuffworks.com,(855) 3437674,3/11/2025,Community Outreach Specialist
,33c13a16-88e9-4012-82e1-d5318e34bfbb,Hugues,Cainey,Male,hcainey4l@wikipedia.org,(908) 9817480,4/12/2024,Systems Administrator I
,2022db1e-e3e4-4515-ba6a-451664c89cc8,Kendal,Grushin,Male,kgrushin4m@uol.com.br,(914) 3048855,5/30/2024,Operator
,963cc2a1-52cc-446e-a0ba-25babdbae8fe,Danna,Beden,Bigender,dbeden4n@admin.ch,(929) 8516117,8/23/2024,Physical Therapy Assistant
,975286b3-607f-4f75-b590-3d8c7d563dcc,Humfried,Poxson,Agender,hpoxson4o@wired.com,(334) 9136667,10/2/2024,General Manager
,9a3cddee-b169-4373-bdc2-9511d1512d45,Donnajean,D'Cruze,Female,ddcruze4p@ucoz.ru,(120) 6500907,11/20/2024,Account Representative IV
,fe448c11-8c37-4d5b-bfe5-840c043564bc,Aida,Shearmur,Female,ashearmur4q@netvibes.com,(222) 9144749,4/14/2024,Cost Accountant
,4043cf7d-db40-4438-a3ad-c1bc41bb6892,Chastity,Attersoll,Female,cattersoll4r@mozilla.com,(110) 1883744,5/2/2024,Computer Systems Analyst II
,a3cc68fa-aee0-4fb9-bd57-bbc9ec60e33b,Merrili,Scandroot,Female,mscandroot4s@uiuc.edu,(671) 6298922,8/30/2024,Information Systems Manager
,ae8eabc3-f654-436d-b483-abc9094732ae,Ofelia,Faltin,Female,ofaltin4t@answers.com,(479) 2472133,10/25/2024,Librarian
,c230982e-6cab-4e30-9b0c-3467b4457e16,Michel,Marfell,Female,mmarfell4u@mit.edu,(597) 6687346,12/20/2024,Dental Hygienist
,6220c5f1-1968-4505-ba99-54564734332c,Caty,Sidary,Female,csidary4v@rakuten.co.jp,(676) 3281071,6/5/2024,Assistant Media Planner
,e7b339fc-c762-439a-890f-a5d3727ef412,Maxim,Derl,Male,mderl4w@java.com,(976) 6858562,6/2/2024,Administrative Officer
,b3688d96-8206-4d26-8182-70667e15023f,Domingo,Loble,Male,dloble4x@stumbleupon.com,(119) 3740993,3/27/2024,Legal Assistant
,45761538-eff4-4b73-896b-087999b64f84,Clarine,Schnitter,Female,cschnitter4y@eventbrite.com,(987) 1001851,12/20/2024,Financial Analyst
,35d34772-43f0-41aa-8e1e-b9f11d08b3bd,Scotti,Gusticke,Male,sgusticke4z@pinterest.com,(723) 8296523,4/14/2024,Administrative Officer
,2b54fe07-ca86-43ab-a4f2-80ae94ea92ea,Basil,Steagall,Male,bsteagall50@aol.com,(724) 2069666,2/16/2025,Director of Sales
,96a95a17-7407-4e54-9608-211cf6565cfc,Udall,Stenbridge,Male,ustenbridge51@multiply.com,(360) 5302519,11/8/2024,Professor
,4727bdb3-bd96-4f04-8f4f-a7ecc35cc4aa,Dorothee,Brauns,Female,dbrauns52@npr.org,(481) 6654103,10/2/2024,Assistant Professor
,dfea3f39-2f42-4fc9-877e-fc795e1e8355,Modestia,Kemble,Female,mkemble53@europa.eu,(652) 4785752,10/3/2024,VP Product Management
,192918c0-3acf-4786-a60a-754b899a43b9,Aloisia,Roy,Female,aroy54@tmall.com,(686) 3108225,8/11/2024,Internal Auditor
,3f556965-bb18-4719-ac9f-6f5eb24940fa,Granthem,Aubury,Male,gaubury55@slate.com,(405) 7170182,5/24/2024,Professor
,893587f5-42eb-4b8c-b1c3-ca58c7191c56,Sherri,Tedder,Female,stedder56@ehow.com,(331) 1157569,2/23/2025,Administrative Assistant III
,863be43c-1cad-427a-b09d-61748897a207,Jonie,Shevill,Female,jshevill57@opera.com,(624) 3196165,4/21/2024,Registered Nurse
,dc5b61d0-a1b2-458b-a137-268fa9cb3e12,Bernardina,Coulson,Female,bcoulson58@java.com,(804) 1049010,5/2/2024,Help Desk Technician
,9a12afa4-6772-4b72-9992-f64d08131c4b,Bunni,Ephson,Female,bephson59@hibu.com,(165) 3183348,10/2/2024,Developer II
,57c667e0-d891-4afe-96cd-5edbfe7dacb7,Randy,Snazle,Male,rsnazle5a@creativecommons.org,(245) 5650968,4/5/2024,Programmer I
,f009ac4b-5ad3-485f-a9be-7b90d39ec3f5,Mathias,Gude,Male,mgude5b@dailymotion.com,(363) 2292724,4/30/2024,Design Engineer
,c06d1aa8-abdc-4aca-ab59-6c193c1dbb86,Clio,Berthod,Female,cberthod5c@tiny.cc,(579) 6775107,2/8/2025,Business Systems Development Analyst
,93cfcbe0-8081-40bb-a739-55784450ce25,Noah,Randales,Male,nrandales5d@nytimes.com,(573) 1421754,4/15/2024,Marketing Assistant
,040732b4-f601-49a0-82b0-f6c4ab0a8fb9,Robinet,Venturoli,Male,rventuroli5e@joomla.org,(583) 5925263,6/7/2024,Chemical Engineer
,78c59dc8-67b3-48e1-8aac-0e0b328407af,Teodor,Spatoni,Male,tspatoni5f@mediafire.com,(650) 2906105,1/15/2025,Technical Writer
,3bafe8da-f7d1-4e05-9515-4f9369058adb,Glori,Schusterl,Bigender,gschusterl5g@fema.gov,(556) 1094528,10/24/2024,Librarian
,3f2bb773-910c-49be-873b-60ad6f410b07,Joanne,McCorry,Agender,jmccorry5h@sitemeter.com,(398) 7355161,1/22/2025,Marketing Assistant
,53d97b64-6c49-4cd2-9c89-55494d71b217,Cy,Cadge,Male,ccadge5i@github.com,(550) 1519533,9/22/2024,Systems Administrator I
,cdb93f4f-a727-4fcd-a6e6-f4847feb7dde,Vachel,Frankish,Genderqueer,vfrankish5j@ed.gov,(334) 3909546,5/20/2024,VP Marketing
,21408581-dc4b-4175-a5f9-60fd9f6f5563,Daniele,Shimwell,Female,dshimwell5k@twitpic.com,(850) 2448680,5/14/2024,Information Systems Manager
,0fbe5904-fd81-4929-88d0-d3a1c215c5ec,Fannie,Perrett,Female,fperrett5l@cnn.com,(875) 4696370,8/7/2024,VP Accounting
,992905d2-069c-443b-824a-91e6b17352a1,Sean,Brasted,Male,sbrasted5m@uol.com.br,(966) 8485481,7/25/2024,Recruiting Manager
,ea1b48db-b07f-4e7d-98be-cae27d62daca,Zarah,MacCrackan,Female,zmaccrackan5n@constantcontact.com,(363) 6558498,5/8/2024,Executive Secretary
,2df08ebb-3b85-441b-98f0-4bd3778d0f05,Robin,Stovell,Agender,rstovell5o@admin.ch,(549) 6008783,5/25/2024,Senior Quality Engineer
,c665330a-11c1-4ac3-b4b9-9306deb903f2,Heall,Heinritz,Male,hheinritz5p@census.gov,(134) 3199066,6/5/2024,Recruiter
,1e25b3bb-ac16-45c9-a387-4f8b98011d0c,Davin,Cisland,Male,dcisland5q@discuz.net,(756) 3021519,12/17/2024,Health Coach II
,294a172c-1d47-45bd-96a5-024ae04efbf6,Alena,Alti,Female,aalti5r@bluehost.com,(983) 7201256,7/28/2024,Administrative Officer
,f716e6db-3a82-4540-9fed-c4100002ee1f,Rubina,Gresly,Female,rgresly5s@t-online.de,(700) 5719288,5/9/2024,Clinical Specialist
,8ebf1d6b-1d18-4b03-9eab-856e989a5ffe,Bella,Emblow,Genderqueer,bemblow5t@xrea.com,(575) 5090200,11/20/2024,Payment Adjustment Coordinator
,56f309b6-ba85-4be8-8ccf-114bbad7d505,Erma,Oury,Female,eoury5u@altervista.org,(930) 1174192,7/20/2024,Analog Circuit Design manager
,a558bf9a-5200-4c31-88b4-e49901ffd99c,Hetti,Fernihough,Female,hfernihough5v@mac.com,(907) 1282079,7/23/2024,Desktop Support Technician
,a833a04a-d6cb-4da9-a927-c79874124c68,Caren,McGillicuddy,Female,cmcgillicuddy5w@topsy.com,(190) 5227706,4/11/2024,Geological Engineer
,7bfece3c-7047-4ab6-88d7-c8c4eaea6129,Marijo,Parnham,Female,mparnham5x@theglobeandmail.com,(398) 1271176,3/9/2025,Health Coach I
,6e64208b-08f1-4fe6-80d3-25eb7b8cd8c1,Jasper,Kupisz,Male,jkupisz5y@nytimes.com,(592) 7682851,7/29/2024,Financial Advisor
,32c3bf70-f391-45ae-aa7c-9781decf5d01,Cornie,Bosket,Genderfluid,cbosket5z@list-manage.com,(396) 6822493,1/14/2025,Paralegal
,ac18238c-77f5-422b-b064-dd20b01a9368,Tobit,Brisse,Male,tbrisse60@360.cn,(516) 2252891,10/22/2024,Biostatistician IV
,ddf77ea8-1448-41b5-a19b-01b1c901e128,Alic,Arch,Male,aarch61@umich.edu,(988) 6660716,5/7/2024,Senior Sales Associate
,c004599c-214d-4611-a703-484bd8306fb9,Rowe,Kyberd,Female,rkyberd62@canalblog.com,(180) 4939620,4/7/2024,Speech Pathologist
,d8d7f0cd-dc99-4274-aed3-71f27523b18a,Friedrich,Birchner,Male,fbirchner63@craigslist.org,(448) 1303113,3/11/2025,Speech Pathologist
,646dc44f-3842-461f-b78c-7c4bdddb79c6,Keefer,Coatman,Male,kcoatman64@oaic.gov.au,(211) 7773644,1/18/2025,Nurse
,b992a542-8750-4fb6-8641-12a9dfaa88ea,Northrop,Carpe,Male,ncarpe65@sphinn.com,(211) 1264518,11/22/2024,Account Coordinator
,1a974857-13ae-46a6-b691-33e72c9219cb,Ambrosi,Stitch,Male,astitch66@wufoo.com,(399) 2220177,7/16/2024,Community Outreach Specialist
,4d4c7e85-78a6-4aa6-87a8-ca00d296e9de,Dona,Van Waadenburg,Female,dvanwaadenburg67@icq.com,(487) 2516952,4/26/2024,Legal Assistant
,c9b34c3f-ccff-452a-b5a0-458700f8d737,Birch,Jewks,Male,bjewks68@ezinearticles.com,(988) 1986073,8/18/2024,Information Systems Manager
,65bf4b08-fe18-4949-bc6f-effe8d02c6a0,Celie,McIlvenny,Female,cmcilvenny69@printfriendly.com,(467) 9118788,5/4/2024,Editor
,f75f148d-d154-4f60-99b0-da70c9bc4425,Byran,Malling,Male,bmalling6a@dedecms.com,(157) 2133100,12/22/2024,Actuary
,f1a28736-f168-479b-9c0f-4971c9ed57cc,Leeann,Phateplace,Female,lphateplace6b@webeden.co.uk,(555) 8708498,10/12/2024,Director of Sales
,b63140ef-59a3-4273-bd87-a5af5acb87d7,Arlina,Gotts,Female,agotts6c@bravesites.com,(938) 8564313,6/16/2024,Technical Writer
,7c8696fd-8573-4cfe-83b2-e79b21a65266,Mallory,Braney,Female,mbraney6d@weebly.com,(854) 1739755,9/15/2024,Information Systems Manager
,d8837512-e14f-42ad-86a7-b5f2dc70fc99,Alexandra,Pentycross,Female,apentycross6e@yahoo.co.jp,(871) 4855633,5/6/2024,Quality Control Specialist
,9ebd42bb-de94-447b-8555-6a7ad93f7b97,Dennie,Anstis,Female,danstis6f@newsvine.com,(291) 9312447,1/4/2025,Safety Technician I
,3d697e8d-c432-42ff-ba3c-c129ab52bb0e,Maegan,Frankes,Female,mfrankes6g@mozilla.org,(262) 7917790,1/3/2025,Programmer Analyst III
,d69903fd-1558-4299-b64d-eb14069112b5,Wally,Vlasyev,Male,wvlasyev6h@bizjournals.com,(156) 4105579,11/10/2024,Sales Representative
,d9d9328a-fff0-49a1-9aca-07796a7d1ae4,Konrad,Dahlborg,Male,kdahlborg6i@comsenz.com,(374) 9231951,11/6/2024,Senior Financial Analyst
,f4c7bb5a-4e55-48a6-a875-fcb5bd1f0a48,Orly,Figliovanni,Female,ofigliovanni6j@google.ru,(654) 5102868,4/24/2024,Help Desk Technician
,56a820da-6cbd-4e77-8fd7-7d97d73b5759,Vince,Bewfield,Male,vbewfield6k@goo.gl,(343) 6053886,4/4/2024,Cost Accountant
,b9d9dfcf-72b9-42a4-8325-9bb57d380d0d,Iolanthe,Tann,Female,itann6l@shareasale.com,(860) 5692405,2/4/2025,Chemical Engineer
,37aa32c9-97c0-4eba-8973-2a6741c02de0,Kaile,Dackombe,Female,kdackombe6m@wisc.edu,(161) 1465426,7/5/2024,GIS Technical Architect
,7c709f11-4959-4773-bd8c-d2fc9eca3a00,Sebastian,Yerill,Male,syerill6n@youku.com,(234) 5379985,12/30/2024,Research Assistant I
,e0591ba2-7697-46f0-888d-9db35c8e9113,Sherlocke,Gawen,Male,sgawen6o@mediafire.com,(828) 6335729,8/9/2024,GIS Technical Architect
,5cb93800-01a6-46bf-8d03-faa7f837e7b6,Edin,Nias,Female,enias6p@timesonline.co.uk,(856) 5082284,5/19/2024,Director of Sales
,c49d8f52-d55f-44e8-86b1-8f5bf0a0a452,Karmen,Rowlings,Female,krowlings6q@cpanel.net,(145) 8108892,10/18/2024,Librarian
,52be3941-a993-411c-9155-41241f9bd86b,Sonja,Hastings,Female,shastings6r@ning.com,(979) 3291564,12/23/2024,Software Engineer I
,ba8217b3-8a3b-422d-8fc8-c577dc89b2fc,Marietta,Hammerson,Female,mhammerson6s@theglobeandmail.com,(128) 6222680,12/24/2024,Health Coach III
,4267e417-554c-4881-a6a0-a224835eda62,Ernst,Swinney,Male,eswinney6t@jalbum.net,(547) 8040781,10/14/2024,Dental Hygienist
,a58bfc98-aeca-4b45-9616-d0a5ebd197f7,Twyla,Agney,Female,tagney6u@mapy.cz,(493) 6119878,4/4/2024,Engineer II
,09462286-859d-43b2-95ca-d7bde6017695,Asa,Matthis,Male,amatthis6v@myspace.com,(230) 7250322,9/9/2024,Internal Auditor
,ae599f3a-7f87-445d-a363-116f6a778a65,Hansiain,Crooke,Male,hcrooke6w@japanpost.jp,(295) 7198728,10/21/2024,Chief Design Engineer
,6fe64c70-a2ff-49a9-9ae0-a31fa70ff418,Stan,Glasbey,Male,sglasbey6x@macromedia.com,(163) 4421812,7/14/2024,Recruiter
,ba46a925-d227-4ab3-bed7-fff87f496db9,Essy,Pellamont,Female,epellamont6y@skype.com,(499) 3551250,1/14/2025,Assistant Media Planner
,a8318f81-2454-42d1-9a45-34dc831787ac,Harrie,Flew,Female,hflew6z@icq.com,(972) 5588746,11/21/2024,Food Chemist
,f85784eb-663f-44a5-a271-48037914f860,Jess,Whellans,Male,jwhellans70@hao123.com,(804) 2834429,2/20/2025,Dental Hygienist
,51892ad6-090b-4973-8c55-07beed11c18e,Chiarra,Placide,Female,cplacide71@accuweather.com,(420) 7164138,10/29/2024,Information Systems Manager
,c7e95d8f-a42d-41fc-861c-ed66ee6ab6f2,Thurstan,Mibourne,Male,tmibourne72@dyndns.org,(489) 3756460,2/13/2025,Software Consultant
,ae863e28-7e6a-4aa8-a51a-9730b6b2a49d,Asher,Gregore,Male,agregore73@army.mil,(588) 4957730,9/9/2024,Professor
,6e76ace0-13df-432d-acfe-201e93206698,Oralee,Pedrol,Female,opedrol74@rambler.ru,(620) 3981625,10/17/2024,Speech Pathologist
,aa23eccf-9ac7-4cb9-8b92-85adc46c2d09,Jacqui,Ells,Female,jells75@mysql.com,(984) 9999825,3/6/2025,Paralegal
,f536e66b-9952-4cb1-8b69-41024389e36c,Hamil,Hamberstone,Male,hhamberstone76@unesco.org,(797) 7309294,2/23/2025,Recruiter
,3bb069b1-1c24-4b0e-93a7-e4af108f32ff,Ricky,Patkin,Male,rpatkin77@posterous.com,(808) 8282145,6/26/2024,Human Resources Manager
,3b017ad2-96bb-49bf-bfa0-55f22627e9fc,Vittoria,Urpeth,Female,vurpeth78@fema.gov,(569) 3847052,2/1/2025,Speech Pathologist
,9b77af7f-50bc-43ef-a9ad-f1c42339320d,Prescott,Pedersen,Male,ppedersen79@timesonline.co.uk,(540) 3941493,4/1/2024,Physical Therapy Assistant
,7fa286e8-00ba-4777-b2a1-693dd8abbb62,Asher,Kelsey,Male,akelsey7a@last.fm,(497) 3693485,6/11/2024,Statistician IV
,6cc8904a-7aeb-4110-9aa7-7eecbf4eda78,Loralie,Espinola,Female,lespinola7b@exblog.jp,(822) 8616383,5/9/2024,VP Product Management
,6e086b6f-6913-4a84-9d9f-c135dc5fdc16,Gregoire,Mannix,Male,gmannix7c@edublogs.org,(779) 1714042,6/20/2024,Teacher
,e141ac99-75f2-43d0-b7eb-597a60718b08,Jillana,Tuison,Non-binary,jtuison7d@amazonaws.com,(216) 1316681,6/22/2024,Account Coordinator
,3af8d2d5-e390-42f0-a188-2e8714f82462,Georas,Skelly,Male,gskelly7e@topsy.com,(781) 2475037,11/29/2024,Research Associate
,dd788a0f-71a7-4e5d-b9b8-a807edf634c8,Randy,Trewartha,Female,rtrewartha7f@soup.io,(159) 8912102,7/27/2024,Technical Writer
,07951744-9b5d-4498-a36e-241cbc874190,Olivette,Cochern,Female,ocochern7g@oakley.com,(189) 9723110,10/27/2024,Help Desk Operator
,fd78aada-8fd9-45e1-a8f0-681a95a5266a,Morley,Cossor,Male,mcossor7h@w3.org,(508) 7501779,3/10/2025,Recruiting Manager
,e274338a-d05a-4d59-83f9-44f26a9cbed2,Philly,Shimmings,Female,pshimmings7i@sbwire.com,(202) 7484998,6/28/2024,Quality Engineer
,0565ac67-a3d4-4517-945b-99de62e565ac,Niccolo,Rennenbach,Male,nrennenbach7j@economist.com,(285) 6988179,2/14/2025,Design Engineer
,5eda4290-68b5-44c5-a514-810243919839,Rosalyn,Pinckney,Female,rpinckney7k@yandex.ru,(576) 1299364,5/17/2024,Actuary
,07d0d9cd-53fc-45a5-bcb4-85a4cd68d994,Shayne,Gregoletti,Male,sgregoletti7l@craigslist.org,(902) 1062637,8/25/2024,Chemical Engineer
,dc0dd7df-7f14-40d0-ae15-8c28ca051344,Clayborne,Shillum,Male,cshillum7m@google.pl,(552) 6812861,6/16/2024,Web Developer II
,3f9e27f8-fcbf-4f2d-aa72-699f8c79527d,Kingsley,Howard - Gater,Male,khowardgater7n@eepurl.com,(985) 4886869,3/6/2025,Occupational Therapist
,72f5f5ed-7450-4062-8c55-94d2935204ab,Debbie,Borley,Female,dborley7o@360.cn,(858) 5242980,2/23/2025,Structural Analysis Engineer
,00a98c0e-8863-4c4f-a643-d8f4acb88337,Constantine,Phipp,Male,cphipp7p@utexas.edu,(703) 9390423,5/24/2024,Recruiting Manager
,c92468d8-98d7-44ff-910f-97ea6949ec36,Taite,Cammomile,Male,tcammomile7q@posterous.com,(511) 8954201,6/3/2024,Research Nurse
,e253041f-4285-49ac-8753-665cf61be915,Maurice,Rodnight,Male,mrodnight7r@rambler.ru,(342) 4128616,1/18/2025,Account Coordinator
,8d26fd11-fbef-4949-9a27-23760762b7dc,Ryan,Gooden,Male,rgooden7s@pinterest.com,(910) 6038226,1/8/2025,Database Administrator IV
,a4761e9c-3b10-48d4-be0f-e2abce4b7bd7,Kareem,O'Finan,Male,kofinan7t@discuz.net,(964) 2272014,6/20/2024,Statistician III
,b000ea1b-3b2e-48b4-abf6-38391810433f,Sergio,Meere,Male,smeere7u@upenn.edu,(667) 8505776,1/26/2025,Biostatistician IV
,edd48118-8e1d-4f4d-b494-38d0dc90dc34,Bobbi,Chatell,Female,bchatell7v@acquirethisname.com,(785) 1337738,8/20/2024,Tax Accountant
,f31234f1-61ac-4ffe-964b-597eccea1d7b,Hyacinthia,Garfirth,Female,hgarfirth7w@nydailynews.com,(407) 4228209,8/2/2024,Research Associate
,cb476068-8e45-45f4-a835-21ba8493f053,Levey,Tregien,Genderqueer,ltregien7x@examiner.com,(297) 2842434,12/9/2024,Safety Technician II
,d28c9cef-d5f5-4446-9a8f-cdfd8f9f4cfe,Nadean,McCalum,Female,nmccalum7y@sohu.com,(225) 4395998,11/15/2024,VP Accounting
,b607feb8-4578-40a6-a035-175bb6a13e30,Fons,Alcido,Male,falcido7z@live.com,(675) 8997995,11/29/2024,Geologist II
,12dd615f-fd5f-4bf9-958b-e603ce18f773,Constantia,Dollard,Female,cdollard80@gnu.org,(882) 3923474,4/6/2024,Sales Representative
,e30a04ed-d0eb-4a06-82d1-e71f1bb35e7c,Caleb,Pitkethly,Polygender,cpitkethly81@imageshack.us,(286) 4595354,11/6/2024,Media Manager III
,579a4955-e93a-465d-ac67-f90e6e9a0353,Zena,Penbarthy,Non-binary,zpenbarthy82@yale.edu,(871) 9234318,8/11/2024,VP Product Management
,9f07c4c1-5543-462e-b5fd-baabc6c31eda,Arin,Kelling,Male,akelling83@upenn.edu,(360) 4826601,3/21/2024,Health Coach IV
,7a9635b9-1c40-46db-97d9-1d9971439a18,Redd,Bunner,Male,rbunner84@princeton.edu,(862) 6602078,1/15/2025,Physical Therapy Assistant
,2dc6809f-372e-4a95-a818-e19c7ce17e33,Lorry,Le Noire,Male,llenoire85@blogger.com,(734) 8904999,12/7/2024,Registered Nurse
,fe19c9c9-cf18-448f-8115-eaaac322799c,Garwin,Royds,Male,groyds86@squidoo.com,(984) 2986881,3/24/2024,Nurse Practicioner
,75f46621-d06a-4360-a120-c98a0fb76374,Chlo,Beushaw,Genderfluid,cbeushaw87@rambler.ru,(298) 5200442,4/26/2024,Financial Advisor
,9c3a52b0-a7f1-488d-851c-a4b9a0fe60a6,Sibel,Gladyer,Female,sgladyer88@goo.ne.jp,(456) 5492137,5/4/2024,Cost Accountant
,ee1846b2-0192-425f-a971-f24a49a773d8,Xaviera,Mation,Female,xmation89@mtv.com,(831) 6542024,12/21/2024,Statistician II
,d5c6e818-fd99-4a1d-b06c-d167f64c53f0,Olivia,Hazley,Female,ohazley8a@intel.com,(492) 5819859,10/18/2024,VP Product Management
,38076962-e875-4897-a623-3d6cdd069914,Cherish,Garcia,Genderqueer,cgarcia8b@g.co,(665) 5291518,7/27/2024,Marketing Manager
,efc7ac79-aab4-468c-bb19-7c2b41cd5320,Kailey,Keeping,Polygender,kkeeping8c@hc360.com,(420) 5881513,10/25/2024,Social Worker
,8d272997-2c41-4a7e-982b-85199625268f,Mead,Jeffrey,Female,mjeffrey8d@seesaa.net,(533) 9017158,6/14/2024,Accounting Assistant IV
,673c7cf3-eff4-40c7-8b15-af3e9a7df986,Maurise,Woolland,Male,mwoolland8e@typepad.com,(505) 6169462,6/10/2024,Developer II
,7b074b91-c5b2-4b24-ac43-50e91c3e01a8,Sly,De Cruce,Male,sdecruce8f@ebay.com,(769) 5954790,8/4/2024,Product Engineer
,97c793d5-8659-4a6b-84f7-06fbf36549e3,Cristal,Reeds,Female,creeds8g@wikia.com,(499) 9631377,12/25/2024,Librarian
,57d0ec7f-eba9-4638-a93e-4d64d94b7ea8,Sigfrid,Haselhurst,Male,shaselhurst8h@tamu.edu,(688) 7913512,7/19/2024,Paralegal
,2ebcad77-1f51-4ea4-9cfc-e35480889a60,Pascale,Godar,Male,pgodar8i@histats.com,(886) 4204003,3/10/2025,Geologist I
,5e5009df-c057-4f89-88be-1c60ddc43bc9,Berthe,Tassel,Female,btassel8j@google.co.uk,(131) 6622355,12/30/2024,Biostatistician III
,a06cb1ee-e703-425f-8a7d-f5a4c5134226,Tiler,La Wille,Male,tlawille8k@nifty.com,(836) 2108889,11/24/2024,Senior Editor
,81686832-b4e2-45cb-9e09-483ea68fd326,Urbano,Seckington,Agender,useckington8l@dailymail.co.uk,(734) 8742256,6/2/2024,Payment Adjustment Coordinator
,8d3cd38b-2ccd-4f87-a60e-712ded53fd0c,Roxane,Stairs,Female,rstairs8m@livejournal.com,(198) 5087317,11/17/2024,Junior Executive
,87a08bc3-8779-40a6-8122-a5a645465463,Ryon,Waple,Male,rwaple8n@pcworld.com,(795) 1022220,1/18/2025,Engineer II
,10441b43-8781-4479-90f4-a83cb2507e95,Albie,Scroggins,Male,ascroggins8o@cdc.gov,(685) 6871957,12/31/2024,Occupational Therapist
,72c36f90-c33b-45fc-b1e0-ff3582040bcf,Melany,Darkott,Female,mdarkott8p@vk.com,(406) 8803428,4/24/2024,Operator
,d3619f3c-9aa7-48a8-a9e5-5ff841b18762,Carmencita,Elan,Female,celan8q@51.la,(938) 7135733,8/29/2024,Engineer III
,19014f7a-698a-46a3-a6b5-84476366062f,Archibald,Paslow,Male,apaslow8r@flickr.com,(923) 6749458,1/1/2025,Data Coordinator
,de602adb-7aba-4af7-8095-b3cbe14c8db3,Benedicta,Flawith,Female,bflawith8s@mtv.com,(317) 6084056,9/17/2024,Structural Engineer
,150a7bc1-1038-4e99-8301-3e4891c824a8,Iver,Orrin,Male,iorrin8t@adobe.com,(142) 3761129,1/12/2025,Teacher
,653917a7-4bcc-47f8-b8b9-6ef32d6cd64d,Egor,Songer,Male,esonger8u@acquirethisname.com,(347) 5408557,12/23/2024,Civil Engineer
,3e0ec907-c8b3-4163-848b-8d1689c0cd57,Fredrick,Setchfield,Polygender,fsetchfield8v@nature.com,(298) 9789819,1/25/2025,Community Outreach Specialist
,0ac582f5-c4f2-438b-b3e3-507b69e30641,Carole,Gasgarth,Female,cgasgarth8w@bloomberg.com,(448) 5227724,12/2/2024,Staff Accountant II
,811f5a18-cbcd-48cf-8a95-976012206f22,Gloria,Bonsey,Bigender,gbonsey8x@php.net,(841) 7415593,3/29/2024,Software Engineer I
,ceb023f9-dd77-46bd-a267-5b17d200ee59,Marni,Cromb,Female,mcromb8y@friendfeed.com,(317) 6589531,4/15/2024,Help Desk Technician
,39e66984-e38e-4ff3-b2e0-b05ca672c4df,Wileen,Vaux,Female,wvaux8z@telegraph.co.uk,(141) 6233682,10/8/2024,Teacher
,234473d9-a44d-4642-b816-7e45add613e8,Alwyn,Goulding,Male,agoulding90@paypal.com,(593) 3418429,1/18/2025,Sales Associate
,4117dc17-b2aa-4da9-8ea5-fe64ba5a9790,Archer,Whapham,Male,awhapham91@histats.com,(565) 4366483,3/14/2025,Office Assistant IV
,11c3df37-f77b-4d15-b73f-9225548f75e3,Tildi,Silverton,Female,tsilverton92@uol.com.br,(511) 6551403,1/23/2025,Database Administrator III
,50fd6142-ef86-44a4-9b51-2aac22d1a16a,Arlee,Quarless,Female,aquarless93@huffingtonpost.com,(663) 5302566,10/25/2024,Clinical Specialist
,0fc93589-05f0-4924-8b85-fb0b1581eaed,Gus,Seel,Male,gseel94@newsvine.com,(283) 8658838,1/4/2025,Design Engineer
,2e2b721a-131d-450e-b8b3-fa73e2f9d41a,Clywd,Gratten,Male,cgratten95@rambler.ru,(162) 9990073,11/6/2024,Research Associate
,e559b4a3-da82-4710-91d6-eacd34a781aa,Vance,Dawidowitsch,Non-binary,vdawidowitsch96@jugem.jp,(602) 8312037,2/7/2025,Web Developer IV
,08b123c0-5c3f-4c1c-9ed9-539a04b724af,Aron,Scougal,Male,ascougal97@eepurl.com,(295) 7174077,8/8/2024,Associate Professor
,9041a2f0-d245-4a2f-9ae8-acf142ec45c3,Adan,Spearman,Male,aspearman98@amazonaws.com,(942) 3818634,8/27/2024,Accounting Assistant I
,fdfa9800-f7f9-42fd-8474-5c06c1ab98b3,Kermit,Brummitt,Male,kbrummitt99@cnn.com,(404) 3035651,3/22/2024,Financial Analyst
,aed8bcd1-2092-44ca-bec8-1e45a71e792d,Cecilla,Drain,Female,cdrain9a@so-net.ne.jp,(984) 4315830,7/6/2024,Marketing Assistant
,1bab1bf8-6b26-425a-9719-0e5d3424c03b,August,Casali,Male,acasali9b@ebay.com,(384) 1588368,9/29/2024,Environmental Tech
,fd9f0c6d-ff19-4fba-996c-73a8f6dc3bc3,Genovera,Gadsby,Genderfluid,ggadsby9c@last.fm,(802) 5852740,6/2/2024,Information Systems Manager
,eaf30528-66bb-4015-9230-f6b70f88e10e,Yurik,Mattock,Male,ymattock9d@un.org,(861) 4820132,1/7/2025,Nurse
,ea0c0ecb-e8a4-43d3-a965-6267bbe090a9,Rabi,Clampe,Male,rclampe9e@nature.com,(216) 9961377,5/28/2024,Structural Analysis Engineer
,9d381bca-a58a-401b-8c3e-340ad5f329bd,Alon,Hugh,Male,ahugh9f@domainmarket.com,(367) 5119847,5/29/2024,Staff Scientist
,3608cb21-c0d0-4b59-8e73-feea82f6d4c4,Wittie,Massard,Male,wmassard9g@harvard.edu,(826) 2320128,2/19/2025,Executive Secretary
,dfc4ab53-6290-4d46-8b89-6ce2aba4a583,Ermentrude,McRorie,Female,emcrorie9h@gravatar.com,(503) 8027924,4/12/2024,Safety Technician III
,9391207b-7cef-423f-9dff-f50884a0754d,Delores,Watsham,Female,dwatsham9i@com.com,(859) 5781804,5/12/2024,Software Consultant
,ab3fcf8e-c47b-485d-9cb9-b8a4efef7b53,Walton,Ferron,Male,wferron9j@buzzfeed.com,(583) 6751618,5/2/2024,Account Representative IV
,19a39ed7-9a7f-409e-a502-6b8cc49251cf,Ermin,Gristwood,Male,egristwood9k@printfriendly.com,(241) 2620943,4/22/2024,Physical Therapy Assistant
,a4a5a326-e40b-4e15-9004-c9b3bed8b81c,Jeffry,Dalziel,Male,jdalziel9l@technorati.com,(939) 2762069,3/15/2025,Mechanical Systems Engineer
,a2d4581c-92be-40e6-bdfa-326d5cc9b053,Eamon,Maben,Male,emaben9m@jalbum.net,(952) 4620718,2/12/2025,Nurse Practicioner
,3a73e03e-f703-440f-90e1-15e950e9d97c,Kristy,Laval,Female,klaval9n@is.gd,(629) 6931333,12/13/2024,Financial Advisor
,ba453f7c-9b2f-460f-940e-f5aa346d0367,Marjie,Birden,Female,mbirden9o@fda.gov,(131) 2036701,1/8/2025,Health Coach IV
,cba0d9b1-d628-4897-ad2e-06d6d7215900,Enoch,Catton,Male,ecatton9p@w3.org,(833) 2851062,7/15/2024,Nuclear Power Engineer
,3e672386-4b98-43f8-8968-349c13e46e8a,Aeriel,Rignoldes,Female,arignoldes9q@yellowbook.com,(656) 4727083,4/28/2024,Occupational Therapist
,96756064-ac34-4ea8-b6be-4d84d12038ef,Bobina,Solesbury,Female,bsolesbury9r@bigcartel.com,(674) 4029722,9/17/2024,VP Sales
,fe640cee-3a3d-48d3-a1af-0988b7c76349,Theo,Ferrandez,Female,tferrandez9s@elpais.com,(455) 3218373,3/14/2025,Senior Cost Accountant
,b21e2c46-33ff-4456-90a0-96356b09526a,Ekaterina,Gilderoy,Female,egilderoy9t@pinterest.com,(482) 1333765,12/18/2024,Senior Quality Engineer
,13b0e322-6d0c-4596-8e86-6d01803bcad0,Patty,Coats,Male,pcoats9u@soundcloud.com,(203) 9889544,11/18/2024,Software Consultant
,649988af-1cba-4c6f-a1ec-406b75dfde71,Cristobal,McGuane,Genderqueer,cmcguane9v@vinaora.com,(649) 7000978,9/14/2024,Desktop Support Technician
,d7a92aff-7785-4f18-91a0-5e1414c79603,Adella,Adnett,Female,aadnett9w@opensource.org,(497) 5538444,8/22/2024,Structural Analysis Engineer
,8aec7b0f-be38-47a2-b58c-8462d64dfe44,Sidney,Ommanney,Male,sommanney9x@is.gd,(591) 3769044,7/31/2024,Teacher
,162c347d-3352-4c13-b734-c857b78a032c,Jone,Kits,Male,jkits9y@msn.com,(909) 6659093,6/3/2024,Nurse
,03e04508-851a-43a2-95f3-5bc94fe1487e,Derby,Dewhurst,Male,ddewhurst9z@creativecommons.org,(161) 2871288,12/12/2024,Programmer Analyst I
,56dcd5fe-8e0e-4834-9399-19174844c4dd,Christalle,Strike,Female,cstrikea0@google.cn,(914) 2530444,11/6/2024,Help Desk Operator
,3ebf8eb7-a960-4ceb-b4a8-58d1ba948f42,Boycey,Wey,Male,bweya1@amazon.co.jp,(876) 2215767,11/13/2024,Compensation Analyst
,5e7866f2-cc41-4317-a720-b59762d4ebec,Joe,Tickner,Male,jticknera2@aboutads.info,(284) 1702512,12/14/2024,Health Coach II
,9c5f5c05-19b8-44ad-8d6a-1fbee4c9db3d,Wallas,Couronne,Male,wcouronnea3@mashable.com,(509) 5802504,11/2/2024,Account Coordinator
,6984da52-0c7c-4ba6-829b-c240d4e17967,Orville,Idwal Evans,Male,oidwalevansa4@berkeley.edu,(872) 4725858,9/7/2024,Web Developer II
,29daf4bc-f05c-45ec-b1d5-fc760248309b,Jsandye,Peaker,Female,jpeakera5@bandcamp.com,(331) 7609542,8/1/2024,Clinical Specialist
,1bfc1092-580a-4684-8ffa-090ebba807ea,Chaim,Sorton,Male,csortona6@hexun.com,(856) 3789561,10/13/2024,Programmer Analyst IV
,e48ab1e9-8046-4629-b97a-a9214d16648c,Moyna,Duesberry,Female,mduesberrya7@bbb.org,(126) 5835737,1/22/2025,Chemical Engineer
,e59ebc0d-7d20-4ceb-9e98-175055dceeed,Caye,Hawsby,Agender,chawsbya8@msu.edu,(120) 9144645,2/22/2025,Internal Auditor
,b1002486-0a33-4a81-a9bf-e7d85f5a1397,Lani,Ream,Polygender,lreama9@google.com.br,(724) 9600512,6/3/2024,Staff Accountant I
,e8f24299-1d52-4400-bf01-98f47c7595d6,Fayth,Schimon,Genderqueer,fschimonaa@free.fr,(253) 7221427,2/19/2025,Executive Secretary
,4997a304-c70c-4de7-882e-7efad3847ad2,Cathie,Goodinson,Female,cgoodinsonab@gizmodo.com,(606) 2792841,9/17/2024,Nuclear Power Engineer
,520b5bd1-acad-4416-9771-94e4a9057d49,Willamina,Gettings,Female,wgettingsac@gnu.org,(440) 3447832,11/27/2024,Analyst Programmer
,d5cfbf29-0e9a-4b8a-a585-8b9b22bb5950,Othella,Spearing,Female,ospearingad@goodreads.com,(950) 7083156,9/14/2024,Paralegal
,a84e9755-3abb-4549-bcab-96cd9fb5360e,Sheba,Mardling,Female,smardlingae@europa.eu,(309) 4154453,7/25/2024,Senior Developer
,70338d02-b825-43ed-bdf1-752be1b8ee4d,Kalli,Scrimshire,Female,kscrimshireaf@theatlantic.com,(254) 6353043,12/19/2024,Mechanical Systems Engineer
,857e954b-2304-4c93-8dff-c72818e68a1f,Betteann,Mose,Female,bmoseag@ovh.net,(604) 1252877,10/23/2024,Administrative Assistant IV
,e510fb90-d414-4ae4-a5fc-a80305e3f641,Deva,Antalffy,Female,dantalffyah@spiegel.de,(571) 5839360,7/30/2024,Teacher
,428f949e-fbac-49a6-a196-80b9801740b1,Virginie,Heighway,Female,vheighwayai@flickr.com,(725) 9808654,2/9/2025,Information Systems Manager
,c5cb5c33-b0e1-436e-91ac-d59faef2df19,Reginald,Dollard,Male,rdollardaj@squarespace.com,(587) 8026921,1/25/2025,Project Manager
,8c8a233d-0943-4809-a858-1cf962dbc6fa,Preston,Horry,Male,phorryak@fda.gov,(986) 8941563,9/6/2024,Assistant Manager
,64f67797-9852-40b9-b2b6-ec386b6799ef,Julie,Grewes,Male,jgrewesal@privacy.gov.au,(126) 7958069,12/24/2024,Chemical Engineer
,883b1d3e-ab64-42fe-9e2e-bf0778caf6da,Theodor,Pelos,Male,tpelosam@bizjournals.com,(756) 6905498,1/21/2025,VP Quality Control
,89922f0e-fa8b-44fe-ab4b-43752f45a0f5,Raimondo,Gibbetts,Male,rgibbettsan@gmpg.org,(949) 2722068,8/22/2024,Account Representative III
,0aca91b1-dd6b-4cd4-b466-356b0340a107,Tomi,Burbank,Female,tburbankao@imgur.com,(559) 2220501,2/12/2025,Information Systems Manager
,40d33de5-971d-43d0-8ede-512f0c8a5486,Ewell,Bedwell,Male,ebedwellap@shareasale.com,(509) 2324246,1/12/2025,Junior Executive
,39700cb8-f3a2-4151-b7fd-ea22c673697d,Crawford,Medcalfe,Male,cmedcalfeaq@nydailynews.com,(871) 5616491,9/14/2024,Editor
,6c928fdd-4cc8-4929-9a4e-a37851e28381,Dorrie,Methley,Female,dmethleyar@nyu.edu,(998) 5715193,1/30/2025,Developer II
,3a96758b-5809-4518-b85d-1eaf58884048,Shirlene,Dammarell,Female,sdammarellas@about.me,(860) 7817186,5/13/2024,Engineer IV
,fbc4ac14-5aff-477e-8f81-8c34876d5f84,Tannie,Hoggan,Male,thogganat@europa.eu,(734) 7166250,1/19/2025,Payment Adjustment Coordinator
,e74e24ff-a202-4c9d-a9d4-3bf7771f3da0,Norri,Farress,Female,nfarressau@nyu.edu,(846) 5086284,12/30/2024,Operator
,6124bf2a-8f6e-4406-9da3-6b2384e8626a,Binny,Orsman,Female,borsmanav@spiegel.de,(306) 4225802,9/25/2024,Operator
,a2fcb7be-6c10-457f-9b63-2f9082b1ca2f,Dillon,Witts,Male,dwittsaw@simplemachines.org,(539) 6805318,3/9/2025,Web Developer IV
,0b1ab9d9-1a36-4621-8571-453f998347a2,Bunny,Vennings,Female,bvenningsax@ask.com,(905) 5480903,1/27/2025,Software Engineer II
,4dbd54be-b526-417e-b87e-a555459dc3fb,Moselle,Gurrado,Female,mgurradoay@ftc.gov,(440) 2631243,12/22/2024,Help Desk Technician
,a1e0db9b-36cf-4bbd-81c8-f844a8966605,Emmanuel,Lukovic,Male,elukovicaz@goo.gl,(721) 1612540,12/8/2024,Financial Analyst
,85aaefea-fd9a-465a-8d8f-454c69e07f97,Edgard,Geddes,Male,egeddesb0@wix.com,(576) 1310886,10/9/2024,Food Chemist
,f37d83e3-28ca-4d7a-a2e3-815532fa425a,Pebrook,Svanini,Male,psvaninib1@oakley.com,(344) 1660065,1/18/2025,Health Coach I
,19cd5242-f9a6-42b2-ae04-8b0d23f83ef1,Miles,Morling,Male,mmorlingb2@independent.co.uk,(146) 5699263,2/26/2025,Web Designer I
,0584f89a-1ba8-4d53-bad8-8f551b2f5c05,Francyne,Stanbury,Agender,fstanburyb3@cam.ac.uk,(725) 3233896,1/23/2025,Sales Representative
,2f91ce9c-27c8-4c5b-adc0-6c2e45a8cc3a,Mikol,Killimister,Male,mkillimisterb4@people.com.cn,(100) 6113069,9/18/2024,Programmer Analyst IV
,789e1ae1-e610-45dc-b5df-7a6bb07e2431,Dermot,Treacy,Male,dtreacyb5@vistaprint.com,(808) 9673701,9/11/2024,Actuary
,18ad31f8-9c2b-4f19-b78b-5b21487e0640,Cord,Sancho,Male,csanchob6@php.net,(858) 1776533,10/13/2024,Engineer IV
,8e892c68-6b1d-46ab-a553-be5006881398,Adham,Synan,Male,asynanb7@epa.gov,(362) 8843070,9/7/2024,Senior Editor
,e98fa565-19af-4c4e-81db-3ac22d9b396f,Bennie,Sissot,Male,bsissotb8@cocolog-nifty.com,(773) 3100101,5/13/2024,Programmer Analyst IV
,bb0e0a0f-71e6-482e-aaac-c168600bd9c8,Marylou,Golson,Female,mgolsonb9@reverbnation.com,(661) 6648470,12/10/2024,Senior Editor
,ff0904aa-8448-452e-bb94-40008c74e9cb,Dexter,Pilfold,Male,dpilfoldba@discuz.net,(327) 6430976,7/4/2024,Chief Design Engineer
,ce5fc7a3-0862-4ae4-980e-e7d0e27b361d,Kristos,Lauder,Male,klauderbb@ftc.gov,(572) 2770311,2/18/2025,Paralegal
,2c45cb3e-7ee4-427e-b737-2ffbf22dc252,Rudy,Axby,Male,raxbybc@ihg.com,(387) 1303504,5/17/2024,Clinical Specialist
,c63b4623-bffb-4ea1-ae18-55e4b83f6ebb,Freeland,Kunzel,Male,fkunzelbd@cocolog-nifty.com,(198) 9600339,11/25/2024,Research Assistant IV
,9737738e-f879-471d-9d48-7e119826b3bb,Denna,Aldham,Genderfluid,daldhambe@dyndns.org,(576) 9371945,10/28/2024,Senior Developer
,a428c958-f825-4bb3-b3c2-8933a2ad64c4,Berne,Aynscombe,Male,baynscombebf@qq.com,(969) 6726964,10/4/2024,Electrical Engineer
,e79b8a0c-9506-4a39-95df-5d89d88dc2ab,Wain,Mintrim,Male,wmintrimbg@umn.edu,(704) 3005262,5/25/2024,Desktop Support Technician
,291c7ed8-6c41-4797-84d0-603f44921205,Mikael,Danev,Agender,mdanevbh@bizjournals.com,(208) 6972969,9/16/2024,Geologist III
,07ba6882-c1b4-4334-bc4c-7d8747286082,Tobiah,Creavin,Male,tcreavinbi@usgs.gov,(593) 6701242,5/11/2024,Quality Engineer
,80bed451-949d-41e2-bd7a-bb8169910b1c,Hugh,Seakes,Male,hseakesbj@mozilla.com,(845) 3315991,10/13/2024,Media Manager III
,ce2d541c-0608-42e6-81b3-afe658454577,Rock,Longstreeth,Male,rlongstreethbk@etsy.com,(950) 7987315,8/31/2024,Information Systems Manager
,a9655b12-db69-4c00-8098-4291c58b61dc,Wallie,Tweed,Male,wtweedbl@friendfeed.com,(506) 8807675,5/20/2024,General Manager
,ef349395-6f63-4dba-b768-7feb4f2c7163,Tildi,Whiting,Agender,twhitingbm@tmall.com,(436) 3864627,4/20/2024,Design Engineer
,c066cae8-0c56-4d38-8bd3-e2ed49379f65,Langsdon,Dake,Genderfluid,ldakebn@twitpic.com,(217) 8595496,12/29/2024,Help Desk Operator
,681db277-e3c7-4fdb-b9ac-f57cc902644d,Giffard,Capeloff,Male,gcapeloffbo@hud.gov,(666) 5034236,11/19/2024,Senior Cost Accountant
,88f504f7-60ea-408f-9215-bf0539f33162,Cleopatra,Mallall,Female,cmallallbp@usda.gov,(288) 5673284,9/15/2024,Senior Developer
,e0eaa63a-61a2-4181-96e3-24fd35caff7d,Isis,Beddoe,Female,ibeddoebq@reference.com,(499) 9319875,12/21/2024,Operator
,b5b96a8b-a030-49c5-ac7e-6ab159af71c1,Pauline,Hayton,Female,phaytonbr@cafepress.com,(843) 2449021,6/21/2024,VP Product Management
,7023348f-8148-46a4-ac27-54aa55e8d1ab,Tabby,Kennan,Male,tkennanbs@bizjournals.com,(119) 5939424,9/28/2024,Budget/Accounting Analyst I
,7519b710-48f2-4cab-81ae-075f8ca45624,Catharina,Cicconetti,Female,ccicconettibt@china.com.cn,(748) 5688720,12/11/2024,Database Administrator III
,0fdd4cf0-843b-429c-97ca-f956b183fed0,Denis,Pillinger,Male,dpillingerbu@altervista.org,(697) 9787304,8/7/2024,Junior Executive
,7ead3b2b-a182-4e0a-849e-5defbe695cb6,Tedd,D'Alessandro,Male,tdalessandrobv@skyrock.com,(878) 1355603,1/13/2025,Senior Editor
,97775004-e684-4f97-8826-8676816fbd7f,Jinny,Attwool,Genderqueer,jattwoolbw@usda.gov,(680) 7631626,5/31/2024,Analyst Programmer
,42dea9c2-a971-4cfb-be7c-ac333455baa5,Merrilee,Hayball,Non-binary,mhayballbx@jalbum.net,(426) 4283178,6/22/2024,Paralegal
,1943a1ef-afde-44f7-b447-8dd86ba91664,Ben,Pryde,Male,bprydeby@msn.com,(594) 3335840,3/28/2024,Programmer III
,8b3e1fb9-b3dc-45be-b808-ad5558f1b52e,Mandie,Agastina,Female,magastinabz@google.com.hk,(987) 4915650,1/12/2025,Financial Advisor
,707851bc-1033-472d-9314-2d6f4491fd24,Del,Cotmore,Male,dcotmorec0@a8.net,(321) 1167884,4/18/2024,Systems Administrator II
,b449e059-1b37-40b4-805b-87373ac56b2e,Austin,MacCulloch,Female,amaccullochc1@paypal.com,(698) 5154630,11/21/2024,Biostatistician I
,bda14feb-73e5-4ac6-a6de-c1f6e08416c8,Crissy,Jerke,Female,cjerkec2@salon.com,(640) 1032809,12/28/2024,Sales Representative
,10365686-62b3-4cbb-a498-03bc5c62478e,Jim,Blayney,Male,jblayneyc3@dagondesign.com,(770) 3227075,4/21/2024,Assistant Professor
,da14cbcb-42fa-4a5d-a286-17cbc18df623,Eli,Shankland,Male,eshanklandc4@reference.com,(656) 4255183,10/15/2024,Clinical Specialist
,c24b4057-f400-49cb-9d5b-6e2a02a1d485,Kiel,Lenaghen,Male,klenaghenc5@jimdo.com,(282) 8788747,12/22/2024,Help Desk Operator
,46569d51-5406-4bdb-8b84-d436b122dbde,Remy,Rays,Female,rraysc6@elegantthemes.com,(415) 5004732,7/23/2024,Web Designer III
,94e57d29-1dd4-4617-a9b5-e3e7a9a837ad,Thorsten,Drohun,Male,tdrohunc7@usatoday.com,(885) 8013380,2/15/2025,Financial Analyst
,9f99a015-433a-4bce-8d88-34c39a4b0d0a,Erina,Rizzillo,Female,erizzilloc8@fc2.com,(332) 2395280,1/29/2025,Computer Systems Analyst I
,5486ed93-c9ff-499d-91db-3f167f37b50c,Beale,Lenox,Male,blenoxc9@bravesites.com,(104) 6965367,7/11/2024,Sales Associate
,5e3bd3c2-544b-4c3d-986e-f69fffb401a8,Shalna,Tasch,Female,staschca@va.gov,(639) 7041051,4/17/2024,Accountant III
,b14516cf-cdfe-418a-a13b-7351c180a75d,Lindy,Cassy,Male,lcassycb@ehow.com,(930) 6832739,12/2/2024,Software Consultant
,30bf8eed-7754-4b29-b9d8-2685271f5d9c,Mathew,Marquess,Genderfluid,mmarquesscc@independent.co.uk,(653) 2782312,2/26/2025,Dental Hygienist
,9a47e635-fba1-4527-be59-fe1683f91cf0,Tawsha,Moriarty,Female,tmoriartycd@auda.org.au,(976) 8408697,1/19/2025,Assistant Media Planner
,d4227556-6483-42b4-884f-a33974863691,Elfreda,Aguirrezabala,Female,eaguirrezabalace@msu.edu,(212) 3551885,1/25/2025,Junior Executive
,c0f041c1-542c-4d58-a08a-bc6d209cceec,Edwina,Jirek,Female,ejirekcf@umn.edu,(150) 2507750,5/4/2024,Business Systems Development Analyst
,0e534804-953b-4c69-9095-a3ed4566fcbd,Maryanna,Pape,Female,mpapecg@toplist.cz,(357) 4016200,5/31/2024,Internal Auditor
,07ca25d7-464a-4db4-b820-99e5cdf77678,Felipa,Enocksson,Female,fenockssonch@yelp.com,(896) 3477838,9/3/2024,Data Coordinator
,46866743-bfb1-43c0-8c94-07e5a33c32e3,Emelita,Ewence,Female,eewenceci@barnesandnoble.com,(366) 8002824,9/25/2024,Occupational Therapist
,c97efd05-55f4-41cd-9b50-d02498cd8915,Elyse,Grzelak,Female,egrzelakcj@alibaba.com,(651) 1528958,7/29/2024,Tax Accountant
,83e9bbbe-fdbd-4808-a852-7d12ef3f37ab,Nelli,Chatelot,Female,nchatelotck@whitehouse.gov,(860) 9696483,2/2/2025,Office Assistant III
,c5a6f2c6-19b3-4e96-9f7e-f8d4080284ed,Leah,Hanniger,Female,lhannigercl@epa.gov,(601) 8277202,8/12/2024,Desktop Support Technician
,803bb389-c830-478f-9691-19a2855bd418,Henri,Munby,Male,hmunbycm@alexa.com,(168) 6418905,1/9/2025,Staff Accountant III
,de05de6b-1937-46da-97a1-7d55ab937ae9,Cordey,Chidzoy,Female,cchidzoycn@rambler.ru,(884) 8360275,5/4/2024,Quality Control Specialist
,cac2a2c1-9aed-4a37-ae9a-6b2174862c27,Tobias,Ronald,Male,tronaldco@google.co.uk,(847) 3821535,8/31/2024,Mechanical Systems Engineer
,7bd29f1f-d3d1-435f-96ac-95eb0f9e7f6b,Roddie,Noell,Male,rnoellcp@npr.org,(222) 5583285,8/17/2024,Financial Advisor
,eb9e2ebb-a2b8-497a-9f91-49f571cbb37f,Linnell,Johannes,Female,ljohannescq@arstechnica.com,(741) 1737355,2/27/2025,Executive Secretary
,b62aef03-ea3a-40eb-8b9c-996ca0f35a6c,Tracey,Cade,Female,tcadecr@businessweek.com,(153) 9029588,8/14/2024,Design Engineer
,6688cae6-5492-41b7-b8ef-dcffce3f7580,Sherri,Cornthwaite,Female,scornthwaitecs@netscape.com,(973) 2961180,9/23/2024,Structural Engineer
,767bc709-5d10-4fcf-ad28-144c52ed2d21,Pancho,Lemary,Male,plemaryct@ed.gov,(266) 1060583,8/1/2024,Mechanical Systems Engineer
,71156d88-e6cb-424b-a40f-0947ac7087e5,Burlie,Ife,Male,bifecu@istockphoto.com,(815) 3693306,8/14/2024,Design Engineer
,b0402a82-3e89-4d94-b94d-5b75cff08061,Arv,Golby,Male,agolbycv@jugem.jp,(978) 1962233,1/7/2025,Electrical Engineer
,b1e061e2-1cc3-4714-b151-923f14cd5308,Marve,Wasiela,Male,mwasielacw@smugmug.com,(679) 6977788,1/2/2025,Accounting Assistant I
,9f07ee1f-b944-4f80-b1c4-4683cdcc22d8,Galina,Gilliat,Female,ggilliatcx@cnn.com,(434) 2249231,11/2/2024,Cost Accountant
,9daf30a7-1512-4a54-987c-ff668a63a47e,Gabriel,Schlagtmans,Male,gschlagtmanscy@merriam-webster.com,(993) 2005349,2/5/2025,Product Engineer
,57cfc494-c3c0-423b-be1c-7880dc8b185a,Mackenzie,Tanswell,Male,mtanswellcz@example.com,(172) 6083555,9/6/2024,Administrative Assistant III
,9f9ca8f1-c235-43b5-bd63-cd521ee2cb41,Gran,Manhare,Male,gmanhared0@nature.com,(433) 5772956,11/17/2024,Sales Associate
,c95c7fb2-c8ce-4a79-83d4-302b7cca2b57,Kathy,Skipp,Female,kskippd1@t.co,(120) 4994814,9/26/2024,Software Test Engineer II
,8f2e8085-61b2-4d15-8fb4-e84480a6efa9,Corney,Campana,Polygender,ccampanad2@deliciousdays.com,(893) 9720054,6/3/2024,Research Associate
,aafa5030-db58-420e-8a9f-9795c1067d76,Jsandye,Menlow,Female,jmenlowd3@nationalgeographic.com,(475) 9291908,2/20/2025,VP Sales
,92a69a1a-377f-4291-ac8a-7bad6873a3a2,Norri,Audus,Female,naudusd4@blogtalkradio.com,(589) 4624272,4/18/2024,Senior Financial Analyst
,86dd75e1-b2e0-4ad6-88db-e0a4fb1a7822,Angelika,Robinette,Female,arobinetted5@people.com.cn,(128) 4491033,5/2/2024,Executive Secretary
,5c77088d-9bdf-4b24-83fe-cb499e0d6be4,Templeton,Benton,Male,tbentond6@statcounter.com,(681) 2032211,7/16/2024,Occupational Therapist
,0fa7efca-57be-4c6d-bba0-0c3bf4c997d5,Edmon,Markham,Male,emarkhamd7@ning.com,(827) 3891275,2/26/2025,Chief Design Engineer
,2364c43f-85d9-4b6f-91d5-9625d18c317f,Saunders,Gibbin,Male,sgibbind8@drupal.org,(682) 2769755,1/10/2025,Software Test Engineer II
,266ad5a5-8874-4a85-9d79-b73a1d106481,Lynett,Hambridge,Genderqueer,lhambridged9@zimbio.com,(708) 6321068,4/17/2024,Information Systems Manager
,613f1565-2b03-4fc5-93c6-624188aaa7e4,Tiff,Mathevet,Female,tmathevetda@google.de,(521) 6053242,6/20/2024,Help Desk Operator
,1a8d5e02-fd87-4824-a9fb-b42465d3963d,Alanna,Templar,Female,atemplardb@paypal.com,(380) 6289695,2/18/2025,Senior Financial Analyst
,3e7bd0a4-a4e9-4099-bbd5-c1e0a0e75ba4,Bendick,Halloran,Male,bhallorandc@macromedia.com,(692) 5697536,12/29/2024,Research Associate
,a1167e8a-6f7a-4613-a54a-59b17ef83628,Sigismondo,Zanolli,Male,szanollidd@geocities.com,(600) 7079370,8/25/2024,Budget/Accounting Analyst III
,fe81448c-06e7-45c3-8a58-d0051fb32fba,Roderick,Dibbin,Male,rdibbinde@yolasite.com,(220) 6910114,9/28/2024,Director of Sales
,8f6a53d5-232d-4a09-a9aa-5675845df67b,Johnath,Cowsby,Genderqueer,jcowsbydf@noaa.gov,(996) 3293783,4/20/2024,Product Engineer
,b90b24e5-0b65-4096-809f-d19bfcb8d51d,Jeanne,Rottgers,Female,jrottgersdg@wikispaces.com,(245) 7291454,10/4/2024,Help Desk Technician
,325e2002-df8d-4cbc-80ba-159e87ba05a0,Blanca,Wingeatt,Female,bwingeattdh@reddit.com,(584) 2004352,3/23/2024,Paralegal
,f70e511e-d548-4878-b599-ecc40eb0f950,Mireille,Parken,Female,mparkendi@discovery.com,(456) 9036757,6/22/2024,Administrative Assistant IV
,5d7cb7df-305e-470d-9d15-b167f8d05b1b,Krystal,Maldin,Female,kmaldindj@furl.net,(371) 5145684,3/6/2025,Physical Therapy Assistant
,d46d7449-be56-47ca-bd80-2691826171bd,Glenda,Mellings,Female,gmellingsdk@businessweek.com,(387) 4760447,8/29/2024,Marketing Manager
,32b43f6e-6a6e-46c6-b8c5-441da34c3a69,Gregoor,Nosworthy,Male,gnosworthydl@ft.com,(743) 7830343,8/20/2024,Administrative Assistant IV
,cc355c7c-2cb6-456d-a54f-6c9aeb9ed24c,Cliff,Keohane,Male,ckeohanedm@friendfeed.com,(484) 7692424,11/30/2024,Quality Engineer
,53936144-ad36-48aa-84f6-376bc3f8fe6e,Alexandre,Gianuzzi,Male,agianuzzidn@nbcnews.com,(785) 6261808,8/26/2024,Computer Systems Analyst II
,4f9e8c40-0fd4-4fe2-a9bd-12a083d869ef,Leigh,Jelly,Female,ljellydo@discovery.com,(945) 2380996,4/8/2024,Assistant Professor
,95e42bb5-30ad-4fe1-8872-41b25b93d9ca,Johnny,Dymidowski,Male,jdymidowskidp@imgur.com,(970) 1713757,8/15/2024,Recruiting Manager
,115bc80e-bdc4-4659-936e-26db00f0a674,Theo,Lemmers,Male,tlemmersdq@wikipedia.org,(144) 1237329,5/8/2024,Financial Advisor
,1a65e75b-69ae-42fa-974c-c33429ba7e7f,Dorena,Gentry,Female,dgentrydr@edublogs.org,(507) 5237649,12/23/2024,Engineer I
,0e7bf01c-3cc5-46c4-9122-84694b762123,Audre,Duncan,Female,aduncands@berkeley.edu,(140) 9620613,7/26/2024,Safety Technician IV
,9bce3b19-e583-47da-a5ac-7255814a18a9,Helene,Pauli,Non-binary,hpaulidt@dion.ne.jp,(389) 4540627,10/10/2024,Environmental Tech
,e70dde85-2e5a-41bf-8c76-3bb9951fcd78,Boigie,Clewarth,Male,bclewarthdu@bravesites.com,(545) 9758025,6/7/2024,Desktop Support Technician
,006f63ae-0ccf-41ba-961c-23c1c7f252d7,Reider,Mosdill,Male,rmosdilldv@furl.net,(782) 3324537,9/16/2024,Environmental Specialist
,f975398c-a99e-4d19-8682-9c6db33dcb17,Clarke,Harbisher,Male,charbisherdw@bloomberg.com,(392) 6179902,6/5/2024,Software Engineer IV
,e431bd59-3af5-4557-8622-a9630e6f1c01,Audry,Harvison,Female,aharvisondx@com.com,(247) 9650754,3/25/2024,Civil Engineer
,94afccc1-2499-4e7c-9eae-28656ccf4b0e,Charlena,Robertson,Female,crobertsondy@typepad.com,(885) 6901010,3/1/2025,Data Coordinator
,ab726590-dc2e-41d6-8394-8af7cada725e,Vasili,Winkett,Polygender,vwinkettdz@wikipedia.org,(223) 1485519,10/22/2024,Sales Associate
,5e97a345-fd58-4846-87c2-1cedcc450982,Irvin,Girth,Male,igirthe0@ucoz.ru,(280) 6465575,4/18/2024,Financial Advisor
,8809a35a-9740-49d3-8bf1-3bc6cb03d776,Josefa,Craigmyle,Female,jcraigmylee1@nba.com,(385) 3975151,2/1/2025,Senior Sales Associate
,1b97ae0b-b150-4bcc-b9b0-b7ed3b62c829,Laurel,Statter,Female,lstattere2@wisc.edu,(900) 9531228,1/1/2025,Associate Professor
,ac402ded-627c-43b3-9b97-a2d1bb368726,Adolphus,Acock,Male,aacocke3@feedburner.com,(224) 3685943,8/21/2024,Marketing Assistant
,a109c307-d7fd-439c-a815-1169747ba077,Valery,Titley,Female,vtitleye4@arizona.edu,(691) 4117325,12/26/2024,Geologist I
,c8da3791-5f99-4cd2-b4c1-7f12db88d32c,Alfie,Hennemann,Male,ahennemanne5@chron.com,(304) 5282579,5/28/2024,Web Designer I
,29c20b6c-2fd9-410d-b606-09972a8f56e9,Harvey,Suddards,Male,hsuddardse6@aboutads.info,(867) 9537409,6/19/2024,Graphic Designer
,c1bb9833-c77b-46de-b01b-2e7f19979379,Son,Harbison,Male,sharbisone7@zdnet.com,(415) 5668221,6/26/2024,Physical Therapy Assistant
,e1d0f11f-df02-42c1-aa0f-40d39b0e3765,Cloe,Viggars,Female,cviggarse8@shareasale.com,(684) 9544640,10/21/2024,Environmental Specialist
,b9584d17-97f2-4678-b5ba-6bf8d2e2179b,Rog,Hugk,Male,rhugke9@flickr.com,(902) 4267882,8/26/2024,Nurse
,361cde1a-c982-45c2-b47c-d7176af1a96b,Meris,Coghlin,Female,mcoghlinea@rambler.ru,(496) 8668187,4/22/2024,Systems Administrator IV
,0571db7a-9d74-4309-a89e-c4023c4ae80c,Kristian,Drewett,Male,kdrewetteb@smugmug.com,(180) 1478799,6/24/2024,Director of Sales
,380f1426-d436-4151-8464-9d91fc6d0960,Samson,Beneze,Male,sbenezeec@ca.gov,(283) 5999658,12/11/2024,Web Developer IV
,beeabe4a-2652-4bb5-b46f-98f849f900c6,Kerwin,Hedon,Male,khedoned@odnoklassniki.ru,(815) 4507883,7/20/2024,Office Assistant I
,ccef72bd-8078-430f-94f0-864172c9166b,Dasha,Kelcey,Female,dkelceyee@naver.com,(680) 5182718,5/19/2024,Legal Assistant
,d188df55-3621-4f03-9d08-692210a8156c,Cindee,Storcke,Female,cstorckeef@csmonitor.com,(755) 4099464,12/26/2024,Account Representative IV
,a5f861da-c177-4375-91b9-53684fb059c2,Theodore,Cuchey,Male,tcucheyeg@scientificamerican.com,(652) 3242332,3/24/2024,Nurse
,87e21de2-4ed7-48cf-9fc7-fa7fab7f396c,Kiri,Rodbourne,Female,krodbourneeh@geocities.com,(189) 4334440,7/20/2024,Senior Editor
,74935608-de45-46ff-aa6b-1261ef04f989,Kyle,Loddon,Female,kloddonei@merriam-webster.com,(168) 5931505,12/15/2024,VP Marketing
,c45101ce-1080-446f-a56d-67561db8fc14,Kala,Sacks,Female,ksacksej@woothemes.com,(980) 7203587,2/11/2025,Recruiter
,e691bb3a-0fc7-48a6-8c8e-057eec9074f9,Herculie,Mulmuray,Male,hmulmurayek@upenn.edu,(419) 4440956,5/4/2024,Nurse Practicioner
,8a73615a-d060-4fcc-9118-4ef544b88674,Alene,Messer,Female,amesserel@prnewswire.com,(463) 9976456,12/29/2024,Health Coach IV
,e285d9d0-3fbf-460f-9f09-e9b8b2cdd1bd,Adore,Giraux,Agender,agirauxem@canalblog.com,(605) 8619332,12/18/2024,Civil Engineer
,fb21998e-2bf3-433c-8677-de4782c132a6,Donni,Tapply,Genderfluid,dtapplyen@diigo.com,(779) 2949314,12/5/2024,Business Systems Development Analyst
,ffbbaef7-8fa4-46de-a6af-cba3416f3f52,Petronia,Krikorian,Female,pkrikorianeo@alexa.com,(550) 3337719,1/24/2025,Automation Specialist III
,130eaa8c-f4cc-4bc6-bdab-6be6db0e3eb9,Peta,Burgiss,Female,pburgissep@wordpress.com,(765) 6121258,12/22/2024,Cost Accountant
,3f500aef-e710-4ef2-86ec-4e36583d6ad9,Berte,Defont,Female,bdefonteq@uiuc.edu,(904) 9034042,4/5/2024,VP Marketing
,6a1ab50c-cf90-44bc-a202-91df00fcc150,Teodoro,McInally,Male,tmcinallyer@diigo.com,(747) 2500697,9/25/2024,Junior Executive
,a868343c-2285-4a17-888f-a6823aa423bf,Cherish,Scotchmor,Female,cscotchmores@paypal.com,(838) 7531811,5/22/2024,Clinical Specialist
,fc1b9050-8446-47ec-8ad5-6ce6cda07727,Dayle,McBratney,Female,dmcbratneyet@constantcontact.com,(773) 4825854,12/29/2024,Technical Writer
,fb5f309c-4a6e-41cc-bd54-23dc485949ec,Lotti,Couves,Female,lcouveseu@msn.com,(520) 4065602,2/5/2025,Developer IV
,b7b05bf3-5743-4e95-a277-6d39c99a3ac8,Averell,McCann,Male,amccannev@wired.com,(511) 9003293,1/17/2025,Speech Pathologist
,1deb6383-a9d7-4d90-94a0-626b0c37aaee,Dionysus,Egerton,Male,degertonew@forbes.com,(243) 8484451,11/29/2024,Marketing Manager
,a889f63b-c5bf-42a8-9609-89a328cc23ee,Humfrid,Coldman,Male,hcoldmanex@people.com.cn,(437) 8603574,5/22/2024,Environmental Tech
,0edfa0ba-d046-492d-a121-eec28f937691,Desmond,De Zamudio,Agender,ddezamudioey@hud.gov,(312) 2899841,4/18/2024,Programmer Analyst III
,b33295e2-d0b7-4964-bef0-543c16e05205,Madison,Gumey,Male,mgumeyez@joomla.org,(467) 4849994,6/23/2024,Speech Pathologist
,dd1205ef-296c-4acf-a73e-d1c73118a61b,Kaila,Dall,Female,kdallf0@amazon.com,(690) 6388693,5/1/2024,Electrical Engineer
,f8e3762c-1f82-4bb5-865b-211f52257ac6,Harp,Tax,Polygender,htaxf1@surveymonkey.com,(956) 8119871,4/2/2024,VP Marketing
,e051054f-ca4a-475d-9378-79bbb8c5dcd6,Arnuad,Willatts,Male,awillattsf2@thetimes.co.uk,(115) 5358092,9/5/2024,Engineer IV
,42cc2b48-e60c-4c25-9523-1d17255bb2f6,Stewart,Jarrelt,Male,sjarreltf3@wunderground.com,(116) 4202233,11/6/2024,Community Outreach Specialist
,d4ac2529-21af-4c5c-b17b-cefca461314a,Shelagh,Pearcehouse,Female,spearcehousef4@icq.com,(449) 4467517,5/29/2024,Research Assistant I
,b3cecc62-a40f-434e-89c4-bd1d53ff1d3e,Caz,Samsin,Male,csamsinf5@opensource.org,(254) 7253132,11/16/2024,Analog Circuit Design manager
,19bd0d82-49e8-4110-b7b5-52469ebf44e9,Bondy,Cohan,Male,bcohanf6@toplist.cz,(438) 6578548,1/30/2025,Senior Cost Accountant
,f2ce8e8f-d3c0-4d74-9056-07fb7e9d45ef,Patricio,Housin,Agender,phousinf7@kickstarter.com,(330) 2547049,4/24/2024,Accounting Assistant II
,e92a259d-3f12-4c1f-863f-c81270b32c0f,Nicol,Florentine,Polygender,nflorentinef8@indiegogo.com,(321) 1810427,8/30/2024,Structural Engineer
,3444414f-4b68-44f4-b12a-ee5de104e224,Lanni,Skaife,Female,lskaifef9@zdnet.com,(849) 6953634,5/6/2024,Accounting Assistant IV
,f7fa127b-9892-4490-8736-f1b135e720d1,Parsifal,Swalough,Male,pswaloughfa@amazon.co.jp,(890) 9403301,12/4/2024,Project Manager
,1eeaceac-759c-4398-bfa7-ddcdfffedb23,Francklin,Kurton,Male,fkurtonfb@sciencedirect.com,(582) 5255728,1/28/2025,Business Systems Development Analyst
,cfd92cfa-4d23-48db-8f5b-fdec007e475c,Edi,Harnell,Female,eharnellfc@last.fm,(693) 3234617,7/11/2024,Web Designer IV
,7d3bdb93-dcc6-4449-892d-a28a2fb8e716,Isis,Louthe,Female,ilouthefd@friendfeed.com,(907) 5620012,1/19/2025,Desktop Support Technician
,71ad0bfc-1eef-442c-9ec5-9a1ed9d32ef5,Rriocard,Crookes,Male,rcrookesfe@jigsy.com,(276) 9596835,7/18/2024,Community Outreach Specialist
,43f3f090-34d0-40ea-b57d-b6ad9ff8e36e,Daloris,Nice,Female,dniceff@netlog.com,(242) 3518581,8/6/2024,Geologist II
,4ca9edf2-a6a8-4f0a-a694-a181c0dd2e1a,Demetris,Wheble,Female,dwheblefg@yandex.ru,(202) 7265240,1/14/2025,Recruiter
,61a1845b-f9fd-408f-accc-9ba825749b24,Kath,Antonomoli,Female,kantonomolifh@privacy.gov.au,(358) 6456738,11/11/2024,Recruiting Manager
,a730ef73-6477-4c4c-a899-e48816cbe854,Felicio,Matyja,Male,fmatyjafi@wunderground.com,(379) 7699842,3/24/2024,Software Consultant
,cd8471e9-fb09-43da-8b64-9af6fa47c363,Jane,Kempson,Female,jkempsonfj@imgur.com,(426) 8207482,3/28/2024,Help Desk Technician
,ecfd6868-b3a7-4b03-b952-520e4aba21d1,Hermine,Middlemiss,Female,hmiddlemissfk@twitpic.com,(783) 2143332,6/24/2024,Design Engineer
,2d7e0f20-96e9-4a8e-a69d-edd008a30403,Marcelia,Tyrwhitt,Female,mtyrwhittfl@prweb.com,(281) 3160100,10/12/2024,Social Worker
,6dded85d-7a15-46b9-9092-371de17081b2,Ddene,Cubitt,Female,dcubittfm@ca.gov,(462) 9533378,5/10/2024,Business Systems Development Analyst
,4217ee82-9675-46b7-a67c-df5f5f66e3e6,Lynna,Oade,Genderqueer,loadefn@nytimes.com,(135) 1449826,5/27/2024,Structural Analysis Engineer
,abd58ceb-5cfc-4950-a1cf-d40859487944,Barde,Garter,Male,bgarterfo@accuweather.com,(754) 6160312,12/22/2024,Director of Sales
,d4d285ff-4c4f-4eb8-a11b-a23e36aa84a3,Rourke,Vignaux,Agender,rvignauxfp@nifty.com,(479) 7141409,9/26/2024,Teacher
,57a16101-71c6-40d7-9fa9-f936cc4fe78c,Rosmunda,Botcherby,Female,rbotcherbyfq@chicagotribune.com,(128) 1708437,7/25/2024,Design Engineer
,0864c218-b293-413d-a13f-cae1c0fed5f5,Pollyanna,Lemmer,Female,plemmerfr@oracle.com,(900) 7510903,12/9/2024,Editor
,ccda1618-0c18-4ec0-9f22-71c9ea0f6ce8,Daniela,Pierpoint,Female,dpierpointfs@ovh.net,(568) 9103317,9/21/2024,Senior Quality Engineer
,54c62e84-291d-41b8-8adf-cb9a44d3ecb1,Delmor,Cowins,Male,dcowinsft@etsy.com,(845) 3810746,4/2/2024,Office Assistant IV
,b354560c-c42b-4e76-bb77-26d11bbc088c,Chris,Riteley,Female,criteleyfu@facebook.com,(966) 8490058,9/22/2024,Actuary
,debc0d9d-6214-4074-b0fb-71e890099e1e,Malvina,Gilhool,Non-binary,mgilhoolfv@vistaprint.com,(562) 4871381,4/18/2024,Developer I
,94f7b0ab-894a-4b14-a65b-fc38769fa6f6,Bette-ann,Lehrer,Female,blehrerfw@ebay.co.uk,(541) 7758348,1/9/2025,Librarian
,665e4f53-516a-4b0d-8ee8-2b8949e8ac14,Douglass,Dundendale,Male,ddundendalefx@discuz.net,(195) 4057931,1/18/2025,Director of Sales
,5632ffb7-02ac-41bc-9fe9-1925fcbb4308,Lynnett,Kidgell,Agender,lkidgellfy@blinklist.com,(913) 5029800,6/8/2024,Help Desk Technician
,112c1e6c-273d-481f-ba09-e8df6ee1f5e6,Jojo,McKeand,Female,jmckeandfz@wunderground.com,(757) 5373017,5/21/2024,Software Engineer I
,78fa8c1c-a4a2-4fb8-8b30-09bcadc27388,Garnet,Wadsworth,Female,gwadsworthg0@creativecommons.org,(969) 6226533,1/27/2025,Engineer IV
,68329c25-547a-4e1b-88c3-539c2f36d843,Dominica,Novotne,Agender,dnovotneg1@abc.net.au,(787) 1885972,7/31/2024,Cost Accountant
,3da41edd-ed52-415d-81b8-665b64cf5272,Britt,Pharro,Bigender,bpharrog2@bloglines.com,(995) 9930720,10/3/2024,Help Desk Technician
,2ffd995d-bc36-4901-8101-e94b7e4d89e0,Marlyn,Kneeshaw,Female,mkneeshawg3@telegraph.co.uk,(279) 5713780,7/10/2024,Data Coordinator
,138ba8b9-c265-44e3-bdad-f33c96673d7b,Quintina,Elies,Female,qeliesg4@meetup.com,(360) 8155015,11/17/2024,Programmer Analyst I
,a1a6f2a1-6537-41c0-a513-44b2dddc4218,Leroi,Pittem,Male,lpittemg5@biblegateway.com,(174) 7338622,8/25/2024,Cost Accountant
,81939bd0-e470-4979-b660-8388542dd242,Rand,Luckett,Male,rluckettg6@yellowbook.com,(243) 2208811,9/19/2024,Food Chemist
,241cd376-f6a4-4edb-a6b9-bc81816f7fe7,Basile,Kinnard,Male,bkinnardg7@chron.com,(219) 5262744,5/16/2024,Director of Sales
,97ec9a61-82a8-4550-bc18-b6a5d89bff44,Coop,Rennison,Male,crennisong8@oakley.com,(185) 7375461,6/13/2024,Quality Engineer
,8b16d05c-fe88-4c09-bda1-b8334dc6efb3,Trista,Vankeev,Female,tvankeevg9@webnode.com,(273) 2633453,10/27/2024,Software Consultant
,8deb8f5e-d4ca-48c1-abe0-3abf6fc14b08,Bev,De Robertis,Male,bderobertisga@microsoft.com,(237) 7510582,10/2/2024,Pharmacist
,093a2ff5-986c-41c2-81ef-5c3de3acb840,Roanna,Hearnes,Bigender,rhearnesgb@tiny.cc,(372) 5102199,2/21/2025,Senior Quality Engineer
,76e9cc56-2ce7-43f1-8003-baf586552b3a,Annabel,Kershow,Female,akershowgc@hatena.ne.jp,(940) 2713457,12/12/2024,Web Designer I
,41e5366e-6568-49c8-9ee1-4500cd63ba5a,Carlen,Rabson,Female,crabsongd@fda.gov,(945) 7709597,9/27/2024,Electrical Engineer
,f10aab80-9c5c-44ca-8f9c-e8f6fb320711,Lenora,Pinchon,Female,lpinchonge@cdbaby.com,(894) 2018862,9/5/2024,Sales Associate
,6648a7bb-f7e0-445e-8cf5-492dbad6dc33,Carma,Moseley,Genderqueer,cmoseleygf@bloomberg.com,(175) 3285412,3/3/2025,Quality Engineer
,2d47ee64-afec-44af-a392-e3fee197b3ea,Jeromy,Mazzilli,Male,jmazzilligg@abc.net.au,(643) 1883895,7/6/2024,Administrative Officer
,a1211ecf-9ab1-4a4e-bfcf-e41aa9d3bb92,Robinett,Boosey,Female,rbooseygh@jugem.jp,(824) 4979383,8/11/2024,Senior Developer
,545aa2ef-436e-4f6a-a5a5-79963388813b,Calv,Sumers,Male,csumersgi@php.net,(129) 7958725,1/8/2025,Accounting Assistant IV
,493895d6-5173-4ec6-9494-a6e24535c144,Homerus,Buswell,Male,hbuswellgj@google.com.hk,(420) 2392483,9/26/2024,Quality Engineer
,0f77ba9b-2a74-46ff-91ec-69deb54bef86,Cesar,Plinck,Male,cplinckgk@people.com.cn,(520) 8612696,5/26/2024,Marketing Assistant
,7a86d3ec-9157-4bde-9961-5ebb5c05e92b,Malissa,Behn,Female,mbehngl@nhs.uk,(808) 2146217,6/17/2024,Structural Analysis Engineer
,c7af902c-bb01-48dd-a864-698f620d2f70,Cass,Slade,Female,csladegm@indiegogo.com,(328) 3654267,7/27/2024,Human Resources Manager
,07b01019-53af-4cee-a0d7-c66551bfba98,Lynea,Hagart,Female,lhagartgn@discovery.com,(656) 3800172,7/11/2024,Community Outreach Specialist
,c775085a-4a40-44c3-9b62-feb0741b52bc,Elizabeth,Leyden,Female,eleydengo@reddit.com,(285) 7995749,7/26/2024,Analyst Programmer
,a2660654-15f3-45f9-bb8c-88044383cc72,Dur,Klaaasen,Non-binary,dklaaasengp@networksolutions.com,(740) 5748050,5/1/2024,Executive Secretary
,01474562-5294-4418-bb34-72c602b17d58,Buddy,Cumpsty,Male,bcumpstygq@springer.com,(958) 7657880,5/21/2024,Dental Hygienist
,0b93891c-3632-448b-b519-5c1e6d6290c1,Elenore,Abby,Female,eabbygr@geocities.com,(615) 5868152,6/1/2024,Human Resources Assistant IV
,1126fead-0bbd-4b05-a287-c307e396dec5,Mervin,Bootman,Male,mbootmangs@wsj.com,(223) 9606662,5/17/2024,Accountant I
,cb1273a2-e5aa-415f-8942-64c10eb729b1,Creigh,O'Collopy,Male,cocollopygt@mashable.com,(203) 8922558,2/11/2025,Chief Design Engineer
,d05cc80b-687e-4b9a-a08a-89944e8947c6,Jessie,Ivell,Male,jivellgu@dion.ne.jp,(776) 7467338,4/21/2024,Quality Control Specialist
,51dd04fd-1ab9-41bf-a84b-a84b57eab94a,Ryann,Zealey,Female,rzealeygv@bizjournals.com,(801) 6115358,1/6/2025,Administrative Officer
,47b2dec1-3ae3-40a0-8a1e-534018d26895,Alexei,Andretti,Male,aandrettigw@theatlantic.com,(407) 4652901,11/7/2024,Civil Engineer
,b312e050-e55c-4387-881e-7cd6225fe9cc,Cathy,Alyonov,Female,calyonovgx@house.gov,(934) 5118111,4/12/2024,Web Designer I
,f0dddead-5a5b-4e23-b8a9-b7c3bba3a6bd,Roberta,Sprull,Female,rsprullgy@irs.gov,(272) 2099313,1/29/2025,Electrical Engineer
,b5a77170-6d5b-4960-9573-df67d2316bc3,Vinita,Moakler,Female,vmoaklergz@samsung.com,(631) 3267976,10/22/2024,Assistant Media Planner
,4dd303a6-24e5-41ee-83c2-a37480ad92ce,Robinett,Sarfass,Female,rsarfassh0@telegraph.co.uk,(976) 7178211,6/29/2024,Nurse
,18bb4da4-f265-4da0-9f41-84f6c39f3283,Alvy,Yellowlee,Male,ayellowleeh1@t-online.de,(232) 9182311,1/15/2025,Civil Engineer
,08daae16-b908-4ca5-abf8-65d1e2001daa,Kit,Cracoe,Bigender,kcracoeh2@huffingtonpost.com,(703) 1379045,10/20/2024,Analog Circuit Design manager
,1dc2ec7c-819d-4b3f-b342-62a17eb747b5,Joelynn,Borrell,Female,jborrellh3@unesco.org,(671) 1334105,2/11/2025,Assistant Media Planner
,33614283-9dc0-4d5e-a603-0d3968489499,Abigael,Larver,Female,alarverh4@goo.ne.jp,(299) 6386771,3/28/2024,Engineer III
,ea76864f-7817-478e-ba02-7c8b2e41112b,Chev,McAlester,Male,cmcalesterh5@opensource.org,(161) 1998946,1/22/2025,Marketing Assistant
,a7df8ffa-1932-409b-9838-c7e03a7a0a4b,Matty,Yellowlee,Male,myellowleeh6@intel.com,(677) 8969878,5/12/2024,Web Designer II
,398a2c82-086e-473a-a3fd-7ff388327169,Cornall,Hargerie,Male,chargerieh7@statcounter.com,(969) 7908472,6/29/2024,Actuary
,df925fa1-6416-4b5a-8fb4-5753d98cde16,Wenona,Simecek,Female,wsimecekh8@opensource.org,(819) 5852649,1/2/2025,Web Developer IV
,8fbc644f-8ece-4ff0-a719-03a657b0dc6e,Jerome,Jack,Male,jjackh9@usda.gov,(934) 6566790,4/17/2024,Associate Professor
,f0aef46b-8a12-4575-b7fe-c0de9c5566b1,Joshua,Bielfelt,Male,jbielfeltha@flickr.com,(125) 6889331,2/27/2025,Senior Cost Accountant
,c1daf100-dbe4-4a8a-b219-e4215477c647,Pammie,Guillard,Female,pguillardhb@shareasale.com,(154) 8655358,11/11/2024,Developer I
,583f1917-f3f2-4d5d-b3f1-2c87d4a3f839,Bruis,Causley,Male,bcausleyhc@wikipedia.org,(837) 2249258,3/1/2025,Data Coordinator
,554ff1d2-3457-4380-bd42-ea8cc7f22133,Daveen,Meugens,Agender,dmeugenshd@pinterest.com,(141) 2910091,4/11/2024,Graphic Designer
,947603dd-e1a6-456f-bd65-b691779b1035,Ramsey,Killough,Male,rkilloughhe@utexas.edu,(929) 1648816,11/26/2024,Senior Developer
,c26f9571-dc7e-474a-bc24-de63c39d5e50,Ari,Radbond,Male,aradbondhf@dot.gov,(720) 7826086,5/26/2024,Business Systems Development Analyst
,930d2744-2513-407a-bcff-f7cf124faa4b,Valle,Snugg,Male,vsnugghg@ibm.com,(588) 6151626,1/30/2025,VP Quality Control
,e0b9d6a9-5f39-45e4-aad5-059dde25c5cd,Carce,Fussell,Male,cfussellhh@skyrock.com,(771) 2577812,4/23/2024,Financial Analyst
,a63955d6-34b0-4caa-976f-b74a6c94872e,Abran,Rodenborch,Male,arodenborchhi@timesonline.co.uk,(446) 6394164,1/2/2025,Tax Accountant
,1cca6657-98e6-4024-be91-1338e966522c,Klarika,Winterflood,Female,kwinterfloodhj@youtube.com,(646) 5793058,7/20/2024,Programmer III
,e6dbbdfa-8204-4edd-a2d8-c78095bc477f,Kelcie,Bartholomieu,Female,kbartholomieuhk@fotki.com,(169) 5725296,4/30/2024,Help Desk Technician
,9c050a3f-0980-4e7a-86af-8332f8cf2ebb,Cher,Laven,Female,clavenhl@whitehouse.gov,(606) 6209691,4/5/2024,Executive Secretary
,a62d175a-81b7-406a-89fa-e1e5133d34ca,Aurelia,Clail,Female,aclailhm@taobao.com,(889) 8825642,2/9/2025,Technical Writer
,cf2ee1ea-5b8f-4c80-89c9-cba3c75e34be,Kailey,Hayfield,Female,khayfieldhn@diigo.com,(121) 3699921,2/19/2025,Nurse Practicioner
,5d8ab88a-a147-48de-9b9c-67ca770c74ed,Giustino,Passby,Male,gpassbyho@wikipedia.org,(754) 4513545,5/2/2024,Mechanical Systems Engineer
,0ec6b2b5-0d6e-4fab-9ecf-74b2e1bd4906,Rob,Nolda,Male,rnoldahp@spiegel.de,(706) 1345165,3/9/2025,Marketing Manager
,c3d386be-68f1-430d-9285-0b20aab7e922,Kimmie,Carstairs,Female,kcarstairshq@japanpost.jp,(523) 5460347,4/20/2024,Geological Engineer
,eb5958d0-53b2-452b-8592-00fca0a0d0dc,Simone,Fannin,Male,sfanninhr@twitpic.com,(444) 9326576,12/21/2024,Software Test Engineer II
,6109c013-792f-44ca-b9e8-212d9ea6ea73,Iggy,Hastie,Male,ihastiehs@marketwatch.com,(820) 4410466,3/21/2024,Account Executive
,47f04f39-a375-4b03-b1ef-d76c210c6cfb,Britt,Fulloway,Male,bfullowayht@irs.gov,(968) 6038127,5/14/2024,Information Systems Manager
,761c64b3-477a-4957-804b-47f6ace26246,Earle,Danforth,Male,edanforthhu@cpanel.net,(320) 2098741,7/4/2024,Software Engineer I
,6ff2699e-635c-4197-8bbc-628f6646bc29,Humfrid,Gladdin,Male,hgladdinhv@smh.com.au,(877) 4333848,5/7/2024,Speech Pathologist
,dbd2d73a-9acd-40da-b502-f4ea4085a377,Eustace,Kynaston,Male,ekynastonhw@google.ca,(667) 1740402,1/29/2025,Database Administrator III
,5ec16466-7403-4539-966d-0b76551e2131,Lucky,Cleatherow,Agender,lcleatherowhx@ihg.com,(161) 5628432,1/16/2025,Nuclear Power Engineer
,beaf58fe-577f-4f10-a520-ae369a718443,Allix,MacEllen,Female,amacellenhy@tumblr.com,(246) 2283228,4/8/2024,Analog Circuit Design manager
,0ad3ccdd-a0a0-49bd-867d-28f8a2047e55,Marjorie,Nielson,Female,mnielsonhz@quantcast.com,(550) 3002399,8/19/2024,Geological Engineer
,804fcbfa-e7e2-4879-8a7a-1edc1b5a376b,Norine,Nijssen,Female,nnijsseni0@psu.edu,(930) 1927314,1/29/2025,Automation Specialist III
,cbaa335d-3060-42f7-8fc7-1eedb76235f5,Yasmeen,Yurchenko,Female,yyurchenkoi1@google.co.jp,(846) 2596677,3/24/2024,Editor
,ad594ca1-d739-4212-b953-09d5d27d2c9b,Piotr,Tickle,Male,pticklei2@opera.com,(984) 1106984,7/24/2024,Systems Administrator I
,6cd00595-de5e-49ef-b3ae-d89017ae46c9,Livvyy,Bishell,Female,lbishelli3@goo.ne.jp,(925) 7567316,8/29/2024,Junior Executive
,e164f6a6-f140-4d9c-8654-82d2a7edd2a3,Urbano,Ambrosoni,Polygender,uambrosonii4@qq.com,(934) 8498428,7/23/2024,Chief Design Engineer
,70b695c2-4824-42fa-a324-4bd6389a1d1d,Kerrie,Trevance,Female,ktrevancei5@homestead.com,(891) 6244858,4/26/2024,Recruiter
,7a704ff0-ab8c-478a-b0c9-a4e3bf8e32fc,Theresa,Prando,Female,tprandoi6@marriott.com,(579) 5074240,3/24/2024,Civil Engineer
,6d7c3ead-bdd6-422f-9cee-9d582aa23eb7,Phyllis,Itzkovitch,Female,pitzkovitchi7@webnode.com,(754) 7897359,4/21/2024,Staff Accountant III
,bbf78dc0-5ad3-4a51-8c31-1e89ffa4ea61,Davidde,Justis,Male,djustisi8@webs.com,(926) 1228865,11/1/2024,Structural Engineer
,8665e404-98ed-4f66-aa7e-9b2da7d213d4,Kalli,Sketh,Female,kskethi9@nyu.edu,(299) 6084445,6/16/2024,Chief Design Engineer
,572f53f3-fadb-4441-b639-d669d652ec2f,Nickie,Jerok,Male,njerokia@apple.com,(129) 5034425,4/12/2024,Staff Accountant IV
,416c3163-4d2c-439a-bfc5-62dd18351792,Shanan,Gainsburgh,Male,sgainsburghib@furl.net,(233) 5779460,3/14/2025,Software Consultant
,25b2ba2a-c15b-46ad-abc8-34266702a2ae,Zak,Jerok,Male,zjerokic@upenn.edu,(292) 9952951,10/5/2024,Account Representative IV
,a3cd27b3-8041-44d4-ab56-1762d530a5e8,Dore,Wreak,Female,dwreakid@europa.eu,(919) 1508860,10/10/2024,VP Sales
,a94068e7-c5dd-4a9b-902d-7145ab1eaa4d,Vania,Matthewman,Female,vmatthewmanie@canalblog.com,(609) 2696073,8/17/2024,Legal Assistant
,5b440e2e-edad-4a2e-9438-7c84a788a85d,Cleon,Vellender,Male,cvellenderif@typepad.com,(407) 5574956,4/26/2024,Compensation Analyst
,84ca7dfe-ef1a-4784-b362-9634a8d4d84e,Estella,Freiburger,Female,efreiburgerig@berkeley.edu,(878) 8279059,5/29/2024,Health Coach III
,99a4be11-19e3-4f66-8508-ec5d2a8816c5,Mandel,Creffield,Male,mcreffieldih@studiopress.com,(962) 1145217,12/5/2024,Systems Administrator III
,94f13224-ab25-4467-b636-5a00e789859c,Charo,Malloy,Female,cmalloyii@hubpages.com,(357) 3184630,4/10/2024,Information Systems Manager
,2ff37f97-1b03-4890-9ba4-3dda5b4427c9,Beverlie,Upchurch,Female,bupchurchij@guardian.co.uk,(354) 5253634,7/6/2024,Web Designer II
,3eb2ad50-7260-4530-99a3-89b7a1b690e4,Basia,Hincks,Female,bhincksik@altervista.org,(304) 3986033,3/24/2024,VP Quality Control
,ec2db96a-4c97-469a-87fc-803ba8c8fc5f,Thornton,Skelcher,Male,tskelcheril@comcast.net,(297) 2219332,7/7/2024,Research Assistant IV
,afc8b8ef-91a6-4607-88a7-d610d63bfa9b,Vita,Hodjetts,Female,vhodjettsim@odnoklassniki.ru,(221) 9505868,1/15/2025,Senior Cost Accountant
,6b84e294-1329-4c32-8c5b-4d70a30c8ddc,Kelwin,Abramovici,Male,kabramoviciin@ning.com,(266) 5743082,10/24/2024,Software Test Engineer IV
,f5d1fffb-cb6c-457a-8482-b5afaa4636ca,Max,Rudge,Male,mrudgeio@wordpress.org,(707) 8059451,11/5/2024,Statistician I
,b0a9a733-d6b6-4b55-b905-c2df395a2693,Thorstein,Bertson,Male,tbertsonip@issuu.com,(212) 4517134,7/19/2024,Administrative Officer
,2aee9632-ff38-4e71-84d1-2a88557245ea,Gunter,Jarmain,Male,gjarmainiq@tmall.com,(981) 2681516,4/26/2024,Senior Editor
,0e446afc-eb32-4b11-88b8-31fa5180d2ca,Emalee,Tripe,Female,etripeir@reuters.com,(305) 3569465,3/27/2024,Sales Representative
,40380f0d-392b-46d3-9ae2-d0830fbf5ac3,Cam,Sproul,Male,csproulis@chicagotribune.com,(653) 2606402,8/28/2024,Staff Scientist
,e6f8ff0c-4422-42b9-8941-1fa559e3f55b,Geri,Durnall,Male,gdurnallit@cbsnews.com,(325) 5735238,10/6/2024,Actuary
,15d5883e-f459-4fd0-a3fb-845507d9c56b,Son,Earney,Male,searneyiu@jigsy.com,(871) 9324917,4/11/2024,Nuclear Power Engineer
,21d96ca0-b254-42ce-870a-e8d48f15c75c,Verna,Astall,Female,vastalliv@huffingtonpost.com,(949) 4899337,6/16/2024,Structural Analysis Engineer
,dd48d50c-6761-4d6e-9585-53a49aff81fb,Lexine,Basnett,Female,lbasnettiw@ca.gov,(264) 5146186,5/24/2024,GIS Technical Architect
,1e16f53c-02ff-411a-b05e-2ec124bdd221,Van,Esley,Agender,vesleyix@studiopress.com,(909) 3400500,8/17/2024,Quality Engineer
,5ed267ae-a030-4171-b5d1-86e0a7468754,Evonne,Joanaud,Female,ejoanaudiy@accuweather.com,(822) 9805229,4/3/2024,Computer Systems Analyst I
,519caaba-cf55-4c63-addf-5fbdd7b37f2e,Florri,Petran,Bigender,fpetraniz@twitpic.com,(339) 8534699,12/7/2024,Software Test Engineer III
,c50e4737-4235-4d8a-a4a1-ddd78f6fed53,Sayre,Camilleri,Male,scamillerij0@canalblog.com,(819) 3466492,8/21/2024,Statistician I
,5941a7f4-72a8-4974-9955-56f3ca0af4f4,Madelon,Birkwood,Bigender,mbirkwoodj1@wunderground.com,(403) 8957708,4/13/2024,Budget/Accounting Analyst IV
,fb9bb66b-9d4f-4967-aa35-2556756df41a,Giulia,Waine,Female,gwainej2@sciencedirect.com,(862) 9261547,5/3/2024,Senior Editor
,2a8a3fce-689d-43cf-aec7-cd2804a379cc,Saleem,Jerzyk,Male,sjerzykj3@vistaprint.com,(952) 7262040,12/30/2024,Tax Accountant
,717ff7e0-65f2-4667-b898-1b7229ce3de9,Osborn,Riddington,Male,oriddingtonj4@de.vu,(510) 3952190,2/26/2025,Librarian
,759224b2-864d-4f5b-9c4c-9d9cef5d1f24,Delmore,Aberdeen,Male,daberdeenj5@pcworld.com,(805) 5192220,12/8/2024,Chief Design Engineer
,30044aba-c9ca-42ab-acfb-2a10f9ba6279,Alma,Theml,Female,athemlj6@barnesandnoble.com,(158) 3283075,11/14/2024,Data Coordinator
,cd7c26c3-f1b9-45b6-a133-b47ba9c7032b,Milena,Borzoni,Female,mborzonij7@mysql.com,(740) 5117670,11/24/2024,GIS Technical Architect
,1bd562b9-d4bf-49c2-80e9-336402eeae61,Marvin,Lefwich,Male,mlefwichj8@admin.ch,(966) 5476717,8/18/2024,Nurse Practicioner
,37b6e2b5-4272-4c62-ae7e-d26d07a2648f,Sonnie,Lamlin,Genderfluid,slamlinj9@dailymotion.com,(245) 7131805,2/24/2025,Research Nurse
,fc372a6b-29b9-4787-81b5-6b65c8c787ca,Jean,Gerrit,Bigender,jgerritja@salon.com,(341) 1199977,12/20/2024,VP Product Management
,89d93517-ab87-4441-b87a-cf60f3648fd0,Tomaso,Ballister,Male,tballisterjb@ebay.com,(527) 3196520,4/8/2024,Software Engineer IV
,7fc4a8e5-a9e7-4aca-9372-0bf252e9d91a,Elnar,Tidbury,Male,etidburyjc@biblegateway.com,(358) 4874397,7/31/2024,Chief Design Engineer
,55c35c2c-1883-4c34-b197-8005bc414aa4,Byrom,Pinnere,Agender,bpinnerejd@technorati.com,(150) 3134594,6/22/2024,Junior Executive
,35297b6d-c548-4bdf-851c-c8779b75619e,Jacky,Patifield,Male,jpatifieldje@tiny.cc,(668) 7988874,12/1/2024,Marketing Assistant
,4ff6ab96-5a35-45fc-9fa8-738a01c9d04e,Kasey,Balsellie,Female,kbalselliejf@addtoany.com,(456) 5475516,6/29/2024,Civil Engineer
,e6f73c14-d18e-46fb-9b1b-47ae5deff088,Prescott,Anfusso,Bigender,panfussojg@dot.gov,(144) 8728455,3/21/2024,Design Engineer
,95bf0b0f-a91b-4ec8-b217-b8d84959bb1d,Mame,Grimme,Female,mgrimmejh@virginia.edu,(580) 9624333,12/31/2024,Programmer III
,83540d4c-ed4e-4d50-bdad-17fa40edece0,Georgie,Wolfenden,Male,gwolfendenji@networkadvertising.org,(964) 9495681,10/11/2024,Product Engineer
,6fa1b48b-0bdb-4f79-9123-c95be2bd807b,Shurwood,Covet,Male,scovetjj@exblog.jp,(896) 9725774,7/13/2024,Cost Accountant
,aa10e984-0238-4440-b5ec-703866773068,Agustin,Line,Male,alinejk@archive.org,(468) 6026737,8/31/2024,Pharmacist
,957cbc6e-8cd7-4323-9cb1-4f88ad8d0a5d,Hector,Newart,Male,hnewartjl@oaic.gov.au,(877) 9951769,8/26/2024,Teacher
,9705f6c7-48e3-4207-8f37-12946b00adbd,Pattin,Rundall,Male,prundalljm@newsvine.com,(597) 7138281,2/18/2025,Office Assistant I
,3e3fea44-d524-4361-953f-9be69bcd722e,Feliza,Beautyman,Polygender,fbeautymanjn@360.cn,(456) 3660063,4/13/2024,Marketing Assistant
,53d2e7ed-6056-41e7-b0e4-3439cfc39e5c,Kayne,Goschalk,Male,kgoschalkjo@wp.com,(157) 9030646,8/26/2024,Civil Engineer
,5df3dea8-dbe8-4f15-8064-f455644463a5,Gothart,Clarkson,Male,gclarksonjp@washingtonpost.com,(769) 6823423,2/9/2025,Computer Systems Analyst III
,407c354e-c003-40ad-9620-f9d1a99c738f,Alec,Paradyce,Bigender,aparadycejq@skype.com,(814) 7155655,1/19/2025,Nuclear Power Engineer
,7dae3db6-a8fe-479c-95f7-d91da708d18e,Griffin,Kinsett,Male,gkinsettjr@naver.com,(905) 9975174,3/17/2024,Programmer Analyst IV
,a81ccb3b-d06a-4cee-afea-89de937d3366,Angela,Lovegrove,Genderqueer,alovegrovejs@disqus.com,(417) 7108206,7/29/2024,Professor
,36864ae6-521c-448c-8adc-5789f2b0b3d3,Malachi,Cabrera,Male,mcabrerajt@xinhuanet.com,(743) 2056135,1/15/2025,Business Systems Development Analyst
,050ca66b-587f-4ff6-9640-d1fdeb9f6988,Melicent,Slimm,Female,mslimmju@opera.com,(339) 6808389,11/6/2024,Registered Nurse
,ec614581-8427-44b0-9edf-23460fcf5889,Micky,Appleby,Male,mapplebyjv@naver.com,(964) 8057136,6/26/2024,Help Desk Technician
,3947b38f-63ef-4833-9559-5b49725ea580,Rosalinde,Meynell,Female,rmeynelljw@elegantthemes.com,(782) 6334072,3/27/2024,Database Administrator II
,4b153774-379e-4a94-9228-a1beea8af187,Annabal,Cooke,Female,acookejx@google.com.au,(361) 9185272,1/24/2025,Marketing Assistant
,1244c3c2-a856-4be0-8b6a-d8d4fedfd42d,Burton,Longlands,Male,blonglandsjy@eventbrite.com,(813) 6078530,6/17/2024,Staff Scientist
,ed848ec1-7c76-49f8-a3d2-c38d1ad2790f,Cathrine,Roscrigg,Non-binary,croscriggjz@woothemes.com,(367) 5787246,5/18/2024,Environmental Specialist
,871aca22-8c02-4633-b13a-f07f900f26bd,Trstram,Handling,Male,thandlingk0@gizmodo.com,(780) 4338704,9/23/2024,Pharmacist
,b296803a-5941-4b01-be0e-8f8f1078ccc3,Andrea,Giraldo,Male,agiraldok1@biglobe.ne.jp,(481) 9303922,7/26/2024,Civil Engineer
,05fa94a3-d0c4-42b6-87af-c4914fbf195e,Ebony,Greetland,Female,egreetlandk2@cnet.com,(573) 3614278,11/2/2024,Help Desk Operator
,91419488-9cac-46b7-afcf-9a6d57eea964,Bary,Etchell,Male,betchellk3@sitemeter.com,(343) 1134367,4/18/2024,Social Worker
,851dc6a0-5c98-45f7-a522-66972c3648f4,Zaneta,Trencher,Female,ztrencherk4@mapquest.com,(646) 3129243,9/23/2024,Research Associate
,3d94d32e-ac3c-4b84-b3b7-c292bd9a239e,Enrica,Louw,Genderfluid,elouwk5@squarespace.com,(483) 9995014,11/23/2024,Registered Nurse
,cc8123d5-7aad-452d-af74-0eafb3c56f7b,Carolyne,Learmont,Bigender,clearmontk6@dyndns.org,(304) 3992949,12/5/2024,Account Representative IV
,215cdea7-e6e9-42ea-bf86-0ad27532ff37,Zitella,Dies,Female,zdiesk7@arstechnica.com,(504) 9823484,2/3/2025,Civil Engineer
,d7a62d93-3055-477b-a553-4a6d4fc3d205,Gaby,Shea,Male,gsheak8@indiatimes.com,(668) 6303333,12/13/2024,Research Nurse
,5a05f905-0b3d-494f-a659-dd0820956add,Lindsay,Kabisch,Male,lkabischk9@patch.com,(973) 3841267,3/14/2025,Nuclear Power Engineer
,50b17afe-5f51-40c3-a81a-5c2564c28952,Wynne,Auten,Female,wautenka@typepad.com,(132) 2667401,4/7/2024,Director of Sales
,8a2af4dc-2ae2-4a88-9ea1-7384282e16f4,Kinnie,Melburg,Male,kmelburgkb@washington.edu,(321) 1238517,10/19/2024,Product Engineer
,f18e98f7-210a-4556-b77e-889f227b2531,Andreana,Bickers,Female,abickerskc@friendfeed.com,(118) 2934463,10/28/2024,Account Representative III
,4a8b10e2-f381-4892-9f14-ae9c0dce218a,Ephraim,Coppo,Male,ecoppokd@seesaa.net,(229) 1569818,1/8/2025,Environmental Specialist
,f6d74ded-6fe8-4db7-9a15-10151cb43ab4,Tabor,Knowles,Male,tknowleske@ca.gov,(600) 1483515,5/1/2024,Marketing Manager
,d83d2883-d1c1-4cf2-ab4f-a186427b88c7,Teddy,Egerton,Male,tegertonkf@facebook.com,(146) 5019773,3/8/2025,Legal Assistant
,2fcf08db-b7d1-400f-a236-16ec3ed6e8df,Melba,Hackinge,Female,mhackingekg@wikispaces.com,(552) 8315867,8/19/2024,Technical Writer
,1ef50b40-771f-4def-9966-406de8347775,Elsy,Baggaley,Female,ebaggaleykh@nydailynews.com,(750) 9061730,5/1/2024,Marketing Assistant
,faa18621-67d8-4dea-a8ad-86c2476f2833,Dara,Kinsell,Female,dkinsellki@independent.co.uk,(481) 5356902,4/1/2024,Payment Adjustment Coordinator
,daba0834-e062-4767-b545-f4bacc5bb2d9,Joline,Jennison,Female,jjennisonkj@gravatar.com,(536) 3988994,3/25/2024,Teacher
,ba4f4bd7-3fa1-4940-bff8-3681ee37ba36,Erhart,Dickenson,Male,edickensonkk@360.cn,(640) 3355701,10/16/2024,Help Desk Operator
,3b8879fa-dfc0-45c6-92d3-eb91b40309a4,Walther,Dengate,Male,wdengatekl@washingtonpost.com,(585) 4024227,1/5/2025,Nurse Practicioner
,b3175114-2073-45e0-8878-ebfaab621429,Rawley,Greenstead,Male,rgreensteadkm@alibaba.com,(129) 2363124,10/27/2024,Quality Control Specialist
,3e97396a-01b2-4a96-b294-7bec94ab3598,Coop,Denzey,Male,cdenzeykn@fastcompany.com,(456) 5543782,7/13/2024,VP Quality Control
,e86dc04b-0fe2-49fc-aeda-8998d3501ee3,Townsend,Toffaloni,Male,ttoffaloniko@google.co.uk,(185) 5015366,8/26/2024,Community Outreach Specialist
,b996927f-79ee-4773-974c-72cf6e24e36f,Merl,Jandel,Female,mjandelkp@tiny.cc,(993) 9357808,5/23/2024,Accounting Assistant I
,cc50090d-5458-41c9-8be6-08f350651159,Evita,Elbourne,Female,eelbournekq@illinois.edu,(528) 6096363,3/11/2025,Professor
,8156672f-8d2f-4bf8-9aab-0a5d1a665a18,Roderich,Earpe,Male,rearpekr@paginegialle.it,(665) 5867760,10/17/2024,General Manager
,af5b7957-1ec2-43a0-b9fb-b0c2db5cb7b1,Claude,Goulbourne,Female,cgoulbourneks@sina.com.cn,(548) 4614593,1/18/2025,Recruiter
,8d81bd67-f3e8-4969-b2a9-4d3db7e3948d,Chadwick,Dressel,Male,cdresselkt@wikipedia.org,(403) 7844544,7/19/2024,Programmer Analyst II
,ebd6029d-4821-445c-ac48-64dc92e9f24e,Matt,Stood,Male,mstoodku@kickstarter.com,(975) 5960425,8/11/2024,Help Desk Operator
,bb44558e-21d1-463b-8205-a2c0dbf45b92,Pattie,Richardet,Female,prichardetkv@wordpress.org,(258) 5070706,11/14/2024,Research Assistant IV
,9f284457-0a81-49cc-be56-6cb999764fd6,Caz,Bruin,Male,cbruinkw@wordpress.com,(844) 3660368,8/16/2024,Geologist II
,4250ba7a-76b8-4d91-817b-d62b2c48c520,Jillian,Aulton,Female,jaultonkx@sourceforge.net,(859) 8021852,7/4/2024,Nurse
,eeebe2b8-da1d-4ab7-a13e-fa505323970d,Carey,Duffield,Male,cduffieldky@discovery.com,(801) 5753752,2/23/2025,Research Assistant II
,fff38bca-83d2-48bc-aa69-c9310fecea46,Dav,Adamovsky,Male,dadamovskykz@prlog.org,(963) 8042987,10/22/2024,Staff Scientist
,5002e571-2a34-4f4a-a668-967cdb10f99a,Marni,Thombleson,Female,mthomblesonl0@google.ca,(880) 9917908,3/7/2025,Database Administrator III
,4075bb63-6a0c-4a05-9d47-cf9212f8c2f4,Sherie,Labrum,Female,slabruml1@altervista.org,(520) 9412552,6/6/2024,Recruiter
,2749cc5c-609e-4b0e-aaad-14ccb64c08db,Vance,Saunter,Male,vsaunterl2@forbes.com,(167) 3638232,10/17/2024,Executive Secretary
,aea4936b-f479-4fe6-8bec-b5c37390a1be,Shelley,Huthart,Agender,shuthartl3@adobe.com,(152) 3931121,2/1/2025,Director of Sales
,8155463e-fa63-4954-8002-afd70a66b71d,Gardiner,Witter,Male,gwitterl4@diigo.com,(870) 8825852,8/25/2024,Analog Circuit Design manager
,770fdbeb-4a48-4301-b35e-bf0f9c274951,Ruperto,Trelease,Male,rtreleasel5@cnn.com,(480) 2865255,2/15/2025,Sales Associate
,e63cd17f-38ea-4364-be94-5be88ca94104,Rubetta,Karel,Female,rkarell6@sakura.ne.jp,(488) 8828640,10/26/2024,Nurse
,0f050d33-5805-46e0-918f-9ec51637547b,Merv,Topper,Male,mtopperl7@plala.or.jp,(655) 4163585,5/8/2024,Assistant Media Planner
,0c8bcf52-9622-4a61-ac52-43cc913b0a0d,Alfie,Kettlesting,Female,akettlestingl8@bravesites.com,(831) 6512215,8/7/2024,Civil Engineer
,24490356-ff0d-45c0-a399-b05211f82f64,Winonah,Tustin,Genderqueer,wtustinl9@jigsy.com,(787) 1576657,12/28/2024,Data Coordinator
,46738203-80c5-483f-8ee2-e8dbf616a0c2,Delmore,MacAskill,Male,dmacaskillla@google.de,(903) 7147927,6/26/2024,Staff Scientist
,86be3d7d-a738-43b2-b7cb-2862eae106f7,Row,Bearham,Agender,rbearhamlb@paypal.com,(554) 7993796,10/5/2024,Structural Engineer
,626c9cc8-ce2d-46ec-bf72-65f4cb103b27,Rutter,Dennington,Male,rdenningtonlc@moonfruit.com,(594) 4557448,10/27/2024,Chief Design Engineer
,758b5726-0b45-4cc1-983d-0a08eeda9549,Phillipp,Boydell,Male,pboydellld@twitpic.com,(726) 2939750,8/27/2024,Physical Therapy Assistant
,4af11b8c-2bd1-4436-8fa5-43857545f73a,Dalton,Lammin,Male,dlamminle@mashable.com,(514) 7418685,12/23/2024,Administrative Assistant II
,4327bf6d-539b-4ce2-a77d-a552a01924f6,Olvan,Jackett,Male,ojackettlf@fema.gov,(996) 1032259,5/18/2024,Physical Therapy Assistant
,6d606dd4-ac32-4878-9eb7-8d4b5ba474bd,Dollie,Brightey,Female,dbrighteylg@mysql.com,(409) 4201684,8/19/2024,Senior Developer
,f7af2613-b8bf-41f1-9a62-d137af358913,Aland,Dogg,Male,adogglh@usnews.com,(618) 7508611,1/13/2025,Account Representative II
,ed50c524-5b32-4abc-a67a-8678a0e9abda,Marianna,Heathorn,Female,mheathornli@ovh.net,(128) 7346088,12/8/2024,Financial Advisor
,1ea7f26f-7328-4d46-acb9-0430a84d38f8,Roxana,Khalid,Female,rkhalidlj@berkeley.edu,(580) 1520321,5/13/2024,Payment Adjustment Coordinator
,0f27ac1a-087d-4a71-ade1-ef880773010a,Berti,Bautiste,Female,bbautistelk@surveymonkey.com,(149) 7431162,1/28/2025,Data Coordinator
,28fce19c-6266-4ce6-9a01-266067d5422f,Adena,Kitchingman,Female,akitchingmanll@dropbox.com,(106) 1754650,4/25/2024,Clinical Specialist
,562ebdc3-8f98-4817-93e3-fdd474b4b191,Gun,Filshin,Male,gfilshinlm@go.com,(759) 5829893,9/30/2024,Marketing Manager
,bb72dc82-b52e-4259-8542-118d7b31f40f,Rolph,Latta,Male,rlattaln@nih.gov,(123) 5705368,6/19/2024,Food Chemist
,7d856e0c-29bb-4a5d-9a4f-b1559f0275e7,Pammi,Formigli,Female,pformiglilo@photobucket.com,(178) 5486785,6/6/2024,Product Engineer
,b43f76c3-5160-48cd-bb22-720b7e261c34,Garrett,Belford,Male,gbelfordlp@usa.gov,(609) 7596612,8/30/2024,Assistant Media Planner
,a207b1ab-7503-4537-95d7-3e45f6d58af2,Sean,Beniesh,Female,sbenieshlq@jalbum.net,(863) 9194244,6/22/2024,Senior Editor
,f91fdb66-65d7-4419-8176-aa58faa66a6a,Hamilton,Seston,Male,hsestonlr@sourceforge.net,(525) 3883126,4/1/2024,Web Developer I
,d0eadcbd-943a-4c7f-b2ad-c8df1acd5c50,Margo,Maskrey,Female,mmaskreyls@devhub.com,(636) 7306443,2/14/2025,Civil Engineer
,856ee251-2e4e-4dd2-b606-b0bc2d10afd5,Worden,Beynke,Male,wbeynkelt@smh.com.au,(376) 2521559,6/9/2024,Internal Auditor
,9f8b70f0-86f5-48fe-93ed-aeb3665be7e6,Rupert,Cluley,Male,rcluleylu@paypal.com,(890) 9658039,11/11/2024,Help Desk Operator
,65643b78-46d2-4efa-b4b2-1b76d075c520,Corry,Dudney,Female,cdudneylv@xrea.com,(394) 8812164,10/28/2024,Technical Writer
,50f0431c-8be0-46ae-9a02-4fd35406a3c8,Elly,Mc Cahey,Female,emccaheylw@blinklist.com,(501) 6854154,1/10/2025,Cost Accountant
,591276c5-6e5c-4bfc-a94c-4c5506a9863a,Prisca,Pirrone,Female,ppirronelx@reuters.com,(929) 7227974,8/10/2024,Account Coordinator
,8ef0a65b-1070-4309-9c32-e79fc50684d2,Damon,Castellet,Male,dcastelletly@gov.uk,(536) 5734251,7/23/2024,Budget/Accounting Analyst III
,3d237235-9660-4a3b-83ca-42db28a6d8aa,Rosette,Blackney,Female,rblackneylz@guardian.co.uk,(831) 7932505,9/11/2024,Legal Assistant
,630f1357-2df2-45a2-887b-20bbb9fd3454,Cortney,Grewcock,Female,cgrewcockm0@opensource.org,(721) 2268553,7/22/2024,Desktop Support Technician
,4ffebeec-3df7-47fe-a588-300c3c8da916,Rhea,Gadie,Female,rgadiem1@state.tx.us,(297) 7389099,1/14/2025,Nuclear Power Engineer
,ba5238d2-b02d-47f2-a261-2a311321d48a,Betteann,Winterborne,Female,bwinterbornem2@techcrunch.com,(985) 7301966,2/12/2025,Biostatistician II
,e854e4d0-4945-4fd5-9320-b82a167162a8,Mollee,Feehely,Female,mfeehelym3@photobucket.com,(422) 9047203,8/23/2024,Media Manager III
,d25a8d4b-cced-4bb3-8e31-b13336169bfa,Adelina,Wrankmore,Genderqueer,awrankmorem4@godaddy.com,(692) 2253108,1/24/2025,Assistant Manager
,7d1f2be2-0e8d-484f-bb02-13eb962699e9,Arri,Malloy,Genderqueer,amalloym5@cnbc.com,(264) 3121400,12/27/2024,Recruiter
,b1ebfe79-7426-4793-a43f-e9711e632241,Isaak,Gouda,Male,igoudam6@globo.com,(913) 5556019,9/30/2024,Cost Accountant
,21899261-430e-4650-913f-6994bf9a168b,Keenan,Bowser,Male,kbowserm7@answers.com,(273) 1003858,2/14/2025,Financial Analyst
,ef4ec031-465b-4f90-9eb3-e0eb52397d4e,Dwayne,Quaintance,Male,dquaintancem8@cnbc.com,(652) 5273799,4/7/2024,Assistant Media Planner
,453b5e52-121d-49ba-b948-c65d45163074,Xylina,Easen,Female,xeasenm9@cnn.com,(381) 7411408,9/4/2024,Senior Cost Accountant
,47238139-9247-4500-ae01-b48d8c33fc67,Mac,Menico,Male,mmenicoma@blogtalkradio.com,(664) 6399243,3/7/2025,Human Resources Manager
,34dd33be-e404-4269-b463-329ec0fa88f3,Yasmeen,Snalum,Female,ysnalummb@bluehost.com,(322) 9521982,9/24/2024,Software Test Engineer I
,f00882e9-fa96-4b1e-b555-11807b58b8d5,Gard,Rantoull,Male,grantoullmc@flavors.me,(796) 2024272,1/3/2025,Structural Analysis Engineer
,54d0763c-afb8-49b7-b59a-c9a968b7675c,Mikel,Marrett,Male,mmarrettmd@scientificamerican.com,(311) 7738705,2/22/2025,Nurse
,9fe2c8b3-2fd2-407a-a794-fe72e9dfad23,Eamon,Nafziger,Male,enafzigerme@berkeley.edu,(850) 4638736,12/15/2024,Desktop Support Technician
,b8c86c2f-d91b-4b1a-9bb6-dd03d5e5c817,Dido,Foye,Female,dfoyemf@mtv.com,(273) 7549049,8/31/2024,Cost Accountant
,6ae582b8-3f80-47ff-bbb6-3e664a9453ac,Arty,Schreiner,Agender,aschreinermg@discovery.com,(478) 8091830,7/3/2024,Teacher
,d5fce6a9-4423-4bfe-adc1-e5e33812ceef,Lil,Elsie,Genderfluid,lelsiemh@paypal.com,(415) 2962222,11/23/2024,Clinical Specialist
,3f140987-0304-4fe0-bcfa-3b7d23ed88ab,Emyle,Jeandel,Female,ejeandelmi@flickr.com,(916) 6399131,2/4/2025,Physical Therapy Assistant
,ffd867b9-a410-4a74-ac61-893eb291624a,Kalindi,Gildroy,Female,kgildroymj@si.edu,(664) 8586157,1/9/2025,Product Engineer
,c4fbb982-b6a4-4716-9a72-5880b0b0ffa0,Susan,Faraker,Female,sfarakermk@last.fm,(789) 7386044,4/9/2024,Recruiter
,c984fa0b-1db2-46f3-8bb6-99fc7daa02d0,Min,McRae,Female,mmcraeml@nytimes.com,(211) 2080347,10/8/2024,Assistant Manager
,f62cd599-1f8f-48ab-bcf1-ef96fb2fb0ec,Rosina,Ibbs,Female,ribbsmm@archive.org,(201) 1875056,12/28/2024,Financial Advisor
,48fefdc9-5582-42d2-a073-729e1fb4fc64,Madge,Whitter,Female,mwhittermn@salon.com,(308) 4168167,11/8/2024,Graphic Designer
,32683154-4e4b-4011-8e88-98c2910df6ef,Constantine,Labern,Female,clabernmo@flavors.me,(816) 3566454,6/20/2024,Design Engineer
,213909f2-2ad7-4a96-83e1-da5e91e5cfe4,Neal,Mundall,Male,nmundallmp@webmd.com,(250) 6973945,4/21/2024,Help Desk Technician
,5c7fd281-8d38-4742-b83e-291abec3f30f,Carmine,Primett,Female,cprimettmq@harvard.edu,(726) 9083928,8/26/2024,Sales Associate
,e3c699d5-bd5b-465c-889c-4b2dc828470c,Myron,Rundle,Male,mrundlemr@ftc.gov,(480) 9893505,12/28/2024,Web Developer IV
,7cb65ccb-e1e4-4784-94a1-3a413fc50e28,Heriberto,Greenman,Male,hgreenmanms@issuu.com,(286) 6729158,4/9/2024,Assistant Media Planner
,45528474-a5db-413f-aa2f-cc29c77b8b4b,Kali,Shea,Female,ksheamt@e-recht24.de,(772) 1576270,11/6/2024,Structural Analysis Engineer
,5e369cf9-bcbe-4869-9423-57bba44d4bc3,Cleopatra,Silkston,Female,csilkstonmu@topsy.com,(270) 6198283,12/27/2024,Project Manager
,8d11d6a8-cf26-4af3-8fa9-b619a394401e,Quincey,Floyed,Male,qfloyedmv@thetimes.co.uk,(956) 7938269,4/17/2024,Nurse
,b8217c47-a19c-4b54-9fdf-d14c189e6dd3,Melantha,Guidini,Female,mguidinimw@imgur.com,(576) 5701847,10/8/2024,Design Engineer
,0a5b5b3c-c37f-4277-a878-afeeee6f5f04,Karlen,Bedell,Female,kbedellmx@abc.net.au,(730) 6048311,2/6/2025,Occupational Therapist
,eb29e30e-7b21-4698-8e30-1cde58ca2679,Karolina,Salt,Female,ksaltmy@discovery.com,(839) 1532682,8/22/2024,Librarian
,dcac265d-151c-4cf5-a022-bbed2c5dbd92,Noelle,Teresa,Female,nteresamz@issuu.com,(479) 4507195,8/22/2024,Database Administrator II
,8edfe030-03e8-4242-841b-f799dfc1e888,Normie,Pattillo,Male,npattillon0@odnoklassniki.ru,(533) 9082294,1/12/2025,Nuclear Power Engineer
,b5f5d14a-7723-4963-86c5-a07d5ea7373c,Amos,Sighart,Male,asighartn1@eepurl.com,(929) 1121992,1/29/2025,Nuclear Power Engineer
,f47e66c8-5f80-474b-b1e2-c3ddfd31df02,Julio,Chasney,Male,jchasneyn2@pen.io,(320) 9407934,10/31/2024,Nurse Practicioner
,2804dd9a-6398-46fa-b3af-608b98acde53,Olympe,Arp,Female,oarpn3@goo.gl,(471) 2992096,11/13/2024,Senior Sales Associate
,6c253199-39da-432f-92d4-2533353a6478,Henrieta,Bosley,Female,hbosleyn4@miibeian.gov.cn,(560) 9475038,9/10/2024,Safety Technician I
,2dc2bcf8-b794-45cf-a391-689a447e7930,Edi,Whittek,Agender,ewhittekn5@ox.ac.uk,(510) 3446309,6/29/2024,Recruiter
,7e7a2ec5-bd2d-44b7-bd77-38b05b3b7ced,Galina,Skett,Female,gskettn6@yolasite.com,(885) 6320495,9/26/2024,Nuclear Power Engineer
,7fba593e-4478-43e3-a753-50e518481bc2,Felisha,Levecque,Polygender,flevecquen7@simplemachines.org,(157) 7256873,12/13/2024,Senior Quality Engineer
,b8ae6f1c-99dd-4742-9b62-1f78706ec373,Arlinda,Martindale,Female,amartindalen8@sfgate.com,(152) 8533730,7/13/2024,VP Accounting
,2e4a01ef-9cb3-46e1-9a95-e7e8abe01dab,Valentia,Bras,Female,vbrasn9@sun.com,(139) 1332299,11/13/2024,Marketing Assistant
,c9ac450f-9ded-46f3-809e-15cbb12037f7,Jacklin,Appleyard,Female,jappleyardna@dot.gov,(916) 5113670,9/1/2024,Research Associate
,d6c25a3a-7d27-4089-b16e-c8eeff9d9ae1,Bryce,Sommers,Male,bsommersnb@sfgate.com,(178) 9714869,9/11/2024,Senior Developer
,450fa161-1dc4-48c0-afe6-8896e45ab325,Ingamar,Allsep,Male,iallsepnc@smh.com.au,(342) 1238339,9/1/2024,Help Desk Operator
,468dbd96-9a06-47ed-ba0c-46d55c9c949d,Jamil,Codlin,Bigender,jcodlinnd@ftc.gov,(884) 2836105,5/18/2024,Research Nurse
,2766cd35-d046-4606-bddc-bbb2d707f27b,Clemmy,Walthall,Male,cwalthallne@disqus.com,(621) 6273051,7/18/2024,Environmental Specialist
,980c9503-0e98-4f8d-b70c-dcd36600c275,Worthy,Sultana,Male,wsultananf@ucoz.ru,(803) 6223714,7/31/2024,Payment Adjustment Coordinator
,76e4297d-8316-47fd-ba03-402beacccf65,Jannel,Kopecka,Female,jkopeckang@disqus.com,(937) 6892420,8/9/2024,VP Accounting
,f96a8523-3611-4c6b-aecc-6ce001b10968,Romeo,Pople,Male,rpoplenh@indiegogo.com,(286) 3614874,8/11/2024,Web Developer I
,765417e0-00ee-4d17-9c1c-58d348901a59,Artair,Stait,Male,astaitni@msn.com,(189) 5913653,8/2/2024,Research Associate
,eb8edd3c-7f8f-48c1-880b-28e3e71082e9,Jessamine,Brooking,Polygender,jbrookingnj@1688.com,(422) 3348081,11/23/2024,Senior Editor
,65429563-7398-4f66-86bc-15c308384599,Mendy,Shatliff,Male,mshatliffnk@home.pl,(100) 8505618,2/24/2025,General Manager
,ae580df8-f171-45d5-bbe0-9829b30d8eae,Ashbey,Mostyn,Male,amostynnl@ucoz.com,(527) 1724476,10/21/2024,Sales Representative
,731a20c0-f859-4b1e-b52d-de472e5cf739,Cole,Grafton-Herbert,Male,cgraftonherbertnm@narod.ru,(408) 2616070,8/10/2024,Environmental Tech
,5b19ed32-1573-40fd-bb2a-917b2592a278,Joyan,Marney,Bigender,jmarneynn@harvard.edu,(211) 1302539,6/2/2024,Chief Design Engineer
,cf33f969-2e5e-431b-b460-f80fc8264d10,Nert,Bagshaw,Female,nbagshawno@myspace.com,(211) 2153445,8/19/2024,Legal Assistant
,cd6873b4-f10e-4bee-bb7a-e24a512e5c05,Ola,Dayment,Female,odaymentnp@thetimes.co.uk,(745) 5425293,3/28/2024,Operator
,0cc4a665-8589-4736-8089-7850b0dc8c14,Kennith,Lapslie,Male,klapslienq@omniture.com,(245) 5324527,12/11/2024,VP Product Management
,ef6739a6-2fe3-47e6-8b98-73376ca0d9cc,Caresse,Peele,Female,cpeelenr@163.com,(736) 9308215,4/8/2024,Senior Financial Analyst
,6c15cc76-3243-41d7-b541-ad6b780277bb,Grissel,Spykings,Agender,gspykingsns@google.co.uk,(399) 7189806,4/23/2024,Geological Engineer
,ea51a692-8dad-4332-a96d-725b1927ce50,Kim,Snowden,Male,ksnowdennt@economist.com,(680) 7165245,2/25/2025,Budget/Accounting Analyst III
,8186ddaa-2f75-4c3b-ae89-59557cf60643,Ugo,Hampstead,Male,uhampsteadnu@columbia.edu,(535) 4894148,12/11/2024,Clinical Specialist
,4f283187-8610-4677-bc57-d04e68b8b84f,Lindsay,Bendan,Genderqueer,lbendannv@wired.com,(844) 9564872,7/19/2024,Administrative Officer
,a9138fcc-4f85-43e0-8b3c-26aa366977bb,Theodora,Jelleman,Female,tjellemannw@auda.org.au,(789) 3370956,7/2/2024,Product Engineer
,b4bb33cf-0650-4e9d-92f5-1ba41022f2da,Franny,Whiteman,Male,fwhitemannx@mozilla.com,(698) 8192598,1/17/2025,Account Coordinator
,8ab396ff-c71b-4e3d-a7a9-5b1edc219568,Baxter,Andrzejewski,Male,bandrzejewskiny@scribd.com,(416) 3430455,3/19/2024,Developer III
,42d9e785-34f0-4d4e-8732-255f4dc09b77,Dominga,Drewet,Female,ddrewetnz@blog.com,(960) 2795369,12/8/2024,Quality Engineer
,2421786f-1620-4333-95ab-919a9656b77c,Mindy,Gwynn,Female,mgwynno0@cmu.edu,(512) 5589437,8/14/2024,Media Manager III
,308747d5-73e5-411c-9ced-7a5aa65ff463,Marisa,Buse,Female,mbuseo1@mozilla.com,(773) 1080637,12/28/2024,Geological Engineer
,5a5f5281-3069-4d47-8796-c784551e4582,Ximenes,Tollet,Agender,xtolleto2@facebook.com,(499) 2053911,12/28/2024,Staff Scientist
,fb081818-26cd-4b57-9000-9f0bc423ee50,Baron,Manley,Male,bmanleyo3@china.com.cn,(772) 9838873,6/12/2024,Actuary
,6f4c1ff3-8467-403f-96fb-25dd77432955,Kaleb,Davydenko,Male,kdavydenkoo4@bbc.co.uk,(532) 3626509,8/12/2024,Help Desk Technician
,810b05a8-db0d-471e-bd00-974a063d53eb,Valaria,Hancorn,Female,vhancorno5@behance.net,(329) 2204134,2/15/2025,Director of Sales
,63f79e00-c26e-464a-91e7-eb7cd65c8a15,Bax,Glentz,Agender,bglentzo6@dagondesign.com,(968) 3938147,2/14/2025,Programmer Analyst IV
,8d747ce3-5475-4f82-a7f2-f009bef6aef6,Scot,Postill,Male,spostillo7@wikimedia.org,(469) 8712273,11/8/2024,Design Engineer
,22a0e300-c4ed-4d96-a501-dc53bc220c06,Raymund,Quainton,Male,rquaintono8@tumblr.com,(609) 6521132,7/5/2024,Associate Professor
,b2e4c9b2-ca1e-4630-baa3-aa41e30765c0,Levy,Roebottom,Male,lroebottomo9@t-online.de,(476) 8855314,11/13/2024,Senior Editor
,9de947fc-8b3a-419d-81db-e2618f33139b,Adler,Thonger,Male,athongeroa@pagesperso-orange.fr,(995) 9418348,4/13/2024,Research Associate
,e6672a2d-a716-4095-bde6-6b0c8918e092,Haskel,Thomassen,Male,hthomassenob@bizjournals.com,(148) 7434744,12/12/2024,Dental Hygienist
,69209bd4-5355-4d28-be8d-87431f610e39,Archambault,Cowie,Male,acowieoc@addthis.com,(328) 4998163,2/19/2025,Computer Systems Analyst II
,8742d4c9-a8dc-4a4c-89ce-b0e59f3a497c,Brittani,Drissell,Female,bdrissellod@examiner.com,(211) 1737688,3/27/2024,Statistician I
,def4560c-66f4-42b9-a498-33e44d7cf234,Balduin,Massenhove,Male,bmassenhoveoe@un.org,(549) 6940569,3/19/2024,Geological Engineer
,b64f66be-9d34-4728-867e-9f21414757c7,Malvin,Mugridge,Male,mmugridgeof@paginegialle.it,(125) 7177452,3/4/2025,Actuary
,cf0785c2-6cdc-4b3f-b9c4-e3e2080962a2,Randie,Banton,Female,rbantonog@51.la,(337) 6352476,10/13/2024,Programmer II
,49aca7b8-7a48-49cd-8ce5-e92857661573,Dorey,Wingeatt,Female,dwingeattoh@seesaa.net,(150) 4866346,11/28/2024,VP Product Management
,a6dd08d8-244a-488b-abc6-44c4075bc2c5,Theo,Kitteman,Male,tkittemanoi@artisteer.com,(498) 4544443,2/5/2025,Administrative Assistant IV
,474c7904-7e53-4f9a-98ad-0915fe5b2e9f,Cam,Gibben,Male,cgibbenoj@stanford.edu,(218) 3167220,1/23/2025,Project Manager
,8a336e80-0b84-4ebb-8963-2429a531be63,Northrup,Robart,Male,nrobartok@loc.gov,(874) 8698401,11/23/2024,VP Accounting
,009bdc4e-0190-4877-8eed-15cc0c62e4e7,Gabriel,Rollins,Male,grollinsol@addtoany.com,(831) 4871249,3/4/2025,Accounting Assistant IV
,a365a9cc-95ff-4eb8-b9c6-c899419417e8,Dolf,Creegan,Male,dcreeganom@prweb.com,(832) 8293681,10/18/2024,Associate Professor
,5cb43efe-3a54-4c36-b521-36faa3401dfc,Concettina,Dumphry,Female,cdumphryon@usnews.com,(771) 3490782,12/16/2024,Senior Sales Associate
,e21eaf7c-a65a-4f9a-81b0-b4a13c173e53,Rawley,Rikard,Male,rrikardoo@forbes.com,(364) 9670544,4/10/2024,Geological Engineer
,71bb32fb-90eb-41ce-8634-2d66b18e2a28,Turner,Trase,Male,ttraseop@example.com,(557) 9008034,3/13/2025,Clinical Specialist
,d12c681a-a757-45f3-ade6-c0e62783f05d,Wallace,Irvin,Male,wirvinoq@oaic.gov.au,(445) 4855600,11/16/2024,Account Representative IV
,27036bea-17de-4134-a3bf-12c3e62e0913,Ansley,Shildrick,Female,ashildrickor@patch.com,(313) 3389082,11/3/2024,Editor
,46b12f6a-e7b8-4761-8b2e-6a22016e99fa,Loni,Sweetenham,Female,lsweetenhamos@vk.com,(598) 9417585,2/9/2025,Cost Accountant
,940ccfce-d8f5-4f2b-8a23-8587a28b70a0,Rudolph,Wolsey,Male,rwolseyot@jiathis.com,(214) 1162002,6/17/2024,Biostatistician III
,8f742007-f7f5-49cc-bb30-a9d5c092aecc,Rosita,Newitt,Female,rnewittou@sciencedirect.com,(655) 7777921,8/10/2024,Structural Analysis Engineer
,8e6fd7af-9e30-4ed0-a78d-1e90fe25b995,Sammie,Le Claire,Male,sleclaireov@wiley.com,(132) 7994159,4/2/2024,Help Desk Operator
,3d161f69-139e-49e5-b89c-e27a6f623cfd,Shalom,Marshall,Male,smarshallow@surveymonkey.com,(763) 6084157,4/29/2024,Product Engineer
,92aefd1a-db7f-4768-bcd3-de18e38e864b,Lucine,Guitton,Female,lguittonox@1688.com,(684) 4983044,6/11/2024,Sales Associate
,af880f35-244e-4c98-9ec1-d3cdf037906d,Felicle,Heims,Non-binary,fheimsoy@hud.gov,(646) 1732906,2/1/2025,Nurse Practicioner
,e70d938d-915c-4988-a1b3-5ea70784fc88,Laurel,Waddam,Female,lwaddamoz@nba.com,(172) 9496357,7/26/2024,Automation Specialist II
,93e1b00e-c4a7-4f1d-9e0e-bd8424fb918f,Samara,Godlee,Bigender,sgodleep0@xinhuanet.com,(502) 5289414,1/24/2025,Account Representative II
,925bc641-66a0-4575-adca-8316337f78a7,Dixie,Dockray,Female,ddockrayp1@google.com.hk,(194) 7416582,3/26/2024,Software Engineer III
,e60eb624-e500-408a-81e3-ed5f8f8f94c9,Tyler,Rushmere,Male,trushmerep2@hhs.gov,(689) 8366879,2/5/2025,Help Desk Technician
,84b09685-fe2f-413f-9e25-073fe523ac5d,Sigismondo,Rowatt,Male,srowattp3@infoseek.co.jp,(315) 3048003,7/6/2024,Budget/Accounting Analyst II
,25e78a0d-ff5c-4621-847f-f5f187b2c6b5,Michaela,Bedome,Female,mbedomep4@addthis.com,(754) 4994579,1/6/2025,Sales Associate
,14df8f6f-7f80-4747-be38-de6420499f27,Glori,Moreno,Female,gmorenop5@creativecommons.org,(208) 8808312,10/21/2024,Senior Sales Associate
,c6c59f50-5631-4205-9514-43cc07cc737e,Christophe,Sadgrove,Male,csadgrovep6@mozilla.org,(332) 9131864,6/30/2024,VP Accounting
,aa14cdee-90b2-4be7-95af-060c2b6a859c,Trace,Clapson,Male,tclapsonp7@i2i.jp,(357) 5672746,5/7/2024,Accountant IV
,290d402a-0e50-47b1-b4f0-6445d3e88a1b,Angeli,Mougenel,Male,amougenelp8@typepad.com,(612) 9027402,4/27/2024,Data Coordinator
,31ddf38b-1c73-48fd-a32c-0862b9fc2128,Cirilo,Snelling,Male,csnellingp9@altervista.org,(366) 1834435,1/25/2025,VP Sales
,e5564b37-cfda-4ac7-affa-8e86808c9ace,Claudell,Dewer,Male,cdewerpa@dropbox.com,(337) 9311710,10/10/2024,Compensation Analyst
,00bdb0d9-2d57-48e7-8164-f59ede64463a,Ginny,Bustard,Female,gbustardpb@livejournal.com,(506) 9675055,8/30/2024,Associate Professor
,561b42d6-b603-49ef-ba2e-85ad16e59db5,Alistair,Iacobo,Male,aiacobopc@businesswire.com,(662) 3738941,4/2/2024,Senior Editor
,3fe42069-5496-49a7-aa79-2f432cb27d1e,Dorette,Joselevitz,Female,djoselevitzpd@tamu.edu,(289) 2415250,8/12/2024,Help Desk Technician
,023a01eb-ea4f-4b3e-aa7c-ecf3e4e3e4cb,Marsha,Skacel,Female,mskacelpe@opensource.org,(190) 6158290,10/17/2024,Media Manager I
,d8f85de0-771c-4c2f-8ae3-a9c06ed3b611,Faustina,Shuxsmith,Female,fshuxsmithpf@stanford.edu,(863) 6689315,3/6/2025,Payment Adjustment Coordinator
,345d758d-ee85-4cfa-9ad0-77599c813cb0,Gale,De Ambrosis,Female,gdeambrosispg@toplist.cz,(834) 2616745,4/4/2024,Chief Design Engineer
,b35131a7-0ad0-49ae-a937-5547e2c2eb9c,Aldrich,Coade,Male,acoadeph@quantcast.com,(531) 2466799,9/26/2024,Data Coordinator
,c4eb17a1-c5b2-49fc-88f3-3bad32ec7623,Leroi,Kynoch,Male,lkynochpi@flickr.com,(355) 4289954,9/28/2024,Executive Secretary
,95840d83-4414-42b7-809e-7b575acc8965,Anne-corinne,Heatley,Female,aheatleypj@miitbeian.gov.cn,(951) 9252372,10/19/2024,Administrative Officer
,d617bdf7-dd1e-40ea-b924-d8bc99c0568a,Shelbi,Francesconi,Female,sfrancesconipk@army.mil,(450) 6619042,12/9/2024,VP Product Management
,43e2fb47-b09b-4314-a35c-ebb55f8af102,Bunny,Dallaway,Female,bdallawaypl@imdb.com,(853) 4168168,10/19/2024,Accounting Assistant IV
,1a8945c4-808b-452b-a9de-f3a085f928c1,Jaquelin,Dorrance,Female,jdorrancepm@phpbb.com,(438) 6452727,6/16/2024,Internal Auditor
,44c1e8ae-d74e-4086-aff2-ca81fc901f66,Paige,Kaemena,Male,pkaemenapn@newyorker.com,(183) 3953358,9/29/2024,Software Test Engineer II
,d4c5759d-2b19-4215-abb0-847455fec5dd,Dorian,Stronough,Male,dstronoughpo@sakura.ne.jp,(757) 5342540,1/16/2025,Assistant Professor
,c72d6584-df0c-42e4-8418-c128d47b0bdb,Maxy,Mellodey,Female,mmellodeypp@vimeo.com,(381) 1070463,2/15/2025,GIS Technical Architect
,06e0431c-5f47-41d8-b497-7e396347f2cc,Hobie,Syres,Male,hsyrespq@goodreads.com,(352) 5133161,7/15/2024,Accountant II
,ea2ad6a8-62d6-430c-8a49-a84af8709ec7,Clayson,Harper,Male,charperpr@amazon.de,(303) 1844381,4/22/2024,Operator
,a13c656c-a83a-449d-9302-8eca0c1d7cc2,Del,Kerner,Bigender,dkernerps@so-net.ne.jp,(735) 9994332,8/15/2024,Office Assistant II
,b7ea326d-9b25-4669-a080-9a9f64fc122f,Hazel,Juszczak,Male,hjuszczakpt@theglobeandmail.com,(638) 9205214,2/20/2025,Computer Systems Analyst II
,f1dabed7-b996-459f-90be-33040e148bdc,Trueman,Aldwinckle,Male,taldwincklepu@nature.com,(548) 1228031,9/5/2024,VP Sales
,9a0091d8-ec5a-4cb1-9116-79cfd6b5b86f,Marika,Shewery,Polygender,mshewerypv@adobe.com,(709) 3050877,8/20/2024,Environmental Tech
,90f1f0af-869e-4337-a5d2-01b60fcc3aa2,Stacey,Gilder,Female,sgilderpw@amazon.co.uk,(361) 5955375,6/24/2024,Editor
,e130ffd8-92c2-4df7-9d75-c9bc7bcb68e9,Byrann,Giacomuzzo,Non-binary,bgiacomuzzopx@loc.gov,(448) 7662876,5/3/2024,Biostatistician I
,2f8686c0-cff2-422b-87d2-b1dd1cef7d57,Cissiee,Bettles,Female,cbettlespy@microsoft.com,(234) 3723935,9/27/2024,Research Associate
,c3323e90-fbf5-4397-876a-291b1e8f3391,Armin,Samwayes,Male,asamwayespz@yale.edu,(843) 4659801,9/11/2024,VP Sales
,f3d5dc81-80f9-407e-8bec-31873f838f41,Gusella,Ruddom,Female,gruddomq0@spiegel.de,(527) 2929420,4/8/2024,Geologist II
,bdd52186-3a49-40d8-af2a-bc478dc35455,Marlo,Feetham,Female,mfeethamq1@pcworld.com,(631) 4718943,11/21/2024,Graphic Designer
,a0416d12-f983-46bf-86f5-a205fc1572f3,Jena,Ickovits,Female,jickovitsq2@joomla.org,(826) 2522997,5/31/2024,Mechanical Systems Engineer
,9c120f38-558f-45bf-afb3-2dc7d0af9ee5,Payton,Trueman,Male,ptruemanq3@goodreads.com,(487) 5883876,3/22/2024,Desktop Support Technician
,28aedbb0-4f8b-41e2-a7a9-febbe87f559b,Gaye,Standage,Female,gstandageq4@comsenz.com,(941) 2134273,7/21/2024,Geologist I
,66745a7e-1e85-438a-b243-8626ef2c8d45,Elbert,Gary,Male,egaryq5@answers.com,(754) 7641370,2/4/2025,Office Assistant I
,9e375902-b3e9-478b-acdc-37a32cf7de77,Arlene,Cartledge,Female,acartledgeq6@unc.edu,(592) 5916480,6/26/2024,Financial Analyst
,94d1b03b-48bc-49a8-b51b-006a1932c465,Ezra,Gianilli,Male,egianilliq7@state.gov,(394) 7963948,8/22/2024,Information Systems Manager
,cb5becf1-1261-4125-b66b-a2ab875920f5,Derwin,Pickthorne,Male,dpickthorneq8@nyu.edu,(157) 1056279,1/17/2025,Recruiting Manager
,d0ab21f7-87a5-4910-9f02-c9ea83bd8bda,Friederike,Belson,Female,fbelsonq9@salon.com,(623) 3743318,3/10/2025,Biostatistician II
,af597f6a-605f-485c-983e-992b5c1f5fa9,Berny,Foottit,Male,bfoottitqa@nydailynews.com,(947) 2849015,9/9/2024,Chief Design Engineer
,d7c6916f-0d76-41b5-8ebc-2034d4e86c54,Hewe,Moreing,Agender,hmoreingqb@marketwatch.com,(807) 1187289,2/26/2025,Developer I
,fad62a55-96df-45b6-9d1e-aac49c999ede,Federico,Borsay,Male,fborsayqc@geocities.com,(562) 8422496,1/15/2025,Environmental Specialist
,9c6f566c-b170-4342-9413-68f8d6d3ece3,Abba,Deares,Male,adearesqd@patch.com,(907) 6468275,10/14/2024,Programmer Analyst IV
,d5c4e168-d4f4-4f60-bc90-d7a43ad0358b,Iona,Bauckham,Female,ibauckhamqe@furl.net,(828) 1147601,6/22/2024,Research Nurse
,4042fde4-5d9c-492a-8cae-e4dbe59a76a8,Larry,Jasiak,Male,ljasiakqf@hao123.com,(499) 7389015,8/4/2024,Actuary
,c0e60ae6-6a10-4f5e-a05c-cca0f0694997,Tate,Shurman,Genderfluid,tshurmanqg@globo.com,(176) 4526856,1/15/2025,VP Accounting
,d220ddde-fc8d-4ce7-8151-cb737ef1e11e,Donni,Towndrow,Genderfluid,dtowndrowqh@jugem.jp,(802) 3468865,3/1/2025,Junior Executive
,e7241183-de9e-45bf-be33-06f6ba42249a,Tanny,Dobsons,Male,tdobsonsqi@pen.io,(176) 2853325,8/28/2024,Research Nurse
,a0a0e856-e8e3-4c0c-9da4-e412dfd54bb1,Marlene,Pixton,Female,mpixtonqj@prweb.com,(524) 3155920,5/29/2024,Web Developer II
,c66a8054-3623-4921-b0ff-f7e7ed4b5327,Salomo,Bernakiewicz,Male,sbernakiewiczqk@wired.com,(775) 3397027,3/2/2025,Health Coach IV
,069397e7-efcb-40f0-aaeb-d6b0b4b46206,Iseabal,Kinghorn,Female,ikinghornql@mysql.com,(898) 4972190,8/7/2024,Staff Accountant III
,b67899b9-e280-42bb-8122-67ae59b5091e,Kelli,Keston,Female,kkestonqm@apache.org,(409) 1446644,2/21/2025,Editor
,312d6d80-92b1-4ada-8cc3-9c2fb3f953c9,Shannan,Joanic,Bigender,sjoanicqn@intel.com,(758) 4197982,8/14/2024,Web Designer II
,06f36bb6-b5b0-4e03-9415-1a769269d94b,Becky,Digger,Female,bdiggerqo@skyrock.com,(965) 1560451,7/7/2024,Project Manager
,c7711a6c-947f-4462-84cb-7191559b2dac,Austin,Ellissen,Male,aellissenqp@ihg.com,(883) 8922003,11/15/2024,Chief Design Engineer
,0622dfea-1fec-4d88-951a-43dfb7d10f0b,Freda,Gilstoun,Female,fgilstounqq@vinaora.com,(972) 9531407,7/2/2024,Research Associate
,3809d5cc-55ad-44cf-9b6d-05e5cdec679f,Scottie,Fernez,Bigender,sfernezqr@nbcnews.com,(344) 2170312,7/15/2024,Engineer IV
,6259d281-4e07-4be1-b4d8-1c2617029c92,Newton,McCosker,Male,nmccoskerqs@cloudflare.com,(103) 5724950,2/1/2025,Food Chemist
,9b691ce4-afcc-400f-8621-060a4155a1d9,Konstance,Sharplin,Female,ksharplinqt@behance.net,(708) 3993612,9/17/2024,Dental Hygienist
,524abe43-22c5-476c-a75b-50896752915d,Bordie,Ellerman,Male,bellermanqu@yolasite.com,(502) 9707947,1/27/2025,Senior Sales Associate
,5634af57-def6-416a-b5c0-59936a448318,Amalie,Ausher,Female,aausherqv@jiathis.com,(104) 6266728,3/11/2025,Software Test Engineer II
,07740651-7b03-4c6e-ac9a-2f9820672fbf,Raviv,Cady,Agender,rcadyqw@themeforest.net,(833) 3949303,5/5/2024,Cost Accountant
,1bf25e97-f4cc-4076-b901-009f0b98ba11,Walt,Echalie,Male,wechalieqx@over-blog.com,(161) 8112330,9/24/2024,Internal Auditor
,199251dd-4144-4977-a24b-1060e7a637f8,Nefen,Gosforth,Male,ngosforthqy@businesswire.com,(898) 2573502,5/13/2024,Nuclear Power Engineer
,6c5501c3-ad67-4a98-ac29-460160a7da1a,Benetta,Dumphries,Female,bdumphriesqz@hud.gov,(241) 7921745,3/18/2024,Executive Secretary
,331420e7-e024-4e8c-ba78-8f2b1d401620,Mikey,Derell,Male,mderellr0@mlb.com,(108) 9545710,2/12/2025,Research Associate
,5b830e37-6393-4862-9670-916d584aa6d0,Loralyn,Kobke,Female,lkobker1@google.es,(763) 4134211,7/25/2024,Systems Administrator III
,00e868f9-8d11-49da-811a-2493b9a8bfff,Elysha,MacKeeg,Female,emackeegr2@slideshare.net,(631) 8414240,3/29/2024,Administrative Assistant III
,de4e33f2-c1e2-47cf-85e7-ea45441cf4b3,Rebeka,Rolf,Female,rrolfr3@zdnet.com,(929) 3229484,6/25/2024,Software Engineer II
,faea50df-e077-4fa8-adc0-eedc04681aed,Kriste,Bleas,Female,kbleasr4@youku.com,(253) 2285529,9/9/2024,Teacher
,916b796e-1949-4d88-b4ae-94ac5eec768d,Hillier,Rickardes,Male,hrickardesr5@utexas.edu,(155) 5995584,4/8/2024,GIS Technical Architect
,b85f6606-0c59-4331-aaf8-2721e0b82c10,Gaye,Thackwray,Female,gthackwrayr6@jigsy.com,(281) 2464251,8/11/2024,Senior Quality Engineer
,cd5b744d-bd25-4ff8-b5be-4fe81015dabf,Lorant,Ucceli,Male,luccelir7@omniture.com,(419) 4773555,1/23/2025,Account Coordinator
,aec1112c-12d1-4f95-9b4d-f7d26b780e7b,Genovera,Gianiello,Female,ggianiellor8@usda.gov,(641) 3287352,2/7/2025,Marketing Assistant
,5385a0c8-350d-4cff-a2ae-9fed3a6ba1da,Em,Butt Gow,Male,ebuttgowr9@cocolog-nifty.com,(767) 5548999,5/5/2024,Help Desk Technician
,b94a491f-a47c-494d-a04a-6e0681c01f66,Marijn,Darnborough,Male,mdarnboroughra@simplemachines.org,(613) 7532208,8/16/2024,Biostatistician III
,daad1156-2586-4005-bb2d-5895a961df55,Horace,Dinnis,Male,hdinnisrb@friendfeed.com,(390) 2851591,9/25/2024,Speech Pathologist
,0f3cbf5e-ff2c-4c2f-bc24-5184110fa042,Toma,Ashwell,Female,tashwellrc@yolasite.com,(196) 1038387,10/30/2024,Automation Specialist III
,e591958e-e177-48e9-b97c-187581ac911d,Corbet,Puncher,Male,cpuncherrd@buzzfeed.com,(203) 1660432,3/12/2025,Compensation Analyst
,7fd3463e-7966-4621-889c-d41ea3c0c853,Sallyann,Serjent,Female,sserjentre@friendfeed.com,(412) 7089319,3/30/2024,Marketing Manager
,51e0d246-7b39-4b61-9035-6b7f801b9925,Lauretta,Chatell,Female,lchatellrf@wufoo.com,(314) 9605471,10/18/2024,Graphic Designer
,ac49649c-b039-4380-9421-73e7e287ee43,Alberta,Wonter,Female,awonterrg@sourceforge.net,(201) 9717103,10/13/2024,Account Coordinator
,452747fd-1eab-444a-92d5-be48139917bb,Elijah,Bartolijn,Male,ebartolijnrh@trellian.com,(532) 6734341,1/17/2025,Graphic Designer
,06a40ec5-6aec-4e38-afc0-f0373abba801,Stillman,Ashlee,Male,sashleeri@a8.net,(403) 9704745,8/19/2024,Accountant II
,fab432ec-040d-4e36-a350-ba46303c021c,Findlay,Lagneaux,Male,flagneauxrj@php.net,(479) 5316406,1/26/2025,Technical Writer
,1fa8c62e-7edd-49e3-a2d3-d78a8ea903e6,Devin,Cosstick,Agender,dcosstickrk@xing.com,(914) 6165595,11/27/2024,Design Engineer
,e0b0b36c-3c6f-453c-89a7-3a135d8c81d8,Frank,Sexty,Female,fsextyrl@loc.gov,(653) 4241785,4/7/2024,Engineer II
,a2bf3515-be1d-444c-9529-960902cb02ed,Wilhelm,Bracer,Male,wbracerrm@dailymotion.com,(354) 2819727,7/18/2024,Safety Technician I
,b5a311d7-f0bf-4d1a-947c-b2d530f0db6d,Heall,Berthome,Male,hberthomern@xinhuanet.com,(225) 3238165,3/4/2025,Project Manager
,8cf130ce-cd27-4167-a93b-8dbfb280bff6,Reece,Bosence,Male,rbosencero@behance.net,(425) 6692249,7/13/2024,Research Assistant II
,393388bf-280e-41df-a578-71f43a921205,Salomi,Lowre,Female,slowrerp@deviantart.com,(314) 7893258,6/8/2024,Librarian
,1d19599f-23ab-4d15-a266-1f4ac137999d,Feodora,Gravatt,Female,fgravattrq@telegraph.co.uk,(218) 4868397,8/23/2024,Food Chemist
,b1a18997-d7d6-4531-8b5e-1f1795536c5c,Appolonia,Cosham,Female,acoshamrr@irs.gov,(338) 3540244,12/30/2024,Financial Analyst
