id,name,category,price,isOfferApplied,discountPercentage,priceAfterDiscount
,pants,Home Decor,4558.88,TRUE,87.24,331.07
,gloves,Sports Equipment,1539.52,FALSE,38.6,1155.64
,shirt,Electronics,509.51,TRUE,38.19,752.96
,shirt,Toys,2329.61,TRUE,99.67,3852.03
,pants,Electronics,1560.04,FALSE,0.7,1618.5
,pants,Toys,283.62,TRUE,11.61,2997.1
,scarf,Sports Equipment,3616.31,TRUE,12.37,4722.25
,socks,Electronics,235.2,TRUE,1.29,842.44
,pants,Books,4472.51,FALSE,95.39,2899.18
,gloves,Home Decor,272.16,FALSE,91.53,3442.23
,hat,Books,4381.17,FALSE,7.83,4204.55
,gloves,Clothing,560.77,TRUE,21.77,1793.66
,socks,Sports Equipment,46.02,FALSE,21.59,4340.09
,watch,Toys,424.27,TRUE,77.88,4647.15
,scarf,Toys,2845.51,TRUE,87.35,1220.55
,watch,Electronics,2809.8,TRUE,44,4598.43
,hat,Sports Equipment,4986.63,FALSE,48.84,4760.34
,belt,Toys,4666.9,FALSE,69.47,62.82
,jacket,Home Decor,4790.51,FALSE,6.58,4010.81
,belt,Clothing,2643.31,FALSE,35.93,1466.01
,hat,Sports Equipment,1247.56,TRUE,7.17,1912.58
,watch,Sports Equipment,2514.93,TRUE,58.36,2896.57
,socks,Clothing,3654.17,FALSE,61.08,3467.59
,jacket,Toys,4445.79,FALSE,96.04,4883.49
,shirt,Sports Equipment,4268.7,FALSE,90.17,808.46
,socks,Sports Equipment,4898.79,FALSE,31.92,2372.95
,shirt,Home Decor,1000.66,FALSE,10.87,3131.89
,jacket,Electronics,3758.69,FALSE,13.37,1925.72
,belt,Sports Equipment,1388.35,FALSE,7.83,2230.51
,watch,Home Decor,2049.33,TRUE,89.1,3316.33
,jacket,Clothing,401.24,TRUE,11.4,4733.81
,socks,Sports Equipment,2831.45,TRUE,15.47,4992.86
,gloves,Home Decor,3043.16,FALSE,64.86,2061.82
,socks,Home Decor,2325.34,FALSE,69.46,3790.4
,jacket,Clothing,1193.02,TRUE,77.17,3553.8
,hat,Home Decor,3777.34,FALSE,91.24,4973.58
,socks,Books,3433.24,TRUE,40.33,3846.43
,socks,Home Decor,1542.86,TRUE,57.85,435.93
,gloves,Books,2700.86,TRUE,61.54,3273.44
,belt,Electronics,4956.1,FALSE,29.98,4030.27
,gloves,Sports Equipment,3495.85,FALSE,93.57,3754.54
,watch,Toys,4146.98,FALSE,88.59,1024.28
,hat,Electronics,4453.79,FALSE,44.53,4505.64
,gloves,Toys,3304.94,TRUE,27.9,3223.21
,watch,Toys,2754.64,FALSE,62.31,4701.43
,hat,Electronics,3998.64,TRUE,75.81,2324.63
,shirt,Home Decor,623.09,FALSE,74.98,3669.14
,watch,Books,3374.14,TRUE,26.73,3309.02
,pants,Electronics,3234.89,TRUE,41.46,3996.5
,shoes,Toys,4547.01,TRUE,53.93,1750.95
,pants,Books,1308.27,TRUE,41.49,1313.82
,pants,Electronics,2449.57,FALSE,16.05,95.76
,pants,Books,3218.61,FALSE,73.9,1018.82
,pants,Clothing,374.09,FALSE,60.16,2621.4
,scarf,Home Decor,4485.34,FALSE,3.52,1808.42
,scarf,Books,307.21,TRUE,16.56,1029
,scarf,Sports Equipment,4961.12,FALSE,35.64,4424.12
,gloves,Clothing,4942.06,FALSE,6.04,4010.25
,scarf,Clothing,4002.14,TRUE,27.27,2280.9
,watch,Books,1566.95,TRUE,89.18,4048.88
,scarf,Clothing,2528.99,TRUE,36.87,2365.98
,jacket,Sports Equipment,4055.7,TRUE,28.76,474.87
,watch,Home Decor,868.34,FALSE,48.59,1821.56
,hat,Toys,521.63,TRUE,83.92,4370.52
,shoes,Sports Equipment,3157.87,TRUE,84.99,1346.77
,scarf,Clothing,1617.26,TRUE,86.3,1403.45
,belt,Electronics,2263.57,FALSE,91.74,2930.81
,hat,Toys,1288.69,FALSE,1.79,3783.68
,shoes,Electronics,2018.61,TRUE,19.84,957.82
,watch,Toys,534.71,FALSE,27.89,4237.63
,watch,Clothing,1916.71,TRUE,83.2,4818.87
,jacket,Home Decor,3531.36,TRUE,10.04,2719.03
,jacket,Sports Equipment,3214.48,TRUE,42.31,2509.84
,pants,Electronics,154.13,FALSE,4.5,2551.91
,hat,Clothing,4682.84,TRUE,62.08,2992.88
,jacket,Home Decor,3172.57,FALSE,0.36,3209
,scarf,Electronics,4015.02,TRUE,75.84,4837.85
,scarf,Toys,1163.58,FALSE,54.42,1937.8
,socks,Electronics,1255.07,FALSE,39.06,2405.8
,hat,Books,1368.58,TRUE,47.2,0.56
,socks,Sports Equipment,4928.84,TRUE,58.74,4473.29
,shoes,Clothing,1788.41,TRUE,20.35,4513.01
,watch,Sports Equipment,3251.54,FALSE,70.63,3773.05
,watch,Toys,2222.71,FALSE,52.35,4636.77
,jacket,Books,4869.56,TRUE,24.18,561.28
,shoes,Electronics,3899.96,FALSE,49.41,2362.41
,jacket,Toys,2573.93,FALSE,64.11,670.76
,socks,Home Decor,17.68,FALSE,37.7,2957.15
,shirt,Books,4323.62,TRUE,10.8,2831.58
,hat,Electronics,962.01,FALSE,10.16,4791.42
,shirt,Electronics,4109.81,TRUE,52.04,2672.37
,watch,Sports Equipment,4163.59,FALSE,88.81,1619.24
,scarf,Home Decor,2418.27,FALSE,69.35,304.19
,hat,Sports Equipment,3133.52,FALSE,41.82,3685.52
,gloves,Books,4810.83,FALSE,15.74,398.25
,hat,Books,384.08,TRUE,76.9,436.03
,watch,Sports Equipment,3108.77,TRUE,80.93,3484.16
,pants,Sports Equipment,2680.85,FALSE,72.71,1524.52
,jacket,Books,4310,TRUE,48.03,4640.16
,gloves,Toys,1909.93,TRUE,75.46,817.96
,shoes,Clothing,4120.72,FALSE,35.39,880.53
,watch,Electronics,843.6,TRUE,31.94,4571.43
,watch,Sports Equipment,4922.37,FALSE,88.02,1131.56
,gloves,Home Decor,3257.97,FALSE,4.85,3814.08
,jacket,Sports Equipment,1058.04,TRUE,30.93,4724.56
,shoes,Toys,1502.08,FALSE,46.46,529.21
,hat,Toys,2507.39,FALSE,63.69,2912.11
,hat,Sports Equipment,3931.04,FALSE,26.47,503.65
,watch,Electronics,4886.06,FALSE,54.48,144.49
,socks,Home Decor,2316.09,TRUE,30.16,2802.77
,belt,Electronics,4414.05,TRUE,4.17,2763.9
,socks,Sports Equipment,2903.97,FALSE,73.93,2401.33
,pants,Electronics,3432.91,FALSE,26.94,3555.36
,jacket,Electronics,2111.06,TRUE,78.25,3733.41
,scarf,Toys,1983.15,TRUE,22.05,1167.78
,watch,Home Decor,2365.65,FALSE,22.79,1926.84
,belt,Books,3942.2,FALSE,99.43,1670.92
,scarf,Clothing,4301.23,FALSE,16.89,3721.48
,belt,Books,3170.99,TRUE,63.62,3460.34
,socks,Clothing,229.49,TRUE,60.19,1436.75
,shoes,Electronics,1070.17,TRUE,81.62,3163.88
,belt,Electronics,4560.82,TRUE,80.1,4665.35
,watch,Toys,2059.67,TRUE,28.49,1355.82
,hat,Electronics,987.18,FALSE,8.5,853.62
,scarf,Sports Equipment,889.58,TRUE,75.23,482.77
,shoes,Sports Equipment,4124.05,FALSE,1.26,4082.74
,scarf,Books,2020.88,TRUE,92.44,129.23
,socks,Home Decor,4721.14,TRUE,83.49,564.55
,belt,Sports Equipment,4832.51,TRUE,50.22,1175.65
,shirt,Sports Equipment,3318.6,TRUE,23.67,4167.41
,shoes,Books,2912.89,TRUE,40.84,4799.77
,socks,Clothing,836.18,FALSE,40.6,3647.67
,shoes,Sports Equipment,3881.75,TRUE,66.61,3555.36
,scarf,Books,262.96,FALSE,48.8,3488.92
,hat,Books,3260.23,TRUE,89.48,3740.9
,jacket,Clothing,370.26,FALSE,64.44,2103.43
,hat,Home Decor,1607,TRUE,67.72,1461.06
,socks,Books,119.6,FALSE,5.52,2779.17
,watch,Home Decor,3117.39,FALSE,0.79,1811.72
,gloves,Electronics,1951.24,FALSE,74.91,2578.83
,scarf,Toys,1091.61,TRUE,97.02,4709.9
,jacket,Sports Equipment,1308.84,FALSE,58.25,3918.7
,belt,Books,4887.7,FALSE,97.58,1416.33
,jacket,Sports Equipment,2738.82,TRUE,2.65,4357.15
,jacket,Home Decor,3203.34,TRUE,87.11,3363.95
,jacket,Electronics,1288.47,TRUE,94.77,2555.86
,pants,Home Decor,982.83,FALSE,96.79,3629.39
,socks,Home Decor,3942.23,TRUE,35.23,2591.88
,shirt,Sports Equipment,3080.34,TRUE,84.14,2940.42
,pants,Sports Equipment,298.94,FALSE,80.74,3648.73
,gloves,Electronics,2567.09,TRUE,71.11,1809.15
,jacket,Books,1909.87,FALSE,34.26,575.07
,gloves,Electronics,87.79,TRUE,99.23,2629.79
,shoes,Home Decor,2741.24,TRUE,3.88,3794.48
,gloves,Toys,2239.27,TRUE,38.42,1576.35
,shoes,Toys,4964.59,TRUE,70.83,2462.27
,belt,Toys,3285.84,TRUE,37.17,2155.87
,scarf,Home Decor,253.83,FALSE,34.12,762.92
,gloves,Clothing,2515.22,TRUE,54.26,3635.99
,watch,Sports Equipment,1501.9,FALSE,60.32,1359.42
,scarf,Books,4309.8,TRUE,43.72,1643.65
,shirt,Home Decor,1956.96,FALSE,16.76,1997.2
,belt,Clothing,4578.03,TRUE,46.35,326.83
,watch,Sports Equipment,4687.84,FALSE,27.02,746.21
,watch,Home Decor,1385.15,FALSE,45.34,1703.72
,pants,Clothing,4735.3,FALSE,10.22,964.14
,socks,Electronics,908.13,FALSE,62.11,4462.2
,shoes,Toys,246.94,TRUE,62.5,543.82
,shoes,Home Decor,4509.43,TRUE,36.84,2197.07
,gloves,Clothing,3385.48,FALSE,35,3525.44
,jacket,Clothing,2408.73,TRUE,17.33,1565.06
,hat,Books,1846.05,FALSE,94.79,1513.5
,shirt,Electronics,1898.86,TRUE,97.65,3852.07
,belt,Clothing,4868.66,TRUE,22.48,2068.73
,jacket,Books,2334.92,FALSE,36.76,868.93
,watch,Electronics,2631.72,TRUE,24.88,2271.49
,shirt,Sports Equipment,37.36,FALSE,42.29,1088.89
,scarf,Books,2962.91,TRUE,40.77,4272.84
,jacket,Toys,3646.68,FALSE,88.88,3928.31
,gloves,Sports Equipment,3764.98,TRUE,86.16,1018.34
,belt,Electronics,798.82,FALSE,98.24,1552.85
,shoes,Clothing,944.61,FALSE,25.09,2368.71
,belt,Electronics,4679.51,TRUE,37.16,28.69
,pants,Toys,305.09,FALSE,5.76,2730.83
,socks,Home Decor,1530.89,TRUE,40.03,896.05
,watch,Clothing,2589.99,FALSE,49.51,3127.28
,jacket,Clothing,2899.78,FALSE,68.92,3043.13
,shirt,Sports Equipment,3491.32,TRUE,88.19,1972.61
,pants,Electronics,2063.6,FALSE,26.78,2418.17
,watch,Electronics,1727.47,TRUE,40.69,1157.63
,gloves,Electronics,646.23,FALSE,75.75,1105.86
,scarf,Sports Equipment,2863.75,TRUE,64.54,1138.26
,pants,Toys,217.46,TRUE,86.82,3649.29
,belt,Toys,4196.96,FALSE,34.57,4634.26
,watch,Toys,3977.76,FALSE,84.88,4257.63
,gloves,Clothing,2579.64,TRUE,71.23,4123.41
,hat,Home Decor,3673.55,FALSE,80.43,1226.63
,socks,Electronics,3498.28,FALSE,53.74,269.1
,shoes,Home Decor,4897.58,FALSE,34.79,3030.8
,pants,Electronics,2413.32,TRUE,72.85,3098.87
,scarf,Books,390.72,FALSE,61.4,3466.85
,gloves,Sports Equipment,513.84,FALSE,26.51,52.91
,hat,Books,2542.03,FALSE,23.53,3065.61
,scarf,Sports Equipment,157.1,TRUE,84.31,2349.52
,shoes,Sports Equipment,3911.32,FALSE,89.79,4504.65
,hat,Books,4076.86,TRUE,76.55,74.21
,belt,Home Decor,476.42,FALSE,72.83,2955.85
,scarf,Clothing,4498.99,TRUE,91.32,1234.98
,pants,Clothing,313.15,TRUE,31.34,1336.72
,gloves,Clothing,2289.51,FALSE,75.75,3007.92
,watch,Electronics,2565,FALSE,57.13,4135.44
,watch,Clothing,978.87,FALSE,68.25,3135.51
,socks,Electronics,4607.04,FALSE,79.39,3394.1
,scarf,Toys,2476.36,FALSE,85.32,4981.81
,jacket,Clothing,2572.66,TRUE,16.59,44.71
,belt,Sports Equipment,3063.28,TRUE,7.68,1222.79
,scarf,Home Decor,1331.96,FALSE,80.57,2818.32
,shoes,Electronics,575.08,FALSE,10.16,4226.64
,belt,Home Decor,569.84,TRUE,66.48,2871.93
,jacket,Clothing,4032.83,TRUE,34.34,230.12
,pants,Electronics,1649.86,FALSE,43.94,1564.2
,belt,Electronics,4311.33,FALSE,91.97,4231.06
,shoes,Home Decor,1355.27,FALSE,1.31,4088.43
,gloves,Electronics,2302.79,TRUE,45.8,1924.72
,watch,Books,865.45,FALSE,45.72,938.71
,socks,Sports Equipment,4657.92,TRUE,53.87,1790.78
,socks,Electronics,976.55,FALSE,59.45,2235.99
,shirt,Clothing,559.37,FALSE,25.82,3890.18
,shirt,Books,2331.35,FALSE,8.31,3228.23
,pants,Toys,4018.89,FALSE,32.97,2553.49
,hat,Home Decor,4896.13,FALSE,55.85,2236.32
,shoes,Sports Equipment,2717.29,TRUE,33.28,225.05
,shoes,Clothing,2890.54,TRUE,4.05,4730.74
,hat,Sports Equipment,4162.4,TRUE,76.68,3557.44
,pants,Toys,4740.81,FALSE,81.29,4652.27
,shoes,Home Decor,1157.83,TRUE,49.64,2000.11
,scarf,Books,1040.82,FALSE,69.23,3211.35
,watch,Toys,14.63,FALSE,10.16,246.38
,socks,Toys,373.41,FALSE,64.77,4583.93
,shirt,Electronics,3076.74,FALSE,30.96,494.22
,jacket,Sports Equipment,1370.71,FALSE,99.63,546.02
,belt,Books,2079.64,TRUE,14.07,448.91
,jacket,Sports Equipment,2877.41,FALSE,69.56,4292.62
,watch,Electronics,4083.5,FALSE,3.59,2509.22
,scarf,Clothing,1362.27,FALSE,36.01,1109.84
,socks,Sports Equipment,3085.39,FALSE,25.43,1544.75
,watch,Toys,2454.14,FALSE,35.94,3630.63
,belt,Books,880.1,TRUE,91.99,2569.35
,belt,Books,1491.19,FALSE,96.75,2657.34
,gloves,Clothing,209.48,FALSE,35.57,95.22
,hat,Electronics,95.77,FALSE,81.2,1948.35
,gloves,Electronics,3746.59,TRUE,40.74,1707.73
,socks,Electronics,1737.27,TRUE,83.33,4456.05
,belt,Home Decor,3446.96,TRUE,53.07,3752.97
,watch,Electronics,1744.51,FALSE,84.84,3595.06
,belt,Home Decor,3425.42,TRUE,21.1,1815.25
,gloves,Clothing,4601.15,TRUE,78.48,1473.18
,belt,Electronics,4012.3,FALSE,63.99,4693.09
,shoes,Sports Equipment,2719.04,TRUE,63.02,2825.15
,gloves,Clothing,3152.79,TRUE,50.87,4101.33
,belt,Toys,535.77,TRUE,71.99,1723.52
,hat,Sports Equipment,2726.92,FALSE,39.41,4918.25
,jacket,Clothing,2085.41,FALSE,25.95,3587.75
,socks,Toys,1373.23,FALSE,81.95,1752.95
,hat,Electronics,2524.85,FALSE,43.93,2680.24
,hat,Sports Equipment,3806.8,TRUE,25.42,1381.63
,watch,Home Decor,4012.15,TRUE,37.31,2022.56
,watch,Clothing,4267.47,FALSE,85.23,795.92
,hat,Electronics,2238.36,FALSE,75.38,679.32
,socks,Electronics,3309.99,FALSE,62.79,607.36
,belt,Home Decor,1433.03,FALSE,58.42,563.54
,hat,Sports Equipment,3996.41,FALSE,47.54,2061.91
,jacket,Clothing,442.81,TRUE,72.6,2332.29
,watch,Electronics,2311.98,FALSE,67.09,3857.56
,watch,Electronics,4654,TRUE,63.52,3159.02
,hat,Toys,2845.39,TRUE,77.85,1269.65
,jacket,Toys,3038.34,FALSE,21.16,3671.62
,watch,Sports Equipment,4875.51,TRUE,28.46,1798.53
,scarf,Electronics,1203,TRUE,76.01,4476.86
,watch,Toys,2666.01,FALSE,79.19,2717.9
,watch,Electronics,785.3,TRUE,53.36,360.73
,jacket,Clothing,4875.88,FALSE,29.18,4569.58
,shoes,Home Decor,2123.02,TRUE,61.03,2091.48
,shirt,Sports Equipment,3968.09,TRUE,5.84,2820.49
,pants,Toys,2422.01,FALSE,44.44,4710.1
,hat,Books,3927.36,TRUE,29.8,525.97
,shoes,Toys,3937.63,FALSE,95.47,3624.15
,hat,Clothing,679.88,FALSE,54.46,2360.22
,pants,Toys,4026.69,FALSE,68.77,3933.34
,shoes,Books,3449.96,FALSE,70.22,4865.35
,belt,Sports Equipment,237.53,TRUE,80.88,1774.72
,belt,Books,4643.43,FALSE,37.32,3066.65
,shirt,Home Decor,4370.19,TRUE,3.22,1730.71
,shoes,Electronics,2163.78,FALSE,93.95,2181.87
,socks,Toys,665.61,FALSE,81.65,139.38
,watch,Books,2952.13,TRUE,29.9,2755.55
,scarf,Clothing,2118.71,TRUE,59.07,4563.16
,watch,Books,1969.03,TRUE,70.17,568.89
,shoes,Sports Equipment,4908.13,TRUE,90.88,1141.21
,shoes,Clothing,1086.91,TRUE,68.75,941.55
,jacket,Toys,2251.41,FALSE,97.29,2056.81
,gloves,Home Decor,2661.55,TRUE,49.47,4085.83
,hat,Toys,3580.69,TRUE,12.37,2415.6
,gloves,Electronics,2716.89,TRUE,72.37,4177.21
,socks,Toys,4345.65,FALSE,16.22,2772.08
,watch,Sports Equipment,4810.95,TRUE,51.67,3231.71
,hat,Clothing,1173.57,TRUE,26.03,1488.84
,scarf,Electronics,3915.52,FALSE,7.23,4198.6
,watch,Electronics,847.3,FALSE,62.67,2631.13
,hat,Home Decor,3155.22,FALSE,11.54,4187.53
,socks,Sports Equipment,3026.31,TRUE,51.35,4094.13
,shoes,Toys,138.08,TRUE,60.55,2860.55
,pants,Electronics,2109.51,FALSE,78.51,3798.44
,socks,Clothing,1141.17,FALSE,23.45,1309.95
,scarf,Books,414.06,TRUE,9.74,4264.5
,scarf,Electronics,2233.51,FALSE,93.56,2359.7
,shoes,Electronics,2621.96,TRUE,48.36,2397.46
,watch,Books,4694.03,FALSE,60.65,4686
,hat,Sports Equipment,196.05,TRUE,83.97,3005.95
,hat,Clothing,428.64,TRUE,62.43,777.81
,shoes,Home Decor,738.3,TRUE,64.71,590.8
,hat,Home Decor,582.07,TRUE,72.64,2748.2
,gloves,Toys,1959.28,FALSE,19.34,3630.42
,watch,Home Decor,3808.94,TRUE,89.94,1790.31
,belt,Books,1136.62,FALSE,52.9,1165
,shirt,Home Decor,2471.47,TRUE,36.9,1608.44
,shoes,Toys,1433.29,FALSE,3.79,436.68
,jacket,Sports Equipment,1195.08,FALSE,41.97,2588.72
,shoes,Books,604.8,FALSE,46.62,32.28
,scarf,Clothing,1775.14,FALSE,96.59,627.79
,jacket,Books,3076.77,FALSE,65.84,2135.03
,watch,Toys,4640.42,FALSE,41.33,1041.73
,scarf,Clothing,2594.06,TRUE,24.8,625.81
,pants,Electronics,3368.54,FALSE,4.21,2107.6
,belt,Toys,4247.77,FALSE,91.23,3727.92
,gloves,Books,1158.86,TRUE,68.16,4272.97
,shirt,Sports Equipment,4912.07,TRUE,59.89,4540.89
,shirt,Clothing,3376.46,FALSE,0.69,3246.83
,scarf,Clothing,3238.87,TRUE,18.67,2005.39
,hat,Toys,388.67,TRUE,60.18,3269.71
,hat,Toys,2250.33,FALSE,12.63,1152.93
,pants,Clothing,2252.24,TRUE,35.24,4117.18
,jacket,Home Decor,4744.65,FALSE,29.71,4270.13
,shirt,Electronics,363.48,FALSE,0.15,967.93
,belt,Home Decor,124.7,FALSE,6.53,541.77
,socks,Home Decor,4143.24,FALSE,21.93,4279.6
,watch,Clothing,1309.29,FALSE,83.87,34.13
,shirt,Home Decor,3989.49,FALSE,5.31,4680.27
,socks,Electronics,2344.86,FALSE,54.07,4171.59
,scarf,Toys,4992.13,FALSE,14.69,4755.86
,belt,Books,2750.39,TRUE,43.75,772.19
,jacket,Electronics,3865.25,TRUE,59.37,1153.15
,gloves,Electronics,597.56,TRUE,47.12,4323.73
,shoes,Clothing,3940.64,FALSE,95.88,3015.94
,watch,Clothing,3005.99,FALSE,33.97,3855.47
,scarf,Clothing,2164.68,FALSE,94.94,162.19
,hat,Home Decor,1743.23,TRUE,25.08,1892.98
,shoes,Books,2338.87,FALSE,31.82,1375.35
,hat,Toys,3628.59,FALSE,89.14,838.36
,gloves,Toys,826.82,TRUE,75.99,3625.85
,pants,Electronics,3887.65,TRUE,67.31,2509.96
,shoes,Books,1071.92,FALSE,99.91,4739.05
,scarf,Home Decor,2609.39,TRUE,85.28,384.07
,socks,Home Decor,4680.43,TRUE,67.57,2397.92
,shoes,Clothing,2889.94,TRUE,25.56,4725.01
,socks,Books,1706.06,FALSE,36.02,1002.76
,jacket,Clothing,4585.86,FALSE,15.98,373.8
,belt,Books,1407.97,TRUE,61.64,2882.96
,gloves,Toys,2475.47,FALSE,58.58,1496.89
,hat,Toys,3969.06,FALSE,62.29,1839.84
,pants,Books,416.6,TRUE,21.97,3913.38
,belt,Sports Equipment,4786.18,FALSE,85.74,1134.1
,pants,Home Decor,4982.29,FALSE,0.96,4480.72
,socks,Books,4439.53,TRUE,16.23,108.67
,gloves,Toys,4362.3,TRUE,86.58,2074.23
,watch,Sports Equipment,4958.53,TRUE,84.13,2246.32
,scarf,Toys,662.89,TRUE,76.42,673.74
,hat,Sports Equipment,150.34,FALSE,11.16,4020.98
,belt,Clothing,1403.05,TRUE,92.94,1127.69
,socks,Electronics,3916.84,FALSE,99.17,3525.6
,belt,Toys,4179.17,TRUE,95.61,599.94
,gloves,Books,24.93,FALSE,2.57,1359.7
,watch,Clothing,2258.39,FALSE,0.43,124.08
,jacket,Home Decor,3202.55,FALSE,10.51,4606.14
,scarf,Electronics,2103.97,TRUE,87.1,1223.9
,pants,Sports Equipment,2095.17,TRUE,1.35,2815.83
,shoes,Sports Equipment,3230.19,TRUE,75.38,465.2
,jacket,Toys,501.04,FALSE,33.92,3768.83
,watch,Clothing,2519.27,FALSE,15.01,1371.95
,jacket,Books,4311.6,FALSE,39.23,4289.07
,shirt,Books,3968.69,TRUE,17.3,4961.06
,pants,Electronics,3482.64,TRUE,37.14,510.3
,gloves,Home Decor,3895.5,FALSE,88.36,4167.94
,pants,Home Decor,236.14,FALSE,82.44,826.53
,gloves,Sports Equipment,1875.88,FALSE,7.78,3480.16
,shirt,Clothing,1443.1,FALSE,32.53,765.53
,shoes,Home Decor,1105.34,FALSE,32.9,773.48
,shirt,Toys,2394.82,TRUE,6.27,2785.22
,socks,Toys,2416.58,FALSE,27.12,4078.18
,hat,Home Decor,3267.16,FALSE,19.93,3760.65
,jacket,Electronics,3025.92,TRUE,88.05,1927.23
,belt,Toys,2015.38,TRUE,56.41,4126.57
,pants,Clothing,3638.26,TRUE,15.4,4555.83
,hat,Toys,1607.8,FALSE,17.04,3482.5
,jacket,Clothing,4925.23,TRUE,78.82,1736.4
,hat,Clothing,3342.58,TRUE,31.39,3872.96
,hat,Clothing,2572.19,TRUE,60.44,1594.24
,scarf,Sports Equipment,2274.89,FALSE,16.81,3369.02
,gloves,Electronics,4237.34,TRUE,98.69,4839.59
,jacket,Sports Equipment,2643.1,FALSE,68.46,3084.17
,shoes,Electronics,765.3,TRUE,93.03,1855.86
,belt,Clothing,2003.86,TRUE,5.28,255.01
,jacket,Electronics,681.03,TRUE,76.34,2142.18
,jacket,Clothing,145.2,TRUE,33.19,2240.3
,watch,Books,3253.73,FALSE,26.61,2805.08
,shirt,Clothing,4354.54,TRUE,17.16,864.02
,jacket,Clothing,3306.56,FALSE,96.63,2296.4
,belt,Home Decor,4590.5,FALSE,97,49.45
,hat,Sports Equipment,4317.85,FALSE,6.04,1136.41
,socks,Clothing,2539.95,FALSE,87.9,3389.8
,shoes,Clothing,3403.31,FALSE,62.68,2740.78
,shirt,Sports Equipment,3332.19,TRUE,42.9,300.21
,pants,Clothing,3369.33,TRUE,60.45,3383.04
,gloves,Clothing,4701.82,TRUE,84.93,910.09
,socks,Toys,4946.54,FALSE,15.46,2935.9
,gloves,Home Decor,359.07,FALSE,89.14,2526.77
,pants,Books,2491.81,TRUE,10.02,3612.38
,watch,Home Decor,1340.73,FALSE,44.81,209.44
,hat,Toys,726.43,TRUE,78.4,4967.94
,hat,Electronics,1371.76,FALSE,74.96,3797.2
,pants,Sports Equipment,4488.03,TRUE,35.43,2258.97
,jacket,Clothing,2029.08,TRUE,40.93,3216.68
,gloves,Electronics,1762.55,FALSE,78.14,2427.91
,pants,Sports Equipment,2572.85,TRUE,48.13,1066.04
,belt,Home Decor,3402.95,FALSE,24.49,2617.6
,watch,Books,1149.05,TRUE,96.84,4550.61
,shoes,Electronics,1201.76,TRUE,97.09,692.7
,hat,Books,2887.66,TRUE,55.78,1551.94
,pants,Clothing,2669.19,TRUE,29.17,1329.23
,gloves,Books,2709.99,FALSE,30.18,48.5
,scarf,Electronics,4925.65,FALSE,50.14,2072.67
,shirt,Books,2607.34,FALSE,76.05,2007.39
,watch,Clothing,366.86,FALSE,45.92,4802.4
,belt,Sports Equipment,4029.63,FALSE,75.13,1199.54
,watch,Electronics,483.44,FALSE,43.96,2682.56
,socks,Sports Equipment,3634,FALSE,39.34,102.86
,belt,Books,1257.8,TRUE,7.75,1877.3
,socks,Electronics,583.71,TRUE,68.74,4258.14
,belt,Home Decor,756.3,FALSE,4.28,899.72
,belt,Home Decor,830.49,TRUE,78.34,1683.51
,watch,Sports Equipment,3801.61,FALSE,36.11,126.76
,jacket,Home Decor,1085.05,FALSE,16,503.19
,scarf,Toys,650.72,FALSE,50.43,2078.8
,shirt,Books,2574.63,TRUE,34.4,4248.76
,hat,Sports Equipment,68.11,FALSE,14.52,3198.2
,belt,Toys,1624.13,TRUE,90.83,1566.56
,belt,Electronics,311.44,FALSE,73.06,4820.87
,gloves,Toys,1857.39,FALSE,7.34,4354.95
,belt,Sports Equipment,4061.3,TRUE,99.33,3878.71
,belt,Home Decor,842.79,FALSE,86.09,553.13
,jacket,Clothing,4379.17,TRUE,97.24,1690.88
,jacket,Electronics,749.43,TRUE,92.83,3058.98
,hat,Toys,2316.03,TRUE,99.3,2165.52
,hat,Books,743.01,FALSE,27.78,1068.99
,scarf,Home Decor,3388.34,TRUE,19.53,651.74
,shoes,Toys,627.22,TRUE,22.31,3672.92
,shirt,Clothing,2040.09,FALSE,46.81,4650.41
,shirt,Sports Equipment,4541.67,FALSE,48.22,3208.83
,belt,Home Decor,3830,TRUE,2.05,105.76
,pants,Electronics,1421.68,TRUE,19.33,2573.43
,hat,Toys,3310.02,FALSE,48.41,2407.28
,shirt,Toys,3113.4,TRUE,34.36,4322.15
,hat,Electronics,3891.33,TRUE,55.17,3153.65
,pants,Toys,435.25,FALSE,93.9,2961.5
,gloves,Toys,2271.63,FALSE,29.8,442.42
,belt,Electronics,2064.35,TRUE,18.34,2313.41
,jacket,Toys,1163.48,FALSE,33.83,4462.59
,gloves,Sports Equipment,249.66,TRUE,61.29,3618.05
,hat,Books,1255.76,FALSE,63.52,1854.83
,gloves,Sports Equipment,4854.12,TRUE,23.25,2330.45
,socks,Sports Equipment,4629.6,TRUE,25.94,2551.78
,shoes,Sports Equipment,20.51,FALSE,30.18,4432.95
,scarf,Books,4761.16,FALSE,26.17,4970.98
,shoes,Electronics,1693.82,TRUE,97.45,973.7
,belt,Clothing,1433.29,FALSE,98.08,1857.61
,shirt,Sports Equipment,363.52,FALSE,41.26,2737.86
,pants,Clothing,1020.96,TRUE,61.32,4398.94
,watch,Electronics,1765.27,TRUE,67.64,444.61
,shirt,Sports Equipment,4663.15,TRUE,14.88,1239.83
,shirt,Books,4606.06,FALSE,44.01,2183.85
,scarf,Electronics,303.53,FALSE,39.35,3838.47
,jacket,Home Decor,4051.77,TRUE,1.58,2657.4
,shirt,Electronics,3468.2,TRUE,37.72,323.97
,shirt,Toys,444.81,TRUE,28.66,628.95
,watch,Toys,2344.17,TRUE,43.82,4963.11
,pants,Sports Equipment,3629.75,FALSE,57.04,4374.96
,watch,Sports Equipment,4681.57,FALSE,43.83,4471.54
,scarf,Clothing,249.03,TRUE,42.23,4249.87
,belt,Clothing,2091.72,TRUE,31.66,2648.04
,hat,Books,2973.47,FALSE,83.93,2283.65
,scarf,Clothing,2023.95,FALSE,94.75,2140.93
,gloves,Clothing,602.09,FALSE,77.06,4699.17
,hat,Toys,160.28,TRUE,72.03,1512.53
,jacket,Books,128.59,FALSE,91.9,1011.1
,shoes,Sports Equipment,3284.27,FALSE,96.12,1678.78
,belt,Clothing,1241,FALSE,76.99,4225.7
,shirt,Sports Equipment,2475.27,FALSE,58.44,4411.88
,gloves,Toys,4706.6,FALSE,35.8,3606.24
,scarf,Toys,4442.25,FALSE,38.16,3544.62
,jacket,Home Decor,704.22,TRUE,73.73,524.87
,jacket,Clothing,3982.8,FALSE,39.26,1917.06
,shirt,Home Decor,4898.01,TRUE,22.46,4545.84
,belt,Clothing,3921.77,FALSE,52.71,4444.88
,socks,Books,2301.88,FALSE,37.36,27.15
,scarf,Toys,3944.57,FALSE,17.16,4744.68
,shirt,Books,1215.37,FALSE,82.83,4667.29
,scarf,Toys,1547.89,TRUE,25.51,3233.28
,socks,Toys,2215.63,TRUE,27.52,853.84
,scarf,Electronics,715.48,TRUE,13.43,3152.94
,gloves,Electronics,4274.1,FALSE,5.27,3644.04
,gloves,Clothing,418.75,FALSE,91.28,1289.46
,hat,Clothing,1523.65,TRUE,9.43,394.49
,hat,Home Decor,3937.84,FALSE,10.63,1397.64
,shirt,Clothing,2102.77,FALSE,73.78,767.03
,pants,Toys,2166.24,FALSE,63.54,1204.72
,shirt,Electronics,2809.41,FALSE,55.14,3519.36
,shirt,Sports Equipment,4439.83,FALSE,43.27,1192.37
,shirt,Books,2573.66,FALSE,28.92,4113.56
,scarf,Books,2134.06,TRUE,7.85,2111
,hat,Clothing,1134.51,TRUE,61.83,861.78
,socks,Electronics,1258.17,TRUE,48.61,4931.06
,belt,Sports Equipment,1662.17,FALSE,60.38,2709.24
,belt,Electronics,3253.59,FALSE,29.18,2323.31
,pants,Sports Equipment,2819.8,FALSE,58.93,2359.12
,jacket,Home Decor,965.65,FALSE,90.92,2862.72
,pants,Electronics,1942.46,TRUE,1.91,4959.96
,pants,Toys,4647.3,TRUE,32.21,4360.46
,gloves,Electronics,1671.06,FALSE,41.04,1202.65
,pants,Books,1803.99,TRUE,37.9,3681.09
,belt,Sports Equipment,2879.57,FALSE,10.07,1746.42
,socks,Home Decor,2451.83,FALSE,89.04,3703.96
,pants,Books,4338.19,FALSE,85.34,1963.71
,belt,Books,1217.87,FALSE,74.44,3823.26
,gloves,Books,3047.38,TRUE,4.73,4975.39
,shoes,Home Decor,3381.13,TRUE,82.64,4249.96
,shirt,Books,4695.98,TRUE,17.86,3267.21
,socks,Home Decor,593.81,FALSE,82.13,4434.3
,hat,Toys,1611.12,TRUE,53.39,4461.07
,scarf,Clothing,1849.3,TRUE,57.01,3751.59
,scarf,Electronics,256.62,FALSE,51.46,1845.28
,shoes,Clothing,125.16,FALSE,80.16,4577.87
,belt,Clothing,1237.21,FALSE,38.23,461.76
,shirt,Sports Equipment,2975.47,FALSE,77.86,3581.56
,hat,Home Decor,1464.59,FALSE,91.26,355.36
,watch,Toys,4992.11,TRUE,40.97,2623.92
,watch,Toys,3666.23,TRUE,49.34,4399.8
,scarf,Home Decor,1460.84,TRUE,43.5,3242.73
,pants,Books,1502.69,FALSE,86.25,2198.23
,shirt,Clothing,4866.5,TRUE,12.86,607.93
,hat,Sports Equipment,1754.54,FALSE,67.54,3612.83
,scarf,Clothing,1932.65,TRUE,33.69,1104.01
,watch,Clothing,3382.17,TRUE,29.11,2262.19
,pants,Books,2133.94,TRUE,62.31,1548.81
,shirt,Clothing,4684.44,FALSE,50.07,4120.03
,hat,Home Decor,4621.37,FALSE,1.4,1617.28
,hat,Books,4668.91,TRUE,66.32,3127.76
,watch,Sports Equipment,3909.02,TRUE,10.58,4476.9
,jacket,Clothing,1429.16,FALSE,85.51,1339.04
,jacket,Sports Equipment,1270.53,FALSE,89.06,2592.22
,shirt,Toys,2825.73,TRUE,53.19,3705.76
,scarf,Books,3369.27,TRUE,53.16,1982.03
,socks,Home Decor,4385.61,FALSE,78.88,331.08
,watch,Books,1671.94,FALSE,89.39,3354.39
,hat,Books,3279.72,FALSE,69.03,4932.85
,hat,Electronics,1955.94,FALSE,20.09,4291.48
,shirt,Sports Equipment,102.3,TRUE,20.01,434.28
,hat,Sports Equipment,2974.23,FALSE,98.36,3805.77
,jacket,Electronics,1620.23,FALSE,93.93,446.9
,shoes,Clothing,2668.26,TRUE,86.18,1670.62
,shirt,Books,503.12,FALSE,47.16,303.63
,gloves,Clothing,963.47,TRUE,24.72,83.79
,shoes,Clothing,228.5,FALSE,40.95,3813.12
,shoes,Electronics,1437.33,FALSE,1.13,4255.04
,socks,Electronics,1272.29,TRUE,35.75,4997.51
,shirt,Home Decor,1454.13,TRUE,19.97,197.32
,gloves,Clothing,2657.43,TRUE,31.69,387.85
,shoes,Books,2743.98,TRUE,89.8,3145.87
,jacket,Home Decor,3733.22,TRUE,98.88,4172.94
,socks,Sports Equipment,4713.07,TRUE,4.24,50.28
,watch,Home Decor,2449.64,TRUE,46.02,2413.82
,shoes,Sports Equipment,2707.84,FALSE,86.35,1115.42
,gloves,Home Decor,3899.63,TRUE,24.65,1565.5
,jacket,Sports Equipment,4615.28,TRUE,88.85,301.42
,belt,Toys,2070.48,TRUE,28.7,3970.85
,socks,Books,1755.61,FALSE,71.57,754.69
,watch,Clothing,2558.31,TRUE,83.44,1161.56
,shirt,Toys,1833.41,FALSE,84.24,4114.37
,scarf,Clothing,3216.61,TRUE,52.96,2560.84
,pants,Home Decor,4609.64,FALSE,94.69,4295.96
,scarf,Home Decor,2265.79,FALSE,71.25,155.97
,belt,Sports Equipment,1919.78,FALSE,55.79,2829.66
,gloves,Books,3477.36,FALSE,7.71,2057.43
,shoes,Home Decor,4333.92,TRUE,35.69,84.26
,scarf,Books,2189.65,FALSE,85.42,4699.56
,scarf,Toys,2973.85,TRUE,24.77,4562.16
,socks,Home Decor,4889.11,TRUE,67.83,1887.98
,jacket,Toys,30.9,FALSE,70.22,4228.18
,gloves,Books,4808.81,TRUE,84.75,4366.51
,hat,Clothing,4839.42,FALSE,34.69,567.89
,hat,Clothing,151.32,TRUE,7.43,4929.77
,pants,Electronics,3096.38,TRUE,21.34,4044.62
,pants,Home Decor,4406.25,FALSE,92.85,543.85
,jacket,Clothing,892.9,FALSE,90.94,3609.6
,jacket,Books,66.33,TRUE,39.11,2302.62
,socks,Home Decor,296.39,FALSE,95.7,1761.11
,shirt,Books,3176.68,TRUE,67.26,3337.79
,watch,Electronics,4278.13,FALSE,24.22,3290
,gloves,Toys,4914.43,TRUE,27.18,3708.93
,belt,Clothing,3167.32,FALSE,56.31,297.46
,jacket,Electronics,4019.16,TRUE,21.4,307.57
,scarf,Home Decor,1969.46,TRUE,39.81,2144.95
,gloves,Toys,1143.38,FALSE,94.12,186.74
,gloves,Electronics,422.53,TRUE,13.65,1928.05
,belt,Electronics,320.17,TRUE,1.85,2488
,watch,Toys,138.36,TRUE,91.57,119.82
,watch,Home Decor,3931.59,FALSE,81.14,4790.98
,pants,Toys,1736.93,TRUE,98.83,4412.02
,shoes,Sports Equipment,491.85,FALSE,51.02,4467.91
,jacket,Clothing,4484.97,FALSE,7.34,3867.16
,socks,Sports Equipment,3075,TRUE,7.75,1554.68
,shoes,Clothing,2544.17,TRUE,60.78,4317.76
,scarf,Sports Equipment,2141.13,FALSE,63.69,3723.16
,scarf,Electronics,3428.65,FALSE,84.09,2134.39
,socks,Home Decor,2308.29,TRUE,62.5,445.19
,hat,Sports Equipment,4471.81,TRUE,85.92,1032.03
,scarf,Clothing,264.8,FALSE,12.35,3187.56
,shirt,Books,1772.66,FALSE,40.93,564.27
,watch,Toys,1810.33,FALSE,46.64,3880.36
,watch,Clothing,1241.73,FALSE,80.34,4304.88
,shirt,Electronics,781.58,FALSE,82.58,2311.32
,socks,Books,4363.32,TRUE,25.23,2329.22
,jacket,Clothing,2080.8,TRUE,49.99,2410.03
,scarf,Sports Equipment,4601.43,TRUE,46.23,568.77
,scarf,Sports Equipment,4029.2,FALSE,29.52,4418.51
,hat,Clothing,1919.76,FALSE,22.96,3369.29
,shirt,Sports Equipment,2867.43,FALSE,64.28,3984.04
,gloves,Electronics,1709.97,FALSE,73.13,1587.38
,jacket,Home Decor,3180.48,TRUE,6.95,3877.42
,gloves,Sports Equipment,495.13,FALSE,17.03,955.73
,belt,Toys,1719.29,FALSE,70.41,225.93
,pants,Electronics,2564.31,FALSE,57.23,4721.35
,belt,Toys,4661.29,TRUE,8.07,647.41
,belt,Toys,2403.58,FALSE,19.18,733.68
,belt,Toys,4386.22,TRUE,31.98,1037.29
,socks,Sports Equipment,3017.07,FALSE,26.77,2196.69
,jacket,Sports Equipment,667.31,FALSE,58.57,3700.2
,scarf,Books,2782.6,TRUE,63.12,4439.58
,pants,Electronics,1849.82,FALSE,62.52,934.41
,watch,Toys,2070.3,TRUE,52.71,1045.13
,socks,Books,1853.3,TRUE,32.38,22.87
,shoes,Clothing,2193.21,TRUE,83.87,2772.56
,hat,Electronics,1661.75,FALSE,78.11,1193.31
,hat,Toys,4421.04,FALSE,52.33,4761.85
,shoes,Home Decor,112.25,TRUE,40.21,4106.88
,pants,Sports Equipment,4970.46,FALSE,66.26,1482.2
,scarf,Clothing,4680.93,FALSE,68.44,2745.87
,jacket,Home Decor,2163.39,FALSE,84.52,3822.26
,scarf,Books,3895.72,TRUE,52.45,945.91
,belt,Clothing,1109.02,FALSE,94.7,1918.22
,watch,Home Decor,3556.04,FALSE,82.35,1192.23
,shoes,Clothing,4826.4,FALSE,15.52,849.73
,socks,Home Decor,4063.16,TRUE,43.59,235.2
,scarf,Electronics,1575.41,TRUE,2.75,2728.79
,hat,Sports Equipment,4299.33,FALSE,55.84,2357.12
,shoes,Sports Equipment,4716.79,TRUE,25.89,4453.18
,pants,Books,945.71,FALSE,95.87,1055.73
,scarf,Home Decor,124,FALSE,89.56,4992.11
,gloves,Sports Equipment,3425.05,FALSE,17.45,4303.87
,jacket,Home Decor,3927.19,TRUE,45.26,2691.1
,hat,Sports Equipment,4262.22,TRUE,3.33,3349.86
,shoes,Electronics,4328.29,FALSE,78.73,4084.87
,hat,Home Decor,1793.87,FALSE,13.85,4622.18
,belt,Electronics,945.02,FALSE,65.45,3844.71
,pants,Electronics,2834.82,TRUE,19.3,4109.23
,hat,Toys,2713.31,FALSE,50.42,508.1
,shirt,Toys,3391.41,TRUE,96.88,4043.17
,hat,Toys,3626.45,FALSE,44.53,2777.92
,hat,Electronics,562.68,FALSE,30.15,1453.98
,pants,Electronics,4063.27,FALSE,6.69,19.43
,pants,Home Decor,2746.52,TRUE,84.04,2090.52
,belt,Clothing,235.19,TRUE,69.16,697.55
,watch,Home Decor,1534.76,FALSE,14.96,4713.99
,shirt,Sports Equipment,3957.17,TRUE,63.32,4555.96
,jacket,Home Decor,2052.33,FALSE,89.62,3737.16
,hat,Sports Equipment,4226.16,TRUE,31.27,3430.41
,socks,Home Decor,2810.1,TRUE,47.68,3207.29
,watch,Clothing,4539.77,FALSE,5.52,2977.7
,jacket,Sports Equipment,2768.16,TRUE,53.46,3189.82
,hat,Sports Equipment,4945.55,TRUE,0.98,4238.68
,gloves,Toys,2017.15,TRUE,14.16,4685.4
,shirt,Toys,4115.81,FALSE,38.3,2144.5
,hat,Books,4916.02,FALSE,66.84,4405.13
,gloves,Sports Equipment,3466.9,TRUE,34.63,2201.69
,scarf,Home Decor,3962.32,FALSE,92.71,3260.45
,gloves,Clothing,3174.44,FALSE,71.4,1436.95
,gloves,Home Decor,4409.36,TRUE,99.37,222.52
,scarf,Electronics,3797.42,FALSE,3.41,1524.48
,hat,Electronics,3550.91,TRUE,57.34,424.93
,shoes,Electronics,67.75,TRUE,34.78,4613.3
,jacket,Clothing,320.46,FALSE,90.21,1758.89
,pants,Toys,189.67,FALSE,85.36,4330.21
,socks,Electronics,4209.71,TRUE,45.43,3185.44
,belt,Home Decor,2408.39,FALSE,21.61,2580.09
,shirt,Toys,2908.83,FALSE,52.07,1711.11
,pants,Electronics,3712.03,TRUE,98.99,2304.07
,watch,Toys,543.94,TRUE,89.73,4803.86
,watch,Sports Equipment,595.76,FALSE,15.46,1199.55
,shirt,Home Decor,3360.85,TRUE,73.94,3097.24
,watch,Home Decor,3186.67,TRUE,48.05,4124.05
,belt,Home Decor,2130.57,FALSE,40,140.22
,gloves,Clothing,4130.06,FALSE,77.53,3835.17
,watch,Electronics,4044.76,TRUE,92.83,4932.34
,jacket,Electronics,3845.14,FALSE,51.06,3691.95
,watch,Books,256.33,FALSE,70.39,2358.79
,belt,Books,1966.6,TRUE,64.49,3691.31
,shirt,Electronics,1058.26,TRUE,78.85,2095.01
,jacket,Books,2111.55,FALSE,23.71,3864.69
,belt,Toys,3549.98,FALSE,66.57,1231.16
,shirt,Toys,780.3,TRUE,92.31,2115.67
,belt,Sports Equipment,4039.66,FALSE,2.17,3281.58
,shoes,Books,3606.23,FALSE,33.72,4980.35
,socks,Books,2199.33,TRUE,8.65,2215.85
,belt,Toys,3104.32,TRUE,4.3,3830.74
,scarf,Books,2460.09,TRUE,83.36,28.72
,watch,Sports Equipment,4976.26,TRUE,40.57,1905.52
,shoes,Clothing,1190.84,TRUE,86.45,599.16
,gloves,Electronics,3253.74,FALSE,96.43,1146.29
,watch,Electronics,4988.67,FALSE,47.05,1408.46
,gloves,Home Decor,1221.16,TRUE,99.35,4042.81
,pants,Home Decor,3327.35,TRUE,19.54,4883.41
,shirt,Electronics,2849.85,TRUE,97.74,1135.25
,watch,Clothing,4557.39,FALSE,10.44,1387.65
,watch,Sports Equipment,4593.71,TRUE,57.75,291.01
,shoes,Home Decor,2487.73,TRUE,42.08,4688.75
,hat,Clothing,1689.59,FALSE,69.57,2720.99
,belt,Home Decor,1304.77,TRUE,67.77,1182.79
,jacket,Clothing,3178.82,FALSE,98.86,1166.07
,watch,Books,4319.51,TRUE,70.57,1414.99
,belt,Clothing,3720.92,TRUE,36.72,2225.85
,scarf,Toys,2638,FALSE,22.38,3074.24
,hat,Toys,4440.34,FALSE,88.39,3003.85
,gloves,Toys,2673.2,FALSE,93.05,835.01
,shoes,Books,3231.24,FALSE,65.53,4068.65
,belt,Toys,130.34,FALSE,4.92,4555.25
,socks,Electronics,4671.21,FALSE,44.05,2468.12
,shirt,Electronics,2046.92,TRUE,30.71,1863.5
,shoes,Toys,2473.1,TRUE,77.44,2472.32
,shoes,Sports Equipment,744.22,TRUE,78.1,1598.97
,belt,Electronics,2955.13,TRUE,59.91,1822.05
,shoes,Home Decor,1849.5,FALSE,31.21,1913.61
,belt,Toys,906.92,FALSE,47.05,3566.83
,socks,Books,2003.13,TRUE,75.29,3245.07
,hat,Books,2438.84,FALSE,71.39,863.74
,pants,Home Decor,1936.02,FALSE,62.63,1601.62
,pants,Books,1672.63,TRUE,44.66,2378.31
,socks,Clothing,1248.03,TRUE,64.19,3094.57
,pants,Clothing,4620.37,FALSE,82.84,4157.17
,scarf,Electronics,934.03,FALSE,54.46,4437.84
,socks,Books,262.57,TRUE,68.1,2421.5
,socks,Books,3624.8,FALSE,58.23,1255.28
,watch,Home Decor,3976.46,FALSE,83.11,2012.45
,hat,Books,86.42,TRUE,21.3,2617.1
,pants,Home Decor,2631.37,FALSE,67.88,1120.91
,socks,Books,2351.94,FALSE,18.23,2304.42
,watch,Clothing,1949.27,TRUE,97.03,2740.46
,socks,Books,2557.78,FALSE,66.68,1788.46
,jacket,Home Decor,3987.6,TRUE,0.19,4075.34
,shoes,Sports Equipment,790.98,TRUE,64.28,2479.72
,jacket,Clothing,156.78,TRUE,17.55,2952.37
,gloves,Clothing,2225.54,TRUE,51.19,3676.1
,watch,Electronics,3544.35,TRUE,45.39,916.59
,gloves,Toys,4296.57,TRUE,35.04,4251.46
,scarf,Toys,856.79,TRUE,58.03,3687.15
,scarf,Clothing,2076.22,FALSE,91.69,860.71
,socks,Toys,2242.16,FALSE,86.97,2966.65
,socks,Books,2776.48,TRUE,26.67,4257.81
,gloves,Electronics,3015.79,TRUE,13.58,4802.19
,shoes,Books,446.91,FALSE,16.69,1605.5
,hat,Electronics,2113.55,FALSE,27.55,2674.96
,watch,Electronics,2394.38,TRUE,18.29,1130.72
,scarf,Toys,2799.21,FALSE,10.54,877.67
,shoes,Sports Equipment,1676.99,TRUE,83.17,1500.15
,scarf,Toys,1394.27,TRUE,51.17,3975.97
,shoes,Books,2627.53,TRUE,47.86,873.79
,hat,Clothing,1532.39,TRUE,71.17,1339.27
,watch,Toys,2137.57,FALSE,70.65,1988.13
,belt,Toys,1933.39,FALSE,81.82,4154.72
,scarf,Home Decor,2556.07,TRUE,23.85,1017.27
,scarf,Books,3529.66,FALSE,64.1,124.86
,belt,Toys,1112.46,TRUE,48.53,4746.21
,pants,Clothing,318.3,FALSE,79.91,2214.57
,jacket,Toys,62.63,FALSE,79.4,1188.5
,gloves,Books,2465.63,FALSE,14.98,3312.18
,shoes,Books,2759.11,TRUE,39.58,2993.16
,scarf,Home Decor,1070.69,TRUE,0.68,3151.57
,scarf,Electronics,4638.97,FALSE,79.61,2115.52
,scarf,Electronics,4958.22,TRUE,26.47,2543.7
,gloves,Home Decor,2394.37,FALSE,83.6,1737.57
,watch,Books,1098.23,TRUE,42.12,2194.62
,belt,Books,649.65,FALSE,63.89,4848.73
,scarf,Home Decor,4895.14,FALSE,18.61,3569.37
,socks,Books,292.35,FALSE,45.37,1329.86
,pants,Toys,2223.22,TRUE,83.25,2604.77
,scarf,Electronics,880.26,TRUE,22.52,2429.08
,belt,Home Decor,3531.69,FALSE,0.7,1591.12
,shirt,Electronics,2166.7,TRUE,49.78,3614.24
,shirt,Sports Equipment,3217.63,FALSE,74.48,147.42
,socks,Clothing,4386.54,FALSE,25.14,1887.97
,shoes,Toys,2302.44,FALSE,53.66,131.57
,scarf,Toys,4987.56,TRUE,47.61,1684.57
,scarf,Books,4926.19,FALSE,26.16,2711.04
,socks,Clothing,4171.64,FALSE,5.01,2310.5
,gloves,Home Decor,3219.74,FALSE,2.88,136.17
,scarf,Electronics,2530.35,FALSE,92.76,2622.34
,jacket,Clothing,1174.11,FALSE,20.55,3387.63
,belt,Home Decor,1305.58,FALSE,10.11,4121.87
,watch,Toys,4502.66,TRUE,40.56,2649.25
,watch,Toys,2154.83,FALSE,87.3,2129.04
,shoes,Toys,1863.32,TRUE,77.22,3654.91
,gloves,Sports Equipment,4856.89,TRUE,83.58,751.51
,pants,Electronics,1327.01,TRUE,57.54,629.21
,watch,Home Decor,1913.83,TRUE,30.54,2851.41
,gloves,Clothing,186.28,TRUE,65.59,2638.08
,gloves,Books,3147.58,TRUE,41.66,1528.76
,socks,Sports Equipment,1903.44,FALSE,38.57,1373.94
,watch,Home Decor,581.85,TRUE,26.5,2341.24
,scarf,Clothing,2765.64,FALSE,17.52,2615.47
,hat,Sports Equipment,697.25,FALSE,89.7,1607.71
,watch,Sports Equipment,1263.45,FALSE,29.23,4107.01
,watch,Clothing,2619.87,TRUE,47.31,1358.26
,jacket,Toys,1460.04,FALSE,71.54,229.24
,watch,Sports Equipment,4997.55,FALSE,41.88,2967.93
,watch,Sports Equipment,2887.37,FALSE,20.99,4612.61
,watch,Home Decor,1112.08,FALSE,7.36,2389.13
,jacket,Toys,3244.67,TRUE,42.61,2723.85
,hat,Books,2061.22,FALSE,48.11,1337.86
,belt,Toys,3682.61,FALSE,96.29,2393.44
,jacket,Clothing,4790.12,FALSE,69.71,286.92
,hat,Sports Equipment,243.66,FALSE,93.16,552.81
,shirt,Clothing,1771.67,FALSE,90.53,1134.08
,shirt,Home Decor,3542.37,TRUE,3.39,285.06
,gloves,Home Decor,2412.28,TRUE,82.57,758.61
,hat,Books,3509.16,TRUE,71.13,2923
,jacket,Toys,3953.63,FALSE,25.69,3590.47
,shoes,Clothing,1300.19,TRUE,67.94,2251.06
,belt,Toys,3145.61,TRUE,95.02,2340.47
,belt,Sports Equipment,606.62,FALSE,82.26,4961.52
,shoes,Home Decor,2915.96,FALSE,90.34,2540.11
,gloves,Electronics,2840.16,FALSE,95.95,1346.53
,belt,Electronics,324.86,FALSE,35.62,1132.19
,watch,Home Decor,1559.38,TRUE,97.24,2342.96
,gloves,Sports Equipment,2308.48,TRUE,99.99,1043.63
,socks,Home Decor,3306.4,TRUE,57.97,455.47
,shirt,Books,1562.5,TRUE,90.33,152.53
,jacket,Books,530.95,FALSE,85.27,344.45
,jacket,Electronics,983.73,TRUE,94.02,3386.73
,hat,Electronics,2601.11,TRUE,1.93,4420.38
,shirt,Clothing,3897.63,TRUE,14.7,1043.95
,belt,Toys,1316.56,FALSE,15.57,149.64
,socks,Home Decor,201.52,TRUE,8.26,2317.6
,hat,Sports Equipment,1588.5,FALSE,44.33,2016.05
,jacket,Sports Equipment,4776.54,TRUE,92.38,3959.02
,watch,Toys,4220.26,FALSE,3.35,3809.12
,belt,Books,3829.4,TRUE,21.67,3662.6
,pants,Electronics,4763.69,TRUE,1.74,3865.57
,shirt,Electronics,1124.58,TRUE,57.96,2243.41
,shoes,Sports Equipment,2916.25,FALSE,13.01,3818.03
,socks,Clothing,4119.96,TRUE,98.28,1992.32
,hat,Toys,3161.57,TRUE,53.22,1381.42
,scarf,Books,3137.3,FALSE,98.83,2859.87
,socks,Books,940.52,FALSE,73.64,1268.12
,watch,Home Decor,4308.22,FALSE,81.4,1450.21
,gloves,Electronics,4971.22,FALSE,87.66,111.92
,watch,Home Decor,885.14,TRUE,77.09,1821.02
,hat,Electronics,4933.08,FALSE,48.43,1368.6
,belt,Toys,3310.17,FALSE,51.95,4352.49
,socks,Clothing,4255.1,FALSE,66.24,4900.25
,hat,Clothing,2389.68,TRUE,26.28,903.39
,scarf,Home Decor,2805.88,TRUE,81.36,1303.66
,scarf,Sports Equipment,2629.4,FALSE,30.9,244.23
,gloves,Home Decor,3974.17,FALSE,71.24,1758.44
,jacket,Sports Equipment,2302.61,FALSE,68.78,210.08
,hat,Books,3827.13,TRUE,74.65,1536.27
,belt,Books,2262.44,TRUE,62.88,3529.63
,scarf,Books,4125.98,TRUE,16.36,596.1
,pants,Clothing,2930.36,FALSE,47.94,4413.21
,scarf,Clothing,2103.06,TRUE,28.16,1589.72
,pants,Toys,3229.8,TRUE,21.22,4964.06
,socks,Clothing,120,FALSE,83.8,1121.9
,jacket,Clothing,4880.44,TRUE,7.76,2343.95
,watch,Toys,4883.87,FALSE,83.74,4392.36
,shoes,Toys,3237.53,FALSE,94.17,3215.69
,jacket,Clothing,1919.79,FALSE,39.25,4072.68
,gloves,Sports Equipment,3387.74,FALSE,19.46,4288.2
,shirt,Sports Equipment,2138.71,FALSE,75.54,716.79
,scarf,Home Decor,3923.1,TRUE,84.47,4846.33
,jacket,Toys,2142.2,FALSE,3.8,4560.37
,belt,Electronics,4450.07,TRUE,67.64,4682.59
,scarf,Books,1395.19,FALSE,28.06,1713.35
,socks,Clothing,540.1,TRUE,19.86,4949.64
,belt,Toys,2424.85,TRUE,71.3,2225.44
,scarf,Clothing,609.86,TRUE,47.78,4926.4
,hat,Books,186.69,FALSE,57.29,3041.62
,jacket,Home Decor,2317.13,TRUE,57.55,1774.46
,scarf,Books,2566.17,FALSE,95.02,3132.55
,watch,Clothing,1536.44,FALSE,50.15,156.87
,scarf,Electronics,3587.09,FALSE,31.82,3224.39
,pants,Electronics,2193.16,FALSE,20.85,3680.82
,socks,Electronics,128.68,TRUE,62.69,283.49
,scarf,Clothing,4961.73,FALSE,62.68,4521.31
,watch,Home Decor,2331.6,FALSE,67.87,4599.73
,watch,Clothing,4457.26,TRUE,99.66,2115.22
,socks,Books,518.93,FALSE,8.32,4108.95
,hat,Sports Equipment,389.47,TRUE,82.68,2653.25
,watch,Home Decor,4001.79,FALSE,85.8,1191.68
,pants,Electronics,3852.45,FALSE,46.78,1507.14
,gloves,Home Decor,1158.62,TRUE,22.93,3149.91
,hat,Books,2910.76,TRUE,36.34,1096.62
,shoes,Toys,3462.83,TRUE,3.28,3885.96
,pants,Clothing,3923.66,TRUE,29.66,3858.49
,pants,Sports Equipment,4882.86,TRUE,31.57,4730.29
,shirt,Toys,626.65,TRUE,47.79,4444.36
,socks,Books,2646.58,FALSE,99.54,1050.08
,shoes,Clothing,2457.01,FALSE,94.54,650.31
,belt,Sports Equipment,4220.32,FALSE,90.86,2089.78
,socks,Sports Equipment,2929.3,FALSE,18.52,1050.8
,hat,Home Decor,4374.21,FALSE,99.38,715.34
,gloves,Electronics,1454.19,FALSE,91.45,4216.78
,shirt,Books,1197.39,TRUE,48.77,1559.9
,gloves,Electronics,3956.31,FALSE,14.27,4825.1
,hat,Clothing,844.14,FALSE,86.87,1239.23
,hat,Books,320.29,TRUE,41.29,216.93
,socks,Books,4027.53,TRUE,23.52,4993.09
,belt,Home Decor,1481.99,TRUE,74.22,3334.37
,gloves,Books,1223.36,TRUE,57.95,1522.91
,jacket,Sports Equipment,2278.01,TRUE,90.97,211.62
,belt,Sports Equipment,965.84,TRUE,77.1,135.72
,hat,Electronics,3037.77,TRUE,36.26,2159.24
,socks,Toys,2608.45,FALSE,80.15,1775.93
,watch,Home Decor,2768.46,FALSE,25.12,4354.63
,scarf,Electronics,2994.9,TRUE,41.16,1038.12
,shoes,Books,2072.94,FALSE,54.88,2450.13
,pants,Toys,3780.56,FALSE,37.16,270.1
,scarf,Sports Equipment,256.18,FALSE,34.98,687.28
,belt,Sports Equipment,1152.84,TRUE,58.4,2493.63
,shirt,Sports Equipment,4490.35,TRUE,39.76,4977.13
,socks,Toys,3891.97,TRUE,27.42,2095.03
,socks,Sports Equipment,4794.83,FALSE,68.63,3277.36
,shoes,Electronics,3323.31,TRUE,2.49,3601.76
,belt,Home Decor,2429.53,TRUE,35.56,4911.37
,gloves,Books,1674.39,FALSE,56.38,2544.13
,belt,Clothing,1970.52,FALSE,76.3,475.88
,shoes,Home Decor,1080.75,TRUE,25.05,2952.2
,scarf,Clothing,333.3,FALSE,84.06,1650.53
,scarf,Books,2527.56,TRUE,4.8,869.16
,hat,Sports Equipment,2941.91,TRUE,78.94,1036.14
,jacket,Toys,4395.16,FALSE,81.39,4487.15
,pants,Home Decor,2585.64,FALSE,52.27,119.63
,gloves,Sports Equipment,4810.88,FALSE,75.1,405.56
,jacket,Books,1561.49,FALSE,93.09,2326.01
,pants,Books,1857.04,TRUE,89.6,2529.32
,shirt,Toys,4890.74,FALSE,45.13,3290.65
,gloves,Home Decor,4849.57,TRUE,2.24,2354.31
,pants,Electronics,2269.56,TRUE,48.06,4060.34
,shoes,Home Decor,1040.35,FALSE,40.33,1052.54
,hat,Electronics,2772.62,TRUE,89.25,4313.9
,scarf,Home Decor,572.65,FALSE,12.23,3092.43
,hat,Home Decor,1564.53,TRUE,13.17,3531.72
,pants,Toys,1305.02,FALSE,86.02,1861.32
,shoes,Toys,1491.62,TRUE,70.35,4833.59
,scarf,Clothing,3307.32,TRUE,77.17,2019.55
,shirt,Home Decor,3266.93,FALSE,29.78,2654.61
,hat,Home Decor,2206.69,FALSE,36.75,1662.1
,shoes,Clothing,1427.41,TRUE,44.41,4344.4
,socks,Toys,2552.23,FALSE,78.59,2142.91
,gloves,Books,957.57,FALSE,45.29,3832.31
,watch,Electronics,850.47,FALSE,61.58,3463.28
,scarf,Electronics,4229.6,FALSE,24.1,152.86
,socks,Toys,3245.15,TRUE,83.11,1366.75
,hat,Books,1128.68,TRUE,75.82,1818.74
,jacket,Clothing,1023,TRUE,8.03,3149.86
,hat,Books,1004.34,FALSE,18.59,4884.7
,socks,Home Decor,4309.25,FALSE,12.86,823.88
,belt,Electronics,2787.91,FALSE,29.57,1150.57
,shoes,Sports Equipment,2499,TRUE,15,3349.76
,belt,Sports Equipment,327.77,TRUE,0.06,3811.64
,socks,Home Decor,648.09,FALSE,34.3,2142.97
,jacket,Sports Equipment,2230.8,FALSE,42.09,2854.55
,jacket,Toys,2561.6,TRUE,14.68,2207.81
,hat,Toys,1528.59,FALSE,38,3207.28
,hat,Home Decor,1280.87,TRUE,99.4,1451.64
,jacket,Electronics,1289.91,TRUE,93.3,3719.25
,socks,Toys,2124.73,TRUE,93.32,683.11
,belt,Toys,3541.5,TRUE,85.46,39.66
,socks,Clothing,2598.75,FALSE,78.69,529.71
,pants,Clothing,2222.44,FALSE,38.55,371.67
,jacket,Toys,4669.42,FALSE,85.26,2384.95
,watch,Sports Equipment,1542.58,TRUE,66.24,840.87
,watch,Clothing,4911.59,FALSE,68.14,1176.52
,socks,Sports Equipment,3564.4,FALSE,26.48,2884.02
,gloves,Sports Equipment,4219.34,FALSE,25.68,1035.57
,jacket,Toys,3011.51,FALSE,80.38,3908.25
,gloves,Home Decor,1125.49,FALSE,31.81,3098.03
,jacket,Toys,4231.68,FALSE,13.37,4497.4
,gloves,Toys,2974.46,TRUE,94.54,965.41
,shoes,Toys,3025.5,FALSE,15.64,3556.99
,belt,Electronics,1858.02,TRUE,5.22,1146.09
,hat,Sports Equipment,2585.25,TRUE,99.25,1698.87
,scarf,Home Decor,2.64,FALSE,58.84,4779.22
,gloves,Clothing,1927.08,FALSE,32.14,1882.53
,scarf,Home Decor,2271.34,TRUE,20.61,3708.9
,hat,Electronics,4343.51,TRUE,47.23,3285.44
,pants,Sports Equipment,466.62,FALSE,5.15,1492.1
,pants,Clothing,229.26,FALSE,70,1386.86
,shirt,Toys,2947.2,TRUE,96.19,1285.58
,shirt,Sports Equipment,3457.99,TRUE,59.94,529.95
,pants,Books,301.72,TRUE,12.7,2480.45
,belt,Sports Equipment,2893.37,FALSE,33.89,4412.67
,shirt,Sports Equipment,2716.63,FALSE,23.77,1193.63
,hat,Sports Equipment,818.3,TRUE,23.6,4141.63
,shoes,Home Decor,3083.54,FALSE,88.38,1649.28
,jacket,Toys,2900.23,TRUE,31.72,4026.2
,hat,Home Decor,3751.61,TRUE,82.98,60.73
,shoes,Home Decor,3709.65,FALSE,54.38,169.3
,watch,Sports Equipment,298.07,TRUE,91.82,187.79
,gloves,Toys,1067.81,TRUE,14.81,3939.33
,belt,Clothing,2095.62,TRUE,12.67,3180.36
,pants,Sports Equipment,4449.83,TRUE,23.6,322.66
,pants,Sports Equipment,3351.75,TRUE,68.34,3496.66
,gloves,Books,1529.14,TRUE,30.22,3057.12
,gloves,Home Decor,1858.15,TRUE,51.91,535.28
,jacket,Electronics,4925.34,TRUE,39.24,1353.32
,gloves,Sports Equipment,1842.3,FALSE,49.88,1101.91
,shirt,Toys,4219.77,FALSE,13.81,4856.44
,gloves,Clothing,2269.77,TRUE,88.83,1981.47
,jacket,Home Decor,4682.5,TRUE,50.2,4154.27
,pants,Sports Equipment,2693.23,TRUE,3.73,1907.81
,pants,Toys,71.85,TRUE,12.45,2477.37
,shoes,Clothing,932.55,FALSE,42.12,128.8
,pants,Electronics,3186.84,FALSE,95.41,2657.62
,socks,Toys,3228.11,TRUE,39.01,4523.1
,jacket,Clothing,4994.7,FALSE,63.98,3275.43
,shirt,Books,2335.4,TRUE,28.34,2227.09
,shoes,Sports Equipment,4802.04,TRUE,42.42,541.79
,shirt,Clothing,3015.47,TRUE,52.77,4655.24
,scarf,Books,3824.04,TRUE,77,1267.12
,belt,Clothing,784.31,TRUE,73.14,793.75
,socks,Electronics,1081.05,TRUE,87.5,3556.55
,hat,Books,4304.1,FALSE,74.92,104.77
,scarf,Home Decor,4635.38,TRUE,41.9,840.18
,gloves,Clothing,4242.65,TRUE,92.9,3669.39
,socks,Electronics,4984.43,TRUE,77.75,920.93
,shoes,Toys,1401.4,FALSE,77.02,3213.79
,jacket,Home Decor,4941.73,FALSE,50.03,3138.13
,shoes,Electronics,439.36,TRUE,88.52,4572.85
,pants,Books,1424.54,FALSE,15.23,1380.58
,watch,Home Decor,707.24,FALSE,41.97,3786.56
,pants,Home Decor,3868.58,FALSE,9.1,900.04
,hat,Toys,1660.65,TRUE,63.03,3844.72
,gloves,Clothing,2384.54,TRUE,99.53,402.59
,socks,Home Decor,480.31,TRUE,33.62,4012.63
,socks,Home Decor,1487.75,TRUE,87.87,3896.46
,shirt,Home Decor,2634.48,FALSE,51.21,1793.6
,watch,Sports Equipment,1571.4,TRUE,29.6,137.19
,hat,Toys,3786.83,TRUE,16.2,275.65
,jacket,Toys,3513.59,FALSE,25.95,4676.6
,watch,Toys,583.31,TRUE,94.65,4967.34
,watch,Clothing,100.04,FALSE,54.66,1245.78
,belt,Electronics,1099.09,FALSE,18.97,3483.99
,shirt,Books,4201.04,TRUE,74.36,1483.72
,watch,Sports Equipment,2687.91,FALSE,26,2663.83
,belt,Electronics,2296.66,FALSE,89.78,913.22
,pants,Home Decor,3336.44,TRUE,61.96,2305.48
,hat,Toys,6.62,TRUE,64.3,242.21
,shirt,Home Decor,2701.5,TRUE,22.53,4090.46
,shirt,Toys,345.31,TRUE,18.89,978.07
,watch,Books,3652.78,FALSE,27.07,4187.55
,hat,Home Decor,1342.76,TRUE,37.55,4697.18
,belt,Toys,762.03,TRUE,80.2,1897.78
,shoes,Books,3897.67,FALSE,79.81,1632.65
,scarf,Clothing,2498.62,TRUE,48.48,4329.16
,shirt,Books,2947.73,TRUE,83.1,2632.63
,watch,Clothing,4502.68,TRUE,25.92,732.04
,watch,Electronics,1573.52,FALSE,1.12,3078.83
,jacket,Clothing,753.19,TRUE,3.92,1815.75
,shoes,Home Decor,2828.86,FALSE,67.42,2010.63
,shoes,Clothing,2752.49,TRUE,20.57,1745.74
,shirt,Toys,965.35,FALSE,9.05,1322.27
,socks,Sports Equipment,772.22,TRUE,71.49,796.44
,hat,Sports Equipment,2143.16,TRUE,69.26,3774.5
,scarf,Home Decor,2440.78,TRUE,24.71,4886.22
,scarf,Books,4604.55,FALSE,86.85,4019.82
,shoes,Toys,403.8,FALSE,12.34,4915.08
,gloves,Electronics,4542.44,TRUE,94.44,1267.02
,socks,Electronics,3153.16,FALSE,55.52,2982.08
,watch,Books,261.24,FALSE,75.88,2845.87
,belt,Toys,1970.92,FALSE,52.1,4399.22
,jacket,Electronics,1255.18,TRUE,11.83,4511.91
,socks,Home Decor,3308.52,TRUE,35.43,1473.26
,gloves,Clothing,4872.95,FALSE,24.03,4226
,shoes,Books,718.36,TRUE,67.98,4726.74
,jacket,Clothing,4404.5,TRUE,80.69,3650.64
,shirt,Books,614.08,TRUE,65.5,4614.8
,shirt,Toys,3644.06,TRUE,19.92,3939.73
,shoes,Sports Equipment,3017.1,TRUE,54.65,1590.08
,shoes,Home Decor,3326.54,TRUE,85.78,4658.59
,shoes,Electronics,2923.21,TRUE,89.41,4430.66
,shoes,Clothing,3045.67,FALSE,3.27,2235.85
,scarf,Sports Equipment,4823.78,FALSE,16.42,1513.44
,shoes,Clothing,4566.61,FALSE,27.29,745.6
,hat,Books,1087.32,FALSE,26.62,324.73
,watch,Books,2144.66,FALSE,93.26,120.76
,jacket,Toys,589.78,TRUE,34.53,4067.2
,watch,Home Decor,1183.63,FALSE,24.38,991.44
,shirt,Clothing,1543.96,FALSE,96.34,3989.1
,jacket,Home Decor,2486.68,TRUE,76.04,2719.21
,shoes,Home Decor,3607.36,FALSE,91.3,3855.37
,scarf,Electronics,1904.46,TRUE,77.53,3329.94
,belt,Books,3495.42,TRUE,59.32,457.72
,scarf,Toys,1554.8,TRUE,64.86,4760.56
,socks,Home Decor,2072,FALSE,24.32,2682.32
,jacket,Electronics,2996.55,TRUE,94.64,1417.29
,belt,Books,2625.88,TRUE,65.8,3814.76
,pants,Books,4081.55,FALSE,41.43,4011.29
,jacket,Toys,983.48,TRUE,56.2,1663.24
,socks,Sports Equipment,2778.57,TRUE,18.86,3148.76
,socks,Sports Equipment,1660.24,FALSE,81,733.72
,jacket,Toys,2076.04,TRUE,98.59,4508.56
,gloves,Home Decor,4079.78,FALSE,78.53,1589.63
,pants,Clothing,3345.47,FALSE,54.47,793.04
,scarf,Sports Equipment,2147.13,FALSE,57.25,301.04
,watch,Home Decor,1490.61,TRUE,78.86,2220.33
,watch,Books,4287.94,TRUE,54.95,646.74
,shoes,Books,4902.53,TRUE,10.98,4954.63
,belt,Clothing,2159.59,FALSE,53.55,4058.72
,hat,Electronics,1968.86,TRUE,42.58,2333.96
,gloves,Electronics,1607.48,TRUE,56.94,911.89
,shoes,Home Decor,270.43,FALSE,3.86,1555.85
,shirt,Home Decor,613.97,FALSE,10.65,3440.08
,gloves,Sports Equipment,868.74,FALSE,96.88,1214.87
,belt,Electronics,1460.63,TRUE,14.29,2753.73
,jacket,Books,1997.81,FALSE,36.46,1331.56
,jacket,Electronics,1937.87,FALSE,98.9,3522.48
,belt,Home Decor,988.57,FALSE,81.21,437.8
,watch,Books,751.8,TRUE,17.85,2032.14
,shirt,Toys,4126,FALSE,82.19,3824.23
,gloves,Electronics,3977.38,FALSE,89.56,4864.99
,hat,Electronics,689.57,FALSE,71.47,4038.15
,scarf,Toys,238.29,FALSE,96.31,4902.01
,gloves,Electronics,1136.1,TRUE,12.28,2964.21
,jacket,Electronics,4522.16,FALSE,53.69,237.17
,jacket,Sports Equipment,3076.34,FALSE,39.95,3456.52
,scarf,Home Decor,817.62,TRUE,57.8,4950.36
,hat,Home Decor,332.96,TRUE,17.16,950.92
,shoes,Home Decor,1457.04,TRUE,77.13,3964.43
,jacket,Clothing,3640.23,FALSE,1.85,4970.14
,hat,Sports Equipment,3239.8,TRUE,73.08,2086.56
,watch,Home Decor,4658.12,TRUE,1.81,1192.52
,socks,Books,3098.97,FALSE,5.96,4121.32
,hat,Clothing,1879.87,TRUE,71.74,954.43
,shirt,Clothing,431.51,TRUE,66.18,2664.67
,belt,Home Decor,227.73,TRUE,6.6,91.07
,belt,Home Decor,356.25,TRUE,82.95,2392.13
,jacket,Clothing,1940.02,TRUE,60.04,2964.47
,watch,Sports Equipment,3705.08,TRUE,11.77,359.93
,shoes,Home Decor,4837.52,FALSE,88.71,4490
,hat,Books,4605.6,TRUE,90.54,814.2
,jacket,Clothing,2017.72,TRUE,5.16,734.07
,belt,Books,3199.82,TRUE,53.74,4968.49
,jacket,Electronics,550.22,FALSE,59.65,610.82
,hat,Books,1245.34,TRUE,92.28,3030.73
,socks,Home Decor,964.7,TRUE,41.19,2725.24
,hat,Sports Equipment,4509.3,FALSE,4.63,3779.85
,socks,Sports Equipment,2447.15,FALSE,9.14,3078.89
,pants,Toys,4831,TRUE,45.37,4941.38
,pants,Books,4458.4,TRUE,0.5,1571.82
,hat,Toys,3557.03,TRUE,96.13,1629.11
,socks,Clothing,2533.4,TRUE,70.42,2809.97
,hat,Books,2194.89,TRUE,2.05,1029.47
,socks,Sports Equipment,4626.79,TRUE,64.03,1114.4
,socks,Clothing,3477.71,FALSE,19.65,4187.39
,pants,Toys,3018.54,TRUE,12.71,1066.61
,hat,Books,1069.84,FALSE,83.73,1092
,scarf,Toys,2001.05,TRUE,95.45,2108.71
,shirt,Toys,2719.06,FALSE,56.35,4297.9
,belt,Home Decor,3347.84,TRUE,26.15,2117.16
,socks,Sports Equipment,1606.81,TRUE,25.29,1744.34
,hat,Clothing,2430.49,FALSE,10.04,3882.3
,gloves,Electronics,3776.31,TRUE,37.73,1980.64
,watch,Clothing,2101.39,TRUE,84.76,2781.45
,belt,Clothing,3269.95,TRUE,4.76,1802.57
,gloves,Electronics,4072.85,TRUE,66.46,1019.89
,belt,Toys,1474.32,TRUE,47.77,692.41
,shoes,Books,280.03,TRUE,32.25,3855.15
,shirt,Sports Equipment,2741.64,FALSE,19.64,4539.3
,shirt,Electronics,3490.79,FALSE,57.07,2272.22
,shirt,Electronics,1885.15,TRUE,67.59,3320.96
,gloves,Electronics,4101.58,FALSE,49.53,155.19
,shirt,Toys,2242.06,FALSE,18.93,3473.47
,hat,Books,3728.97,TRUE,16.39,3877.32
,shirt,Toys,121.16,TRUE,47.9,2139.68
,shoes,Electronics,4559.39,FALSE,64.69,3330.03
,watch,Electronics,2393.69,TRUE,73.13,4866.8
,shoes,Electronics,3689,FALSE,72.7,1041.29
,hat,Toys,3763.37,TRUE,11.02,639.4
,shoes,Electronics,1226.2,TRUE,21.56,2700.81
,belt,Toys,239.73,FALSE,65.43,2961.98
,pants,Books,3307.55,FALSE,48.79,1757.49
,scarf,Home Decor,1645.59,FALSE,98.71,738.49
,socks,Toys,3836.83,TRUE,2.64,3750.36
,jacket,Sports Equipment,4556.52,TRUE,4.16,87.95
,gloves,Home Decor,3514.79,TRUE,43.29,1828.13
,socks,Clothing,1014.08,TRUE,10.29,2689.23
,hat,Clothing,2716.83,FALSE,31.17,4614.46
,gloves,Toys,3863.85,TRUE,86.36,2194
,pants,Clothing,2958.23,FALSE,3.12,1447.02
,gloves,Books,2810.54,FALSE,20.52,917.4
,pants,Home Decor,1471.19,TRUE,40.02,2980.32
,shirt,Electronics,1641.7,TRUE,39.69,95.44
,shirt,Electronics,1573.77,FALSE,60.7,740.27
,scarf,Electronics,3620.46,TRUE,69.58,4574.39
,socks,Books,2578.9,FALSE,3.08,1585.69
,gloves,Sports Equipment,100.6,TRUE,32.93,3602.45
,jacket,Electronics,1738.16,TRUE,18.03,4918.18
,watch,Electronics,4122.61,TRUE,84.37,1137.65
,jacket,Sports Equipment,2878.59,TRUE,51.12,4835.15
,jacket,Toys,1510.41,TRUE,53.49,3159.94
,belt,Sports Equipment,2901.46,TRUE,98.08,2905.46
,scarf,Books,4148.27,TRUE,92.65,3306.15
,shirt,Books,3834.18,FALSE,48,469.08
,watch,Toys,2911.7,FALSE,79.26,2794.86
,hat,Toys,938.93,FALSE,95.16,3019.15
,gloves,Toys,1960.9,FALSE,57.2,3198.86
,pants,Home Decor,1083.74,TRUE,82.35,2748.97
,pants,Books,3785.73,FALSE,77.31,606.47
,socks,Electronics,1534.57,TRUE,73.8,2325.32
,jacket,Home Decor,899.23,FALSE,55.89,4313.94
,belt,Clothing,1899.23,TRUE,5.13,1160.68
,shoes,Home Decor,1033.34,TRUE,1.34,469.02
,gloves,Toys,4508.92,TRUE,6.53,618.63
,jacket,Electronics,1555.56,TRUE,20.27,1912.35
,socks,Home Decor,2826.66,FALSE,14.46,3169.92
,shoes,Sports Equipment,3270.92,FALSE,36.8,1712.84
,shirt,Books,601.31,TRUE,83.35,4716.7
,shirt,Electronics,2703.38,TRUE,6.34,3733.35
,gloves,Home Decor,3992.61,FALSE,26.43,1201.69
,gloves,Home Decor,4885.9,FALSE,2.59,4019.76
,jacket,Home Decor,2617.22,TRUE,78.64,950.85
,scarf,Clothing,251.17,TRUE,65.92,854.97
,watch,Books,2333.67,TRUE,68.15,3575.87
,shirt,Electronics,180.62,FALSE,51.24,2736.68
,belt,Toys,3081.71,TRUE,57.95,3684.94
,shirt,Home Decor,1497.1,TRUE,87.42,3428.41
,gloves,Electronics,1531.68,FALSE,11.61,1070.3
,jacket,Electronics,4845.47,FALSE,48.6,2690.29
,shirt,Home Decor,1466.16,FALSE,22.33,2546.67
,hat,Clothing,485.92,FALSE,98.17,4478.12
,gloves,Books,1852.87,FALSE,75.79,1661.08
,belt,Home Decor,473.88,FALSE,54.23,3392.71
,shirt,Electronics,800.46,FALSE,79.14,3277.56
,socks,Electronics,1493.26,TRUE,46.84,1636.95
,pants,Toys,558.66,FALSE,62.54,4518.3
,watch,Electronics,1679.25,TRUE,42.37,3283.3
,shirt,Clothing,1793.66,TRUE,21.48,4581.72
,socks,Electronics,217.47,TRUE,19.73,1966.61
,scarf,Books,4113.66,FALSE,95.91,1138.91
,belt,Books,3942.91,TRUE,94.78,4368.56
,hat,Books,3058.36,TRUE,22.65,3484.42
,shirt,Home Decor,4460.8,TRUE,13.22,4011.97
,scarf,Clothing,2220.39,TRUE,41.32,3328.63
,scarf,Toys,1455.59,FALSE,98.58,1383.65
,scarf,Books,4223.22,FALSE,30.08,2698.99
,shirt,Books,1872.81,TRUE,67.2,1469.52
,pants,Books,245.97,FALSE,94.77,2019.89
,shoes,Electronics,513.97,TRUE,96.56,2525.72
,scarf,Toys,4360.1,TRUE,32.69,1055.42
,jacket,Clothing,2597.61,FALSE,66,2773.68
,scarf,Home Decor,3915.48,TRUE,30.42,4383.59
,scarf,Toys,3007.13,FALSE,18.87,3325.93
,shirt,Books,3677.15,TRUE,19.1,1809.94
,pants,Sports Equipment,4836.09,TRUE,70.04,3882.41
,watch,Home Decor,3436.86,FALSE,77.67,3305.76
,jacket,Sports Equipment,2936.62,TRUE,74.79,820.65
,hat,Clothing,1316.58,FALSE,16.85,3393.11
,jacket,Books,4579.91,TRUE,55.37,1156.22
,belt,Electronics,4916.03,FALSE,44.96,4049.2
,shoes,Books,3058.68,TRUE,66.99,3977.21
,shirt,Books,569.72,FALSE,32.72,1585.18
,socks,Home Decor,1875.62,TRUE,3.01,234.43
,belt,Toys,421.9,TRUE,49.86,1237.72
,shirt,Books,1757.53,TRUE,73.15,776.8
,socks,Electronics,2894.76,FALSE,38.02,3530.64
,socks,Electronics,2342.79,FALSE,46.97,580.86
,shirt,Clothing,2392.82,FALSE,47.38,1510.61
,scarf,Electronics,2823.37,TRUE,60.96,1748.35
,socks,Toys,867.85,FALSE,58.78,3586.55
,scarf,Clothing,121.17,FALSE,56.69,631.12
,watch,Books,1987.62,FALSE,13.47,4625.83
,shirt,Home Decor,4612.17,TRUE,24.22,3323.99
,shoes,Home Decor,3389.84,TRUE,60.16,2210.49
,belt,Sports Equipment,4432.73,TRUE,97.71,378.7
,shoes,Electronics,1936.41,TRUE,23.19,3720.45
,shoes,Home Decor,3655.5,TRUE,28.33,3137.8
,shoes,Clothing,2965.44,FALSE,16.25,280.22
,shirt,Electronics,4935.31,TRUE,93.04,2271.97
,hat,Toys,2144.55,TRUE,32.21,1959.41
,belt,Clothing,4742.83,FALSE,15.52,3056.01
,gloves,Clothing,3950.96,TRUE,84.31,954.83
,shirt,Clothing,988.37,TRUE,2.2,1699.2
,belt,Home Decor,2578.78,TRUE,84.58,1677.46
,shoes,Books,3471.7,FALSE,29.79,975.97
,shirt,Toys,338.94,TRUE,47.08,2945.36
,gloves,Clothing,2677.02,FALSE,52.58,2964.12
,shoes,Electronics,3214.63,TRUE,75.48,660.82
,jacket,Sports Equipment,364.71,FALSE,14.41,4651.69
,pants,Home Decor,2512.92,TRUE,29.11,188.13
,watch,Home Decor,2042.52,FALSE,84.61,4129.82
,belt,Clothing,3492.94,FALSE,63.01,2695.93
,scarf,Home Decor,3818.8,FALSE,69.8,4069.76
,belt,Sports Equipment,3487.8,FALSE,77.89,3863.37
,jacket,Sports Equipment,401.97,FALSE,36.76,4428.8
,socks,Home Decor,1218.09,FALSE,74.74,3017.12
,shirt,Clothing,1724.54,TRUE,53.31,2680.97
,socks,Electronics,2525.87,TRUE,14.65,1761.83
,watch,Clothing,1429.95,FALSE,31.97,2200.23
,pants,Clothing,1701.36,FALSE,81.45,4191.32
,scarf,Sports Equipment,501.51,TRUE,90.05,1574.38
,shirt,Toys,1741.33,TRUE,62.74,4243.04
,watch,Clothing,767.91,FALSE,56.7,770.97
,hat,Sports Equipment,1268.39,FALSE,74.21,2464.92
,watch,Clothing,2037.59,TRUE,59.12,2907.08
,pants,Sports Equipment,1505.14,TRUE,17.94,1019.26
,belt,Toys,1507.31,FALSE,65.8,954.01
,shoes,Electronics,1599.65,TRUE,85.65,1230.22
,jacket,Clothing,4034.99,FALSE,17.88,3960.63
,socks,Home Decor,3881.99,FALSE,61.44,735.58
,pants,Home Decor,4323.06,TRUE,65.04,1903.78
,watch,Clothing,3039.53,FALSE,41.58,494.41
,gloves,Books,1871.6,FALSE,34.49,2155.5
,scarf,Books,2018.4,FALSE,10.45,4862.24
,scarf,Toys,4963.53,TRUE,29.18,4101.21
,hat,Clothing,4600.04,FALSE,60.76,2568.98
,scarf,Sports Equipment,629.4,TRUE,16.51,1196.28
,shirt,Clothing,1815.21,TRUE,48.4,4592.9
,watch,Sports Equipment,3186.61,TRUE,60.63,1634.98
,watch,Sports Equipment,2609.96,FALSE,30.02,2746.63
,pants,Books,2954.65,FALSE,40.92,1084.12
,shoes,Clothing,3003.01,TRUE,92.96,3961.35
,shirt,Sports Equipment,374.89,FALSE,41.52,2355.84
,shoes,Books,2725.61,TRUE,51.2,4022.68
,watch,Electronics,2474.72,FALSE,88.28,1293.95
,hat,Toys,2499.84,FALSE,47.05,4322.36
,shoes,Clothing,1274.39,FALSE,24.09,3305.14
,socks,Electronics,811.61,TRUE,62.76,4476.78
,watch,Books,3811.09,TRUE,36.64,3846.37
,scarf,Clothing,1473.1,TRUE,53.6,2074.57
,belt,Sports Equipment,3388.72,TRUE,3.97,4889.17
,pants,Electronics,1101.75,FALSE,67.93,1532.03
,gloves,Home Decor,4474.85,FALSE,6.4,3609.55
,pants,Toys,1702.45,TRUE,35.81,3133.84
,scarf,Toys,1003.62,FALSE,5.32,2126.64
,scarf,Home Decor,2335.81,TRUE,87.86,1409.53
,watch,Toys,3339.26,FALSE,31.75,381.58
,jacket,Electronics,3449.49,FALSE,93.08,4272.96
,belt,Toys,439.34,FALSE,31.49,1146.11
,socks,Books,804.63,TRUE,31.68,4276.7
,scarf,Sports Equipment,244.97,FALSE,23.05,3171.04
,pants,Sports Equipment,4715.72,FALSE,94.14,3440.17
,belt,Sports Equipment,4547.21,FALSE,56.98,1955.4
,hat,Books,2908.93,FALSE,73.14,2531.25
,jacket,Clothing,4041.8,TRUE,98.82,1667.5
,belt,Books,4028.16,FALSE,84.7,2548.68
,scarf,Clothing,1116.08,FALSE,1.82,1049.14
,jacket,Books,251.9,TRUE,93.47,2570.47
,watch,Books,1210.3,FALSE,98.44,3419.69
,socks,Home Decor,2616.21,TRUE,76.99,3370.34
,jacket,Sports Equipment,3578.16,FALSE,20.13,1499.78
,jacket,Books,4522.05,TRUE,46.16,1892.49
,belt,Toys,3634.94,FALSE,22.04,759.97
,socks,Home Decor,506.23,TRUE,8.35,3467.48
,shirt,Home Decor,472.37,TRUE,91.82,4707.83
,shirt,Sports Equipment,2290.13,FALSE,52.97,676.69
,shoes,Electronics,3349.03,FALSE,90.24,4530.92
,socks,Toys,1053.55,FALSE,9.21,1730.78
,watch,Sports Equipment,188.96,TRUE,30.64,4145.93
,gloves,Home Decor,2613.67,FALSE,21.78,3236.92
,watch,Clothing,2445,FALSE,10.54,1943.11
,shoes,Home Decor,1674.48,FALSE,90.41,1887.59
,shirt,Books,2769.37,TRUE,4.79,4292.04
,shoes,Home Decor,2094.75,TRUE,6.4,1892.31
,shirt,Electronics,4716.23,TRUE,50.57,3745.42
,gloves,Toys,334.26,TRUE,67.35,1856.13
,belt,Toys,1485.02,TRUE,90.8,667.06
,pants,Books,915,FALSE,87.09,2039.27
,shirt,Sports Equipment,2269.25,FALSE,71.46,3748.7
,socks,Toys,1461.94,FALSE,0.73,1983.65
,scarf,Electronics,2918.55,FALSE,38.63,2253.05
,belt,Home Decor,4740.74,FALSE,63.42,4808.17
,shirt,Home Decor,4602.79,FALSE,22.76,877.33
,jacket,Home Decor,3835.04,TRUE,97.24,3230.59
,watch,Sports Equipment,2723.27,FALSE,14.23,4299.8
,pants,Sports Equipment,4285.89,FALSE,32.53,1504.13
,scarf,Home Decor,1433.27,TRUE,81.31,2472.49
,watch,Books,3940.24,FALSE,61.68,3500.8
,shoes,Sports Equipment,4717.21,TRUE,68.39,854.44
,belt,Clothing,1052.79,TRUE,46.57,4588.53
,pants,Toys,3496.51,FALSE,94.5,1078.9
,watch,Electronics,2148.28,TRUE,53.13,3648.98
,scarf,Electronics,2975.38,TRUE,91.37,3956.72
,scarf,Home Decor,3970.93,FALSE,81.39,2141.09
,belt,Home Decor,3210.61,TRUE,23.48,4025.96
,hat,Electronics,4983.19,FALSE,51.03,481.76
,shoes,Electronics,4295.96,FALSE,16.88,303.32
,gloves,Books,967.31,TRUE,67.03,544.56
,shirt,Sports Equipment,4661.78,TRUE,97.2,27.04
,gloves,Home Decor,1165.45,TRUE,99,3448.91
,watch,Sports Equipment,836.56,TRUE,92.23,2663.58
,gloves,Clothing,4637.05,TRUE,92.45,1204.85
,gloves,Sports Equipment,4490.5,FALSE,81.25,799.19
,watch,Home Decor,1080.33,FALSE,20.18,611.51
,hat,Electronics,820.49,TRUE,6.28,3134.14
,belt,Clothing,3735.97,TRUE,64.21,4633.74
,socks,Electronics,2638.61,TRUE,63.19,3402.43
,hat,Home Decor,71.21,TRUE,55.82,2314.39
,hat,Home Decor,2764.23,FALSE,26.44,2157.83
,jacket,Home Decor,138.89,FALSE,42.36,2552.28
,shoes,Electronics,4205.32,TRUE,90.25,3179.86
,jacket,Electronics,2780.19,TRUE,19,2904.56
,jacket,Books,4928.95,TRUE,2.59,3308.09
,shoes,Clothing,656.49,TRUE,43.5,563.77
,belt,Toys,4166.24,FALSE,9.12,3472.2
,belt,Toys,3019.24,TRUE,27.59,3703.3
,watch,Clothing,4555.59,FALSE,86.04,1331.33
,belt,Home Decor,2670.67,TRUE,13.12,4501.61
,shirt,Toys,4725.46,FALSE,38.32,2730.96
,shoes,Sports Equipment,2932.62,TRUE,11.89,737.3
,watch,Clothing,4586.15,FALSE,8.36,850.72
,hat,Clothing,3101.74,FALSE,50.57,411.35
,jacket,Home Decor,2976.02,FALSE,88.13,4456.29
,shoes,Sports Equipment,4975.27,FALSE,50.81,2156.29
,scarf,Home Decor,4415.47,TRUE,30.16,1550.03
,watch,Electronics,3157.77,FALSE,74.07,170.07
,socks,Clothing,4328.39,FALSE,45.84,1062.6
,watch,Clothing,3400.49,FALSE,24.71,1724.09
,shoes,Sports Equipment,476.32,FALSE,25.23,4433.8
,socks,Clothing,1410.26,FALSE,52.26,168.16
,jacket,Clothing,2296.03,FALSE,3.95,2531.1
,shoes,Electronics,797.07,FALSE,29.52,838.9
,jacket,Electronics,2438.43,FALSE,36.39,364.45
,hat,Clothing,2354.82,TRUE,76.59,3570.27
,shirt,Clothing,1585.43,TRUE,5.66,4495.71
,socks,Clothing,623.8,TRUE,35.12,2360.41
,pants,Electronics,2686.05,FALSE,14.66,3916.85
,gloves,Sports Equipment,1173.93,TRUE,94.62,3455.65
,belt,Toys,4856.49,FALSE,36.31,1311.76
,jacket,Electronics,1323.79,FALSE,96.53,447.71
,socks,Clothing,3439.32,FALSE,62.01,47.32
,socks,Electronics,3641.19,TRUE,61.25,3823.97
,watch,Electronics,3548.18,FALSE,10.93,4058.18
,scarf,Electronics,3794.88,FALSE,56.66,1218.93
,socks,Home Decor,185.26,FALSE,70.48,610.6
,belt,Home Decor,2809.9,TRUE,39.22,3308.95
,jacket,Sports Equipment,4569.04,FALSE,86.67,1806.78
,watch,Home Decor,383.78,TRUE,99.73,4454.15
,shoes,Toys,3677.07,TRUE,87.71,1410.67
,jacket,Sports Equipment,1099.8,FALSE,92.17,56.96
,jacket,Toys,1247.34,TRUE,50.1,3135.35
,jacket,Electronics,2744.22,TRUE,41.24,1784.93
,socks,Books,3123.23,FALSE,35.2,1983.33
,hat,Clothing,4264.12,FALSE,46.65,1472.42
,jacket,Home Decor,11.54,TRUE,47.1,1767.53
,shoes,Home Decor,1227.65,TRUE,17.55,4574.18
,socks,Electronics,2632.2,FALSE,7.57,340.48
,scarf,Electronics,866.42,FALSE,45.68,1762.18
,socks,Home Decor,626.4,FALSE,67.24,2718.93
,watch,Clothing,555.75,FALSE,51.37,4395.37
,scarf,Toys,2027.67,TRUE,49.41,3143.49
,gloves,Electronics,1303.31,TRUE,2.19,452.39
,gloves,Sports Equipment,4436.88,TRUE,95.99,945.33
,shirt,Toys,2031.88,TRUE,96.87,3358.04
,belt,Sports Equipment,4575.76,FALSE,96.97,1554.74
,shirt,Toys,1322.69,TRUE,99.35,1747.57
,belt,Books,3358.9,TRUE,63.24,4976.09
,hat,Clothing,412.61,TRUE,21.63,2439.44
,gloves,Electronics,1915.72,FALSE,32.85,4733.65
,scarf,Books,1014.46,TRUE,87.92,248.24
,jacket,Home Decor,3597.71,TRUE,37.54,1915.37
,jacket,Clothing,3851.13,FALSE,38.39,4283.94
,shirt,Clothing,4504.89,FALSE,63.14,3242.18
,belt,Clothing,1308.65,TRUE,77.26,3266.86
,watch,Home Decor,4979.07,TRUE,35.21,3034.48
,belt,Clothing,524.94,FALSE,23.47,4819.29
,gloves,Home Decor,3136.3,TRUE,28.43,1603.25
,jacket,Home Decor,302.75,TRUE,69.42,4.44
,belt,Home Decor,1975.19,TRUE,72.59,4500.51
,gloves,Books,1565.46,FALSE,88.53,4061.13
,shoes,Electronics,425.07,FALSE,81.37,775.15
,hat,Home Decor,2851.76,FALSE,28.96,464.07
,shirt,Clothing,4142.78,FALSE,45.71,2285.19
,hat,Home Decor,2668.83,FALSE,67.64,488.33
,shirt,Books,18.84,TRUE,92.33,3516.1
,shirt,Home Decor,4748.71,FALSE,44.65,3774.12
,gloves,Books,3365.47,TRUE,0.58,3989.41
,gloves,Clothing,2714.23,FALSE,98.69,2374.01
,shoes,Books,2300.76,TRUE,92.37,2346.64
,socks,Books,4071.49,TRUE,38.76,1422.35
,gloves,Home Decor,944.54,TRUE,3.33,3547.76
,shoes,Clothing,2311.68,TRUE,78.03,2045.52
,shirt,Books,3901.74,TRUE,7.95,2755.88
,watch,Toys,2500.23,TRUE,24.3,1997.64
,watch,Toys,2194,FALSE,17.85,3618.95
,shirt,Electronics,1949.84,TRUE,41.44,638.01
,pants,Home Decor,3886.33,FALSE,5.3,3453.2
,scarf,Books,520.94,TRUE,31.24,1074.45
,hat,Toys,4161.17,FALSE,64.21,3666.96
,socks,Toys,1333.79,FALSE,0.93,2676.5
,pants,Sports Equipment,3133.37,TRUE,76.89,3676.67
,hat,Sports Equipment,2825.88,FALSE,8.71,1570.78
,gloves,Sports Equipment,110.88,FALSE,77.07,798.06
,shoes,Toys,453.28,TRUE,74.56,2762.37
,belt,Home Decor,30.1,TRUE,74.14,3665.27
,belt,Clothing,3512.56,FALSE,49.76,353.99
,scarf,Home Decor,3451.71,FALSE,43.84,201.33
,shoes,Electronics,289.8,TRUE,94.88,3077.3
,jacket,Sports Equipment,274.63,TRUE,76.65,4328.36
,scarf,Clothing,2096.02,TRUE,38.76,4202.91
,jacket,Toys,2935.2,FALSE,44.94,1376.93
,pants,Home Decor,2312.82,TRUE,72.05,2696.87
,socks,Home Decor,1466.25,TRUE,5.54,4575.47
,gloves,Home Decor,4259.44,FALSE,51.22,281.24
,watch,Sports Equipment,3312.88,FALSE,45.67,3803.53
,gloves,Books,2748.65,TRUE,13.49,3750.18
,socks,Toys,2384.98,TRUE,19.55,408.75
,shoes,Home Decor,2893.29,FALSE,11.27,3392.58
,scarf,Toys,687.5,FALSE,72.27,2935.47
,hat,Sports Equipment,2086.81,FALSE,68.48,3774.89
,scarf,Clothing,3492.48,TRUE,57.34,2754.73
,shoes,Toys,4617.53,FALSE,47.2,4067.59
,gloves,Electronics,2198.92,FALSE,33.18,3430.47
,scarf,Toys,2473.62,TRUE,20.49,2846.32
,gloves,Clothing,4716.98,FALSE,39.67,670.93
,scarf,Electronics,1421.6,FALSE,12.76,1603.07
,gloves,Toys,4202.45,FALSE,12.21,4025
,pants,Clothing,3985.88,FALSE,48.4,2852.84
,shoes,Books,3266.93,TRUE,23.29,312.25
,gloves,Home Decor,1868.45,TRUE,44.04,153.41
,gloves,Books,133.63,TRUE,73.63,3523.41
,watch,Books,4509.92,TRUE,24.48,470.55
,jacket,Home Decor,1518.96,FALSE,51.98,3998.74
,scarf,Home Decor,692.04,TRUE,1.4,4594.72
,hat,Electronics,3916.86,TRUE,90.29,370.59
,jacket,Home Decor,4641.5,TRUE,84.14,4730.1
,shirt,Books,2814.95,FALSE,73.68,3824.26
,shirt,Clothing,2180.27,FALSE,66.15,3875.56
,jacket,Toys,803.82,TRUE,49.05,2125.63
,watch,Toys,1874.76,TRUE,28.05,1784.59
,pants,Clothing,1300.75,TRUE,13.97,2605.78
,socks,Electronics,996.11,FALSE,22.46,3158.57
,gloves,Toys,1754.38,TRUE,38.51,446.64
,pants,Sports Equipment,2557.04,TRUE,36.83,308.41
,shirt,Electronics,283.6,FALSE,50.42,2446.19
,watch,Books,4904.43,TRUE,59.9,4916.86
,hat,Sports Equipment,4262.3,FALSE,45.17,461.27
,shirt,Toys,2448.47,FALSE,94.91,1047.27
,watch,Sports Equipment,1477.02,TRUE,53.71,3743.13
,belt,Sports Equipment,2192.19,FALSE,66.13,894.67
,gloves,Toys,270.36,TRUE,53.92,2759.18
,watch,Toys,3784.14,FALSE,88.77,3368.36
,jacket,Toys,2338.39,FALSE,65.64,3637.12
,shoes,Toys,3203.93,FALSE,60.51,1922.95
,scarf,Books,3627.59,FALSE,28.17,2514.82
,hat,Toys,3019.84,FALSE,47.04,4251.09
,jacket,Electronics,4029.16,FALSE,40.34,1713.39
,scarf,Home Decor,3246.37,TRUE,53.05,3793.78
,belt,Clothing,1266.25,FALSE,84.07,3888.84
,hat,Sports Equipment,4640.31,FALSE,43.13,1509.67
,shoes,Sports Equipment,1391,FALSE,47.62,4453.84
,shirt,Books,2463.74,FALSE,97.17,2092.76
,gloves,Toys,1364.56,FALSE,71.04,579.81
,socks,Sports Equipment,1001.33,TRUE,32.41,4892.02
,pants,Home Decor,3482.12,TRUE,39.25,2268.77
,belt,Electronics,3870.74,TRUE,70.62,3289.23
,watch,Books,3435.77,TRUE,4.21,681.29
,watch,Clothing,2143.92,TRUE,73.81,1347.07
,pants,Home Decor,725.53,TRUE,1.24,4011.29
,socks,Home Decor,3301.87,FALSE,6.84,1174.54
,watch,Electronics,758.53,FALSE,22.71,4731.22
,shoes,Clothing,3258.77,FALSE,81.61,3983.54
,hat,Sports Equipment,4704.47,TRUE,33.7,674.92
,shoes,Electronics,365.2,FALSE,80.49,4647.08
,watch,Sports Equipment,524.39,FALSE,52.42,2047.02
,socks,Clothing,3916.13,FALSE,3.39,1547.4
,shirt,Sports Equipment,3105.92,TRUE,47.68,4315.93
,scarf,Sports Equipment,2600.18,TRUE,28.12,3215.95
,jacket,Sports Equipment,977.53,FALSE,61.01,2003.98
,pants,Toys,3155.73,FALSE,22.63,3683.55
,gloves,Books,3603.7,FALSE,78.24,1238.86
,belt,Books,3389.42,TRUE,25.55,941.69
,shoes,Home Decor,3713.44,FALSE,92.91,2708.27
,belt,Clothing,4040.93,TRUE,80.14,2365.05
,belt,Sports Equipment,3152.64,TRUE,15.43,1510.16
,belt,Books,2658.2,FALSE,81.27,3277.58
,pants,Books,340.85,TRUE,20.7,2215.96
,scarf,Clothing,2538.51,FALSE,6.52,4860.13
,jacket,Home Decor,4956.21,FALSE,63.7,2537.82
,shirt,Clothing,418.74,FALSE,79.94,3942.3
,pants,Clothing,3906.88,TRUE,70.87,4132.4
,scarf,Home Decor,4034.1,FALSE,34.75,2520.41
,belt,Books,569.07,FALSE,95.46,1760.54
,jacket,Home Decor,206.76,TRUE,3.14,2503.4
,shirt,Sports Equipment,3201.21,TRUE,43.5,1387.06
,watch,Home Decor,1816.23,TRUE,99.59,828.95
,belt,Home Decor,2576.3,TRUE,53.15,580.58
,shoes,Sports Equipment,1899.04,FALSE,12.12,2890.02
,shoes,Toys,2646.96,FALSE,71.15,4720.53
,pants,Home Decor,3062.69,TRUE,75.91,723.36
,socks,Books,635.65,FALSE,54.44,4643.23
,socks,Clothing,2349.5,FALSE,24.84,3608.04
,socks,Books,1310.96,FALSE,28,4452.66
,gloves,Home Decor,1763.66,FALSE,9.09,2839.92
,jacket,Electronics,502.42,TRUE,25,2881.59
,watch,Home Decor,4515.57,FALSE,35.82,2234.23
,shoes,Books,812.71,FALSE,31.82,2115.19
,scarf,Home Decor,2867.48,TRUE,49.92,1442.16
,jacket,Electronics,3276.02,FALSE,92.45,714.56
,shirt,Toys,4322.1,FALSE,14.11,1212.17
,shirt,Clothing,1540.58,FALSE,50.46,1702.51
,shoes,Home Decor,1567.11,TRUE,87.12,4372.79
,jacket,Home Decor,2218.49,TRUE,15.72,813.43
,shirt,Electronics,574.43,TRUE,98.78,4468.86
,jacket,Home Decor,3888.62,FALSE,88,2980.99
,shoes,Electronics,2819.71,FALSE,15.72,715.94
,shirt,Toys,4040.97,TRUE,40.47,2408.79
,belt,Sports Equipment,1904.31,TRUE,80.35,4220.89
,pants,Toys,2856.81,TRUE,34.32,4911.33
,hat,Clothing,2634.04,TRUE,53.34,850.41
,shirt,Toys,3682.03,FALSE,11.78,72.72
,shirt,Books,194.77,FALSE,25.78,3433.1
,gloves,Clothing,3600.32,FALSE,40.83,2228.18
,shoes,Electronics,4675.7,TRUE,15.02,3879.79
,gloves,Toys,366.88,FALSE,84.93,4708.01
,socks,Books,3401.4,FALSE,50.33,29.17
,scarf,Sports Equipment,1213.25,FALSE,20.22,2091.73
,watch,Books,1766.11,FALSE,75.18,1931.81
,pants,Sports Equipment,2719.39,FALSE,68.76,1908.49
,belt,Electronics,3936.56,FALSE,38.14,4733.01
,socks,Clothing,1911.56,FALSE,73,4642.46
,jacket,Books,3281.5,TRUE,74.53,1938.42
,hat,Toys,172.24,FALSE,34.56,3650.14
,socks,Home Decor,2193.18,FALSE,71.49,4306.5
,hat,Clothing,1992.61,TRUE,16.74,813.43
,watch,Sports Equipment,1477.38,TRUE,6.82,4136.55
,jacket,Books,1183.48,TRUE,41.99,3927.92
,socks,Toys,3337.87,FALSE,42.18,382.91
,belt,Clothing,4947,TRUE,52.09,4137.27
,gloves,Electronics,1000.67,TRUE,93.12,1639.29
,socks,Home Decor,4852.95,TRUE,30.99,4243.56
,socks,Clothing,4871.51,TRUE,15.96,2417.63
,socks,Clothing,3759.15,FALSE,47.24,516.15
,watch,Books,4870.62,TRUE,25.95,888.09
,shoes,Home Decor,2544.42,FALSE,49.05,2484.79
,jacket,Toys,2040.36,FALSE,16.24,4047.75
,shirt,Home Decor,122.27,TRUE,71.97,1664.52
,scarf,Books,1969.95,TRUE,86.74,4438.39
,watch,Books,2568.57,FALSE,59.7,810.69
,scarf,Sports Equipment,1439.52,TRUE,81.02,4250.32
,scarf,Sports Equipment,1093.36,FALSE,35.5,4473
,shirt,Sports Equipment,1835.96,TRUE,50.09,2817.55
,jacket,Books,4461.14,TRUE,5.67,3343.57
,belt,Sports Equipment,1963.94,TRUE,52.73,960.45
,gloves,Sports Equipment,1193.54,TRUE,78.66,2640.74
,hat,Toys,4517.41,FALSE,24.31,63.45
,socks,Clothing,4885.03,TRUE,32.23,4824.88
,watch,Toys,2755.6,FALSE,86.73,3838.14
,jacket,Clothing,4256.13,TRUE,39.27,4426.84
,jacket,Sports Equipment,4065.82,FALSE,24.24,3997.7
,shoes,Home Decor,266.22,FALSE,60.87,4318.71
,socks,Electronics,4338.28,TRUE,27.3,1599.36
,gloves,Sports Equipment,3050.17,TRUE,10.12,1252.01
,socks,Home Decor,3817.18,TRUE,92.33,1655.49
,belt,Toys,4804.18,TRUE,55.09,2184.32
,watch,Toys,3065.66,TRUE,96.1,4065.98
,scarf,Books,4578.84,FALSE,78.59,1920.55
,gloves,Clothing,3617.72,TRUE,50.65,46.1
,gloves,Sports Equipment,4345.44,FALSE,25.69,1928.47
,shoes,Toys,2684.24,FALSE,21.01,244.89
,jacket,Clothing,4414.25,FALSE,60.77,1750.2
,belt,Home Decor,4123.3,TRUE,42.7,1561.11
,pants,Home Decor,4218.22,FALSE,25.12,4764.31
,gloves,Toys,2459.65,FALSE,7.86,410.46
,shoes,Home Decor,4904.28,TRUE,52.58,1612.31
,socks,Toys,4077.89,TRUE,9.33,4816.78
,shoes,Sports Equipment,749.88,FALSE,67.99,442.71
,belt,Toys,1647.42,TRUE,60.91,4672.28
,pants,Clothing,3298.85,FALSE,59.79,3382.19
,socks,Home Decor,4274.98,FALSE,47.73,4652.27
,belt,Electronics,2444.22,TRUE,74.54,2185.57
,jacket,Clothing,1214.28,TRUE,31.58,4013.51
,socks,Toys,3419.11,TRUE,34.31,4731.42
,jacket,Books,2230.19,FALSE,72.85,591.43
,socks,Home Decor,212.24,TRUE,77.52,3361.89
,socks,Sports Equipment,2041.67,TRUE,49.29,181.39
,shirt,Electronics,1929.82,TRUE,94.99,1311.19
,socks,Clothing,1612.14,FALSE,16.57,4365.98
,shoes,Toys,3047.92,FALSE,97.47,4448.18
,gloves,Electronics,4229.17,FALSE,64.5,4806.03
,socks,Home Decor,2740,FALSE,24.37,2571.91
,belt,Sports Equipment,1162.05,TRUE,75.23,3513.37
,scarf,Books,427.68,FALSE,56.5,4177.71
,gloves,Toys,1486.64,FALSE,90.78,750.92
,shoes,Sports Equipment,3944.09,FALSE,51.04,3903.84
,gloves,Home Decor,886.82,TRUE,49.4,2518.76
,shirt,Home Decor,4221.94,TRUE,20.99,3946.8
,jacket,Home Decor,1174.26,TRUE,94.98,789.91
,pants,Sports Equipment,2465.46,TRUE,1.28,4470.89
,shoes,Toys,3336.57,TRUE,62.77,311.15
,shoes,Toys,3579.46,TRUE,90.35,34.56
,scarf,Sports Equipment,1521.87,FALSE,59.63,4734.68
,shirt,Toys,3921.27,TRUE,64.06,873.21
,pants,Sports Equipment,1201.74,TRUE,40.01,4273.44
,gloves,Home Decor,1286.79,FALSE,91.16,3159.8
,pants,Electronics,29.58,FALSE,37.25,3772.52
,pants,Clothing,3738.35,FALSE,1.31,4974.32
,hat,Books,4029.07,FALSE,93.81,3548.24
,hat,Books,1562.11,FALSE,62.18,930.72
,gloves,Electronics,4716.37,TRUE,17.13,659.24
,hat,Home Decor,4594.87,FALSE,27.89,4660.09
,shirt,Clothing,1249.57,TRUE,2.58,4493.96
,gloves,Books,4907.65,FALSE,89.28,3756.81
,watch,Sports Equipment,2903.36,FALSE,56.37,3274.84
,jacket,Clothing,4936.23,TRUE,73.21,1026.72
,jacket,Sports Equipment,447.91,FALSE,32,4290.32
,socks,Sports Equipment,1813.22,TRUE,9.67,2557.72
,belt,Electronics,3484.42,TRUE,26.34,1364.63
,jacket,Home Decor,3186.81,TRUE,12.29,3529.03
,pants,Electronics,512.58,TRUE,80.35,3014.2
,jacket,Clothing,716.71,TRUE,91.97,346.39
,shoes,Home Decor,1617.93,TRUE,96.81,10.42
,jacket,Sports Equipment,4226.63,TRUE,28.13,2944.45
,scarf,Clothing,897.62,FALSE,47.78,1818.54
,watch,Home Decor,4092.08,TRUE,22.78,115.73
,hat,Toys,4863.44,TRUE,58.87,2368.08
,watch,Home Decor,4713.69,TRUE,40.81,4172.57
,shoes,Clothing,4365.23,TRUE,51.71,2633.14
,gloves,Books,1889.34,FALSE,36.9,1455.11
,pants,Toys,2417.08,FALSE,47.41,2235.65
,belt,Books,2282.85,TRUE,63.21,1723.25
,socks,Home Decor,2456.18,TRUE,76.59,3242.22
,jacket,Electronics,4956.76,FALSE,31.72,2016.94
,shirt,Electronics,4528.59,TRUE,27.27,209.99
,pants,Electronics,1286.49,FALSE,85.15,938.96
,pants,Books,3365.74,FALSE,15.49,4013.73
,watch,Home Decor,2571.08,TRUE,8.86,3613.55
,shirt,Toys,1575.22,TRUE,41.41,1358
,gloves,Home Decor,501.31,TRUE,28.77,864.41
,hat,Sports Equipment,3378.7,FALSE,74.85,2293.84
,watch,Clothing,4205.39,TRUE,65.19,3051.83
,socks,Sports Equipment,2481.75,FALSE,89.33,3531.35
,belt,Electronics,192.09,TRUE,18.48,3783.81
,jacket,Clothing,1310.2,FALSE,56.88,875.8
,belt,Books,2492.88,FALSE,33.5,506.85
,belt,Clothing,3000.65,TRUE,3.3,4675.85
,watch,Clothing,4904.37,FALSE,45.75,1009.05
,scarf,Electronics,3813.03,FALSE,27.82,2527.58
,jacket,Electronics,1655.05,TRUE,1.07,212.89
,hat,Home Decor,114.19,TRUE,24.16,1334.2
,socks,Sports Equipment,4501.25,TRUE,12.99,1457.07
,shirt,Toys,2318.2,FALSE,24.26,509.21
,pants,Electronics,2666.81,FALSE,11.24,3952.9
,scarf,Books,2174.01,FALSE,11.3,1892.92
,shirt,Electronics,4379.52,TRUE,32.72,4884.8
,belt,Sports Equipment,4298.51,TRUE,85.79,864.84
,hat,Clothing,2181.22,FALSE,54.91,3608.73
,jacket,Home Decor,1661.28,FALSE,57.8,4070.17
,belt,Books,2934.87,FALSE,23.18,1078.45
,hat,Home Decor,2274.47,TRUE,57.88,472.84
,pants,Home Decor,3619.07,TRUE,65.69,1850.48
,pants,Toys,1342.49,TRUE,50.65,1430.45
,socks,Books,734.88,FALSE,93.34,3264.01
,socks,Sports Equipment,4543.71,FALSE,26.2,1567.58
,scarf,Toys,1418.82,TRUE,29.87,3061.03
,jacket,Home Decor,167.63,TRUE,41.1,3252.3
,shirt,Books,568.95,FALSE,60.85,48.03
,pants,Toys,4314.13,TRUE,28.23,1023.82
,hat,Clothing,4291.48,TRUE,43.5,2406.32
,pants,Home Decor,337.98,FALSE,37.27,488.68
,shoes,Sports Equipment,2633.68,FALSE,24.26,4580.64
,pants,Books,4374.48,TRUE,74.82,139.7
,gloves,Books,1812.12,TRUE,80.47,510.56
,gloves,Electronics,4015.07,TRUE,2.96,3801.87
,pants,Electronics,2956.64,FALSE,24.81,1957.06
,gloves,Home Decor,4963.06,TRUE,9.78,4747.97
,watch,Electronics,1988.83,FALSE,33.77,2027.12
,gloves,Sports Equipment,600.96,FALSE,8.86,4256.2
,jacket,Sports Equipment,4785.78,TRUE,97.1,1346.45
,hat,Home Decor,2497.69,TRUE,38.56,3456.32
,watch,Clothing,2047.5,TRUE,97.97,3984.51
,watch,Clothing,1202.86,FALSE,36.46,3458.31
,shoes,Electronics,4238.65,TRUE,8.59,2432.84
,shoes,Books,4402.09,TRUE,69.35,2327.2
,belt,Clothing,3329.36,FALSE,83.49,693.17
,shirt,Toys,538.14,TRUE,77.62,3617.88
,shoes,Home Decor,1286.29,TRUE,44.63,1091.66
,shirt,Clothing,781.9,TRUE,1.8,4714.84
,hat,Books,341.57,TRUE,89.09,1909.56
,pants,Sports Equipment,1937.23,TRUE,32.47,2219.06
,watch,Toys,2492.11,FALSE,24.09,338.7
,shirt,Home Decor,3868.49,TRUE,18.56,364.05
,hat,Books,4053.41,TRUE,42.73,1089.66
,watch,Toys,1584.15,FALSE,67.34,4753.36
,watch,Clothing,2773.61,FALSE,38.85,1494.78
,shirt,Books,2196.54,TRUE,82.19,3392.96
,gloves,Clothing,3152.42,FALSE,45.35,3712.31
,jacket,Sports Equipment,3177.95,FALSE,86.23,1927.97
,pants,Sports Equipment,3509.02,FALSE,75.99,916.28
,scarf,Clothing,2036.33,FALSE,74.5,558.14
,pants,Home Decor,2814.52,FALSE,11.24,2782
,pants,Home Decor,2398.03,TRUE,73.02,4221.92
,belt,Books,4692.25,FALSE,40.18,1181.69
,socks,Sports Equipment,1339.33,FALSE,86.56,556.08
,belt,Books,4414.58,FALSE,55.95,411.23
,scarf,Books,3614.61,TRUE,84.43,3855.43
,shoes,Sports Equipment,4034.31,TRUE,13.15,3520.33
,shoes,Electronics,1384.66,FALSE,3.97,4147.57
,belt,Home Decor,3177.67,FALSE,8.69,3462.33
,jacket,Home Decor,2629.55,TRUE,37.46,2045.05
,jacket,Toys,2070.42,FALSE,18.58,866.22
,shirt,Sports Equipment,1396.83,TRUE,35.74,174.64
,socks,Clothing,141.57,FALSE,51.23,89.35
,hat,Home Decor,2614.97,TRUE,36.15,4065.93
,scarf,Sports Equipment,3738.65,FALSE,58.13,3675.32
,gloves,Toys,2949.98,TRUE,38.38,491.15
,socks,Electronics,434.43,TRUE,66.88,4335.61
,pants,Sports Equipment,864.22,TRUE,49.36,1315
,scarf,Toys,1871.67,FALSE,61.66,1405.97
,jacket,Sports Equipment,2365.79,FALSE,0.49,4212.25
,shoes,Books,4172.84,FALSE,77.98,369.88
,pants,Sports Equipment,2248.99,TRUE,79.85,4057.26
,socks,Home Decor,1262.34,FALSE,31.5,2510.54
,hat,Sports Equipment,2886.93,FALSE,33.98,4882.15
,hat,Books,2657.46,TRUE,96.63,1353.1
,gloves,Electronics,1649.06,TRUE,80.89,4228.14
,jacket,Toys,3744.45,FALSE,16.04,892.32
,pants,Clothing,1746.54,TRUE,71.9,1851.01
,belt,Home Decor,4644.16,FALSE,11.26,1529.8
,socks,Clothing,3575.92,FALSE,44.99,4079.92
,jacket,Home Decor,2818.02,FALSE,5.05,603.91
,gloves,Home Decor,2994.44,TRUE,73.61,773.31
,hat,Home Decor,2385.11,TRUE,82.47,4457.8
,pants,Clothing,4880.91,FALSE,4.41,1115.96
,watch,Electronics,3835.41,TRUE,13.53,1846.2
,belt,Clothing,436.92,FALSE,18.14,3252.78
,jacket,Toys,2008.43,FALSE,39.45,156.8
,hat,Home Decor,582.36,FALSE,67,3804.21
,watch,Home Decor,3166.6,TRUE,8.1,4325.64
,shoes,Sports Equipment,2093.95,FALSE,86.76,3705.3
,belt,Toys,4261.38,FALSE,87.84,911.99
,belt,Clothing,715.28,FALSE,8.56,1295.21
,jacket,Electronics,2266.21,FALSE,81.98,4134.91
,jacket,Home Decor,2808.65,FALSE,84.06,3890.28
,watch,Electronics,4756.94,FALSE,19.13,3397.06
,shoes,Books,3722.79,FALSE,64.02,3525.45
,shirt,Electronics,2174.58,TRUE,15.62,779.89
,pants,Books,4147.76,FALSE,68.05,4409.99
,watch,Electronics,3070.96,FALSE,65.74,1479.22
,shoes,Electronics,3896.73,FALSE,45.68,2552.46
,watch,Clothing,1297.37,FALSE,93.7,3091.89
,scarf,Clothing,1547.45,FALSE,12.99,2428.13
,socks,Sports Equipment,383.66,FALSE,79.17,1929.43
,socks,Sports Equipment,4306.15,TRUE,40.39,11.52
,scarf,Clothing,2915.01,TRUE,44.47,158.52
,watch,Clothing,2050.86,FALSE,87.37,2804.07
,scarf,Books,3737.46,FALSE,59.31,3405.32
,shirt,Electronics,837.36,FALSE,4.13,3873.74
,socks,Books,4208.48,FALSE,52.82,3372.92
,shirt,Books,1217.32,FALSE,25.25,1890.73
,hat,Clothing,2605.99,TRUE,54.38,110.7
,belt,Clothing,1585.35,FALSE,67.34,3641.86
,scarf,Clothing,537.31,TRUE,18.97,699.4
,hat,Sports Equipment,315.76,FALSE,64.36,2539.43
,pants,Home Decor,3036.37,TRUE,99.13,1868.3
,jacket,Books,4600.07,TRUE,67.79,4895.19
,scarf,Books,1461.15,FALSE,63.3,1518.82
,belt,Home Decor,3260.09,FALSE,56.92,3311.38
,pants,Clothing,1197.16,TRUE,7.66,3186.11
,gloves,Sports Equipment,3630.48,TRUE,54.06,433.71
,watch,Clothing,3168.15,TRUE,52.21,3649.81
,jacket,Home Decor,1601.3,TRUE,6.56,2100.71
,belt,Toys,2946,FALSE,37.87,3075.51
,hat,Sports Equipment,830.32,FALSE,4.01,3018.16
,jacket,Home Decor,1731.58,TRUE,11.81,1492.53
,jacket,Toys,1026.82,FALSE,59.74,4193.7
,shirt,Clothing,2524.4,FALSE,83.47,1861.44
,pants,Electronics,1087.05,FALSE,61.25,457.95
,pants,Clothing,4547.47,TRUE,40.35,3254.53
,pants,Clothing,2007,FALSE,31.8,2752.91
,shoes,Home Decor,1431.97,TRUE,6.62,1817.91
,shirt,Home Decor,2053.78,FALSE,13.02,441.91
,pants,Books,4753.79,FALSE,6.43,2136.28
,scarf,Clothing,3113.23,TRUE,17.13,816.04
,shoes,Clothing,4951.33,TRUE,80.99,2479.7
,jacket,Electronics,4485.69,FALSE,23.26,756.2
,belt,Toys,602.22,TRUE,38.11,252.52
,pants,Clothing,1272.18,FALSE,54.22,3398.68
,jacket,Home Decor,3301.87,FALSE,72.67,1031.22
,hat,Toys,1745.71,TRUE,11.56,1540.88
,gloves,Home Decor,3691.18,TRUE,6.06,824
,belt,Toys,3150.33,FALSE,29.52,1535.48
,hat,Home Decor,619.5,TRUE,34.2,1420.95
,jacket,Books,250.1,TRUE,23.44,3044.64
,scarf,Electronics,3600.65,TRUE,34.62,3361.09
,shoes,Clothing,3794.12,FALSE,45.11,2134.61
,scarf,Clothing,450.91,FALSE,52.01,2768.67
,hat,Electronics,4732.98,FALSE,77.39,2617.22
,scarf,Electronics,359.16,TRUE,0.14,1651.43
,shoes,Electronics,1247.03,FALSE,75.34,4625.9
,scarf,Books,1951.06,FALSE,90.95,2190.59
,jacket,Toys,4757.21,TRUE,46.26,1323.85
,belt,Books,2002.14,TRUE,26.49,3280.28
,hat,Sports Equipment,1886.51,FALSE,43.55,932.67
,pants,Sports Equipment,1125.76,TRUE,47.77,3536.59
,shoes,Clothing,540.64,TRUE,44.34,3212.28
,hat,Books,2436.38,TRUE,34.84,4202.57
,watch,Home Decor,1207.72,FALSE,65.81,934.38
,belt,Sports Equipment,3416.58,TRUE,19.6,412.97
,jacket,Toys,437.74,TRUE,66.18,2053.79
,belt,Clothing,4232.83,TRUE,43.21,1700.99
,scarf,Books,4719.51,TRUE,25.49,994.74
,hat,Books,61.32,TRUE,46.64,1255.43
,shirt,Home Decor,2594.33,TRUE,35.41,1383.94
,shoes,Sports Equipment,3329.1,FALSE,97.03,1789.69
,pants,Electronics,2708.92,FALSE,19.5,1287.17
,gloves,Toys,1165.26,FALSE,95.05,4985.77
,jacket,Clothing,4942.02,TRUE,23.57,99.3
,hat,Toys,3214.6,FALSE,33.06,4509.88
,jacket,Clothing,4407.66,TRUE,89.61,2374.05
,shirt,Home Decor,3441.5,TRUE,50.01,19.44
,pants,Books,2447.13,TRUE,94.2,3678.76
,shoes,Books,679.28,FALSE,58.63,435.36
,watch,Sports Equipment,2719.28,FALSE,94.41,3926.14
,watch,Toys,1653.98,TRUE,40.52,1674.15
,scarf,Home Decor,830.25,TRUE,39.95,334.07
,belt,Books,1264.17,FALSE,50.98,1116.26
,pants,Electronics,3945.97,FALSE,97.96,4668.92
,hat,Clothing,455.75,TRUE,76.42,892.72
,scarf,Books,2950.02,TRUE,13.12,3541.72
,scarf,Electronics,4851.91,TRUE,28.64,1757.79
,watch,Sports Equipment,4183.39,FALSE,95.42,4223.5
,gloves,Clothing,3011.53,TRUE,62.15,379.97
,pants,Clothing,2027.58,TRUE,65.56,4666.48
,shoes,Electronics,4214.03,TRUE,37.79,2301.65
,shirt,Clothing,3491.95,FALSE,56.22,3223.92
,shirt,Books,1791.13,FALSE,36.77,3584.1
,hat,Electronics,4656.98,TRUE,23.83,4898.08
,shoes,Sports Equipment,2028.2,FALSE,29.45,95.87
,belt,Books,73.74,TRUE,26.21,3450.91
,hat,Toys,1739.7,TRUE,42.62,4987.95
,belt,Clothing,3035.92,FALSE,55.91,174.38
,shirt,Books,3100.23,FALSE,31.7,2688.03
,hat,Home Decor,3356.07,TRUE,10.32,4796.25
,belt,Home Decor,4358.67,TRUE,20.73,2168.51
,gloves,Clothing,2618.33,TRUE,24.16,1615.62
,watch,Electronics,2679.99,TRUE,78.47,1983.65
,belt,Sports Equipment,261.79,TRUE,46.14,2752.7
,belt,Electronics,3151.35,FALSE,67.09,1651.4
,gloves,Home Decor,2810.67,TRUE,28.53,1123.97
,jacket,Electronics,3635.65,TRUE,95.66,4508.95
,socks,Toys,4437.89,FALSE,28.01,2407.7
,gloves,Electronics,1999.65,TRUE,99.61,1239.43
,scarf,Home Decor,3815.41,TRUE,85.06,4275.78
,belt,Sports Equipment,4570.44,TRUE,33.94,3144.68
,hat,Clothing,3651.84,FALSE,4.69,2973.87
,jacket,Clothing,2080.11,TRUE,52.44,466.34
,hat,Toys,456.49,FALSE,79.61,3623.31
,gloves,Toys,1815.43,FALSE,74.88,849.49
,shoes,Toys,113.42,TRUE,29.92,1391.23
,pants,Clothing,3138.21,TRUE,52.41,987.17
,belt,Home Decor,253.64,TRUE,26.03,3398.05
,watch,Home Decor,3464.11,FALSE,21.05,1575.03
,watch,Sports Equipment,1323.62,FALSE,48.44,2319.43
,pants,Electronics,3007.71,TRUE,55.31,3169.32
,scarf,Sports Equipment,626.81,FALSE,16.41,4376.59
,shirt,Toys,931.73,TRUE,26.64,1118.22
,pants,Electronics,3576.18,FALSE,65.87,2185.02
,scarf,Toys,4500.23,TRUE,18.69,2946.95
,jacket,Books,4601.98,TRUE,76,831.83
,scarf,Clothing,766.05,FALSE,24.76,2165.49
,scarf,Clothing,3064.71,FALSE,74,1315.33
,watch,Electronics,240.15,FALSE,28.65,4263.71
,scarf,Sports Equipment,1187.35,FALSE,49.75,4819.49
,pants,Home Decor,4558.88,TRUE,87.24,331.07
,gloves,Sports Equipment,1539.52,FALSE,38.6,1155.64
,shirt,Electronics,509.51,TRUE,38.19,752.96
,shirt,Toys,2329.61,TRUE,99.67,3852.03
,pants,Electronics,1560.04,FALSE,0.7,1618.5
,pants,Toys,283.62,TRUE,11.61,2997.1
,scarf,Sports Equipment,3616.31,TRUE,12.37,4722.25
,socks,Electronics,235.2,TRUE,1.29,842.44
,pants,Books,4472.51,FALSE,95.39,2899.18
,gloves,Home Decor,272.16,FALSE,91.53,3442.23
,hat,Books,4381.17,FALSE,7.83,4204.55
,gloves,Clothing,560.77,TRUE,21.77,1793.66
,socks,Sports Equipment,46.02,FALSE,21.59,4340.09
,watch,Toys,424.27,TRUE,77.88,4647.15
,scarf,Toys,2845.51,TRUE,87.35,1220.55
,watch,Electronics,2809.8,TRUE,44,4598.43
,hat,Sports Equipment,4986.63,FALSE,48.84,4760.34
,belt,Toys,4666.9,FALSE,69.47,62.82
,jacket,Home Decor,4790.51,FALSE,6.58,4010.81
,belt,Clothing,2643.31,FALSE,35.93,1466.01
,hat,Sports Equipment,1247.56,TRUE,7.17,1912.58
,watch,Sports Equipment,2514.93,TRUE,58.36,2896.57
,socks,Clothing,3654.17,FALSE,61.08,3467.59
,jacket,Toys,4445.79,FALSE,96.04,4883.49
,shirt,Sports Equipment,4268.7,FALSE,90.17,808.46
,socks,Sports Equipment,4898.79,FALSE,31.92,2372.95
,shirt,Home Decor,1000.66,FALSE,10.87,3131.89
,jacket,Electronics,3758.69,FALSE,13.37,1925.72
,belt,Sports Equipment,1388.35,FALSE,7.83,2230.51
,watch,Home Decor,2049.33,TRUE,89.1,3316.33
,jacket,Clothing,401.24,TRUE,11.4,4733.81
,socks,Sports Equipment,2831.45,TRUE,15.47,4992.86
,gloves,Home Decor,3043.16,FALSE,64.86,2061.82
,socks,Home Decor,2325.34,FALSE,69.46,3790.4
,jacket,Clothing,1193.02,TRUE,77.17,3553.8
,hat,Home Decor,3777.34,FALSE,91.24,4973.58
,socks,Books,3433.24,TRUE,40.33,3846.43
,socks,Home Decor,1542.86,TRUE,57.85,435.93
,gloves,Books,2700.86,TRUE,61.54,3273.44
,belt,Electronics,4956.1,FALSE,29.98,4030.27
,gloves,Sports Equipment,3495.85,FALSE,93.57,3754.54
,watch,Toys,4146.98,FALSE,88.59,1024.28
,hat,Electronics,4453.79,FALSE,44.53,4505.64
,gloves,Toys,3304.94,TRUE,27.9,3223.21
,watch,Toys,2754.64,FALSE,62.31,4701.43
,hat,Electronics,3998.64,TRUE,75.81,2324.63
,shirt,Home Decor,623.09,FALSE,74.98,3669.14
,watch,Books,3374.14,TRUE,26.73,3309.02
,pants,Electronics,3234.89,TRUE,41.46,3996.5
,shoes,Toys,4547.01,TRUE,53.93,1750.95
,pants,Books,1308.27,TRUE,41.49,1313.82
,pants,Electronics,2449.57,FALSE,16.05,95.76
,pants,Books,3218.61,FALSE,73.9,1018.82
,pants,Clothing,374.09,FALSE,60.16,2621.4
,scarf,Home Decor,4485.34,FALSE,3.52,1808.42
,scarf,Books,307.21,TRUE,16.56,1029
,scarf,Sports Equipment,4961.12,FALSE,35.64,4424.12
,gloves,Clothing,4942.06,FALSE,6.04,4010.25
,scarf,Clothing,4002.14,TRUE,27.27,2280.9
,watch,Books,1566.95,TRUE,89.18,4048.88
,scarf,Clothing,2528.99,TRUE,36.87,2365.98
,jacket,Sports Equipment,4055.7,TRUE,28.76,474.87
,watch,Home Decor,868.34,FALSE,48.59,1821.56
,hat,Toys,521.63,TRUE,83.92,4370.52
,shoes,Sports Equipment,3157.87,TRUE,84.99,1346.77
,scarf,Clothing,1617.26,TRUE,86.3,1403.45
,belt,Electronics,2263.57,FALSE,91.74,2930.81
,hat,Toys,1288.69,FALSE,1.79,3783.68
,shoes,Electronics,2018.61,TRUE,19.84,957.82
,watch,Toys,534.71,FALSE,27.89,4237.63
,watch,Clothing,1916.71,TRUE,83.2,4818.87
,jacket,Home Decor,3531.36,TRUE,10.04,2719.03
,jacket,Sports Equipment,3214.48,TRUE,42.31,2509.84
,pants,Electronics,154.13,FALSE,4.5,2551.91
,hat,Clothing,4682.84,TRUE,62.08,2992.88
,jacket,Home Decor,3172.57,FALSE,0.36,3209
,scarf,Electronics,4015.02,TRUE,75.84,4837.85
,scarf,Toys,1163.58,FALSE,54.42,1937.8
,socks,Electronics,1255.07,FALSE,39.06,2405.8
,hat,Books,1368.58,TRUE,47.2,0.56
,socks,Sports Equipment,4928.84,TRUE,58.74,4473.29
,shoes,Clothing,1788.41,TRUE,20.35,4513.01
,watch,Sports Equipment,3251.54,FALSE,70.63,3773.05
,watch,Toys,2222.71,FALSE,52.35,4636.77
,jacket,Books,4869.56,TRUE,24.18,561.28
,shoes,Electronics,3899.96,FALSE,49.41,2362.41
,jacket,Toys,2573.93,FALSE,64.11,670.76
,socks,Home Decor,17.68,FALSE,37.7,2957.15
,shirt,Books,4323.62,TRUE,10.8,2831.58
,hat,Electronics,962.01,FALSE,10.16,4791.42
,shirt,Electronics,4109.81,TRUE,52.04,2672.37
,watch,Sports Equipment,4163.59,FALSE,88.81,1619.24
,scarf,Home Decor,2418.27,FALSE,69.35,304.19
,hat,Sports Equipment,3133.52,FALSE,41.82,3685.52
,gloves,Books,4810.83,FALSE,15.74,398.25
,hat,Books,384.08,TRUE,76.9,436.03
,watch,Sports Equipment,3108.77,TRUE,80.93,3484.16
,pants,Sports Equipment,2680.85,FALSE,72.71,1524.52
,jacket,Books,4310,TRUE,48.03,4640.16
,gloves,Toys,1909.93,TRUE,75.46,817.96
,shoes,Clothing,4120.72,FALSE,35.39,880.53
,watch,Electronics,843.6,TRUE,31.94,4571.43
,watch,Sports Equipment,4922.37,FALSE,88.02,1131.56
,gloves,Home Decor,3257.97,FALSE,4.85,3814.08
,jacket,Sports Equipment,1058.04,TRUE,30.93,4724.56
,shoes,Toys,1502.08,FALSE,46.46,529.21
,hat,Toys,2507.39,FALSE,63.69,2912.11
,hat,Sports Equipment,3931.04,FALSE,26.47,503.65
,watch,Electronics,4886.06,FALSE,54.48,144.49
,socks,Home Decor,2316.09,TRUE,30.16,2802.77
,belt,Electronics,4414.05,TRUE,4.17,2763.9
,socks,Sports Equipment,2903.97,FALSE,73.93,2401.33
,pants,Electronics,3432.91,FALSE,26.94,3555.36
,jacket,Electronics,2111.06,TRUE,78.25,3733.41
,scarf,Toys,1983.15,TRUE,22.05,1167.78
,watch,Home Decor,2365.65,FALSE,22.79,1926.84
,belt,Books,3942.2,FALSE,99.43,1670.92
,scarf,Clothing,4301.23,FALSE,16.89,3721.48
,belt,Books,3170.99,TRUE,63.62,3460.34
,socks,Clothing,229.49,TRUE,60.19,1436.75
,shoes,Electronics,1070.17,TRUE,81.62,3163.88
,belt,Electronics,4560.82,TRUE,80.1,4665.35
,watch,Toys,2059.67,TRUE,28.49,1355.82
,hat,Electronics,987.18,FALSE,8.5,853.62
,scarf,Sports Equipment,889.58,TRUE,75.23,482.77
,shoes,Sports Equipment,4124.05,FALSE,1.26,4082.74
,scarf,Books,2020.88,TRUE,92.44,129.23
,socks,Home Decor,4721.14,TRUE,83.49,564.55
,belt,Sports Equipment,4832.51,TRUE,50.22,1175.65
,shirt,Sports Equipment,3318.6,TRUE,23.67,4167.41
,shoes,Books,2912.89,TRUE,40.84,4799.77
,socks,Clothing,836.18,FALSE,40.6,3647.67
,shoes,Sports Equipment,3881.75,TRUE,66.61,3555.36
,scarf,Books,262.96,FALSE,48.8,3488.92
,hat,Books,3260.23,TRUE,89.48,3740.9
,jacket,Clothing,370.26,FALSE,64.44,2103.43
,hat,Home Decor,1607,TRUE,67.72,1461.06
,socks,Books,119.6,FALSE,5.52,2779.17
,watch,Home Decor,3117.39,FALSE,0.79,1811.72
,gloves,Electronics,1951.24,FALSE,74.91,2578.83
,scarf,Toys,1091.61,TRUE,97.02,4709.9
,jacket,Sports Equipment,1308.84,FALSE,58.25,3918.7
,belt,Books,4887.7,FALSE,97.58,1416.33
,jacket,Sports Equipment,2738.82,TRUE,2.65,4357.15
,jacket,Home Decor,3203.34,TRUE,87.11,3363.95
,jacket,Electronics,1288.47,TRUE,94.77,2555.86
,pants,Home Decor,982.83,FALSE,96.79,3629.39
,socks,Home Decor,3942.23,TRUE,35.23,2591.88
,shirt,Sports Equipment,3080.34,TRUE,84.14,2940.42
,pants,Sports Equipment,298.94,FALSE,80.74,3648.73
,gloves,Electronics,2567.09,TRUE,71.11,1809.15
,jacket,Books,1909.87,FALSE,34.26,575.07
,gloves,Electronics,87.79,TRUE,99.23,2629.79
,shoes,Home Decor,2741.24,TRUE,3.88,3794.48
,gloves,Toys,2239.27,TRUE,38.42,1576.35
,shoes,Toys,4964.59,TRUE,70.83,2462.27
,belt,Toys,3285.84,TRUE,37.17,2155.87
,scarf,Home Decor,253.83,FALSE,34.12,762.92
,gloves,Clothing,2515.22,TRUE,54.26,3635.99
,watch,Sports Equipment,1501.9,FALSE,60.32,1359.42
,scarf,Books,4309.8,TRUE,43.72,1643.65
,shirt,Home Decor,1956.96,FALSE,16.76,1997.2
,belt,Clothing,4578.03,TRUE,46.35,326.83
,watch,Sports Equipment,4687.84,FALSE,27.02,746.21
,watch,Home Decor,1385.15,FALSE,45.34,1703.72
,pants,Clothing,4735.3,FALSE,10.22,964.14
,socks,Electronics,908.13,FALSE,62.11,4462.2
,shoes,Toys,246.94,TRUE,62.5,543.82
,shoes,Home Decor,4509.43,TRUE,36.84,2197.07
,gloves,Clothing,3385.48,FALSE,35,3525.44
,jacket,Clothing,2408.73,TRUE,17.33,1565.06
,hat,Books,1846.05,FALSE,94.79,1513.5
,shirt,Electronics,1898.86,TRUE,97.65,3852.07
,belt,Clothing,4868.66,TRUE,22.48,2068.73
,jacket,Books,2334.92,FALSE,36.76,868.93
,watch,Electronics,2631.72,TRUE,24.88,2271.49
,shirt,Sports Equipment,37.36,FALSE,42.29,1088.89
,scarf,Books,2962.91,TRUE,40.77,4272.84
,jacket,Toys,3646.68,FALSE,88.88,3928.31
,gloves,Sports Equipment,3764.98,TRUE,86.16,1018.34
,belt,Electronics,798.82,FALSE,98.24,1552.85
,shoes,Clothing,944.61,FALSE,25.09,2368.71
,belt,Electronics,4679.51,TRUE,37.16,28.69
,pants,Toys,305.09,FALSE,5.76,2730.83
,socks,Home Decor,1530.89,TRUE,40.03,896.05
,watch,Clothing,2589.99,FALSE,49.51,3127.28
,jacket,Clothing,2899.78,FALSE,68.92,3043.13
,shirt,Sports Equipment,3491.32,TRUE,88.19,1972.61
,pants,Electronics,2063.6,FALSE,26.78,2418.17
,watch,Electronics,1727.47,TRUE,40.69,1157.63
,gloves,Electronics,646.23,FALSE,75.75,1105.86
,scarf,Sports Equipment,2863.75,TRUE,64.54,1138.26
,pants,Toys,217.46,TRUE,86.82,3649.29
,belt,Toys,4196.96,FALSE,34.57,4634.26
,watch,Toys,3977.76,FALSE,84.88,4257.63
,gloves,Clothing,2579.64,TRUE,71.23,4123.41
,hat,Home Decor,3673.55,FALSE,80.43,1226.63
,socks,Electronics,3498.28,FALSE,53.74,269.1
,shoes,Home Decor,4897.58,FALSE,34.79,3030.8
,pants,Electronics,2413.32,TRUE,72.85,3098.87
,scarf,Books,390.72,FALSE,61.4,3466.85
,gloves,Sports Equipment,513.84,FALSE,26.51,52.91
,hat,Books,2542.03,FALSE,23.53,3065.61
,scarf,Sports Equipment,157.1,TRUE,84.31,2349.52
,shoes,Sports Equipment,3911.32,FALSE,89.79,4504.65
,hat,Books,4076.86,TRUE,76.55,74.21
,belt,Home Decor,476.42,FALSE,72.83,2955.85
,scarf,Clothing,4498.99,TRUE,91.32,1234.98
,pants,Clothing,313.15,TRUE,31.34,1336.72
,gloves,Clothing,2289.51,FALSE,75.75,3007.92
,watch,Electronics,2565,FALSE,57.13,4135.44
,watch,Clothing,978.87,FALSE,68.25,3135.51
,socks,Electronics,4607.04,FALSE,79.39,3394.1
,scarf,Toys,2476.36,FALSE,85.32,4981.81
,jacket,Clothing,2572.66,TRUE,16.59,44.71
,belt,Sports Equipment,3063.28,TRUE,7.68,1222.79
,scarf,Home Decor,1331.96,FALSE,80.57,2818.32
,shoes,Electronics,575.08,FALSE,10.16,4226.64
,belt,Home Decor,569.84,TRUE,66.48,2871.93
,jacket,Clothing,4032.83,TRUE,34.34,230.12
,pants,Electronics,1649.86,FALSE,43.94,1564.2
,belt,Electronics,4311.33,FALSE,91.97,4231.06
,shoes,Home Decor,1355.27,FALSE,1.31,4088.43
,gloves,Electronics,2302.79,TRUE,45.8,1924.72
,watch,Books,865.45,FALSE,45.72,938.71
,socks,Sports Equipment,4657.92,TRUE,53.87,1790.78
,socks,Electronics,976.55,FALSE,59.45,2235.99
,shirt,Clothing,559.37,FALSE,25.82,3890.18
,shirt,Books,2331.35,FALSE,8.31,3228.23
,pants,Toys,4018.89,FALSE,32.97,2553.49
,hat,Home Decor,4896.13,FALSE,55.85,2236.32
,shoes,Sports Equipment,2717.29,TRUE,33.28,225.05
,shoes,Clothing,2890.54,TRUE,4.05,4730.74
,hat,Sports Equipment,4162.4,TRUE,76.68,3557.44
,pants,Toys,4740.81,FALSE,81.29,4652.27
,shoes,Home Decor,1157.83,TRUE,49.64,2000.11
,scarf,Books,1040.82,FALSE,69.23,3211.35
,watch,Toys,14.63,FALSE,10.16,246.38
,socks,Toys,373.41,FALSE,64.77,4583.93
,shirt,Electronics,3076.74,FALSE,30.96,494.22
,jacket,Sports Equipment,1370.71,FALSE,99.63,546.02
,belt,Books,2079.64,TRUE,14.07,448.91
,jacket,Sports Equipment,2877.41,FALSE,69.56,4292.62
,watch,Electronics,4083.5,FALSE,3.59,2509.22
,scarf,Clothing,1362.27,FALSE,36.01,1109.84
,socks,Sports Equipment,3085.39,FALSE,25.43,1544.75
,watch,Toys,2454.14,FALSE,35.94,3630.63
,belt,Books,880.1,TRUE,91.99,2569.35
,belt,Books,1491.19,FALSE,96.75,2657.34
,gloves,Clothing,209.48,FALSE,35.57,95.22
,hat,Electronics,95.77,FALSE,81.2,1948.35
,gloves,Electronics,3746.59,TRUE,40.74,1707.73
,socks,Electronics,1737.27,TRUE,83.33,4456.05
,belt,Home Decor,3446.96,TRUE,53.07,3752.97
,watch,Electronics,1744.51,FALSE,84.84,3595.06
,belt,Home Decor,3425.42,TRUE,21.1,1815.25
,gloves,Clothing,4601.15,TRUE,78.48,1473.18
,belt,Electronics,4012.3,FALSE,63.99,4693.09
,shoes,Sports Equipment,2719.04,TRUE,63.02,2825.15
,gloves,Clothing,3152.79,TRUE,50.87,4101.33
,belt,Toys,535.77,TRUE,71.99,1723.52
,hat,Sports Equipment,2726.92,FALSE,39.41,4918.25
,jacket,Clothing,2085.41,FALSE,25.95,3587.75
,socks,Toys,1373.23,FALSE,81.95,1752.95
,hat,Electronics,2524.85,FALSE,43.93,2680.24
,hat,Sports Equipment,3806.8,TRUE,25.42,1381.63
,watch,Home Decor,4012.15,TRUE,37.31,2022.56
,watch,Clothing,4267.47,FALSE,85.23,795.92
,hat,Electronics,2238.36,FALSE,75.38,679.32
,socks,Electronics,3309.99,FALSE,62.79,607.36
,belt,Home Decor,1433.03,FALSE,58.42,563.54
,hat,Sports Equipment,3996.41,FALSE,47.54,2061.91
,jacket,Clothing,442.81,TRUE,72.6,2332.29
,watch,Electronics,2311.98,FALSE,67.09,3857.56
,watch,Electronics,4654,TRUE,63.52,3159.02
,hat,Toys,2845.39,TRUE,77.85,1269.65
,jacket,Toys,3038.34,FALSE,21.16,3671.62
,watch,Sports Equipment,4875.51,TRUE,28.46,1798.53
,scarf,Electronics,1203,TRUE,76.01,4476.86
,watch,Toys,2666.01,FALSE,79.19,2717.9
,watch,Electronics,785.3,TRUE,53.36,360.73
,jacket,Clothing,4875.88,FALSE,29.18,4569.58
,shoes,Home Decor,2123.02,TRUE,61.03,2091.48
,shirt,Sports Equipment,3968.09,TRUE,5.84,2820.49
,pants,Toys,2422.01,FALSE,44.44,4710.1
,hat,Books,3927.36,TRUE,29.8,525.97
,shoes,Toys,3937.63,FALSE,95.47,3624.15
,hat,Clothing,679.88,FALSE,54.46,2360.22
,pants,Toys,4026.69,FALSE,68.77,3933.34
,shoes,Books,3449.96,FALSE,70.22,4865.35
,belt,Sports Equipment,237.53,TRUE,80.88,1774.72
,belt,Books,4643.43,FALSE,37.32,3066.65
,shirt,Home Decor,4370.19,TRUE,3.22,1730.71
,shoes,Electronics,2163.78,FALSE,93.95,2181.87
,socks,Toys,665.61,FALSE,81.65,139.38
,watch,Books,2952.13,TRUE,29.9,2755.55
,scarf,Clothing,2118.71,TRUE,59.07,4563.16
,watch,Books,1969.03,TRUE,70.17,568.89
,shoes,Sports Equipment,4908.13,TRUE,90.88,1141.21
,shoes,Clothing,1086.91,TRUE,68.75,941.55
,jacket,Toys,2251.41,FALSE,97.29,2056.81
,gloves,Home Decor,2661.55,TRUE,49.47,4085.83
,hat,Toys,3580.69,TRUE,12.37,2415.6
,gloves,Electronics,2716.89,TRUE,72.37,4177.21
,socks,Toys,4345.65,FALSE,16.22,2772.08
,watch,Sports Equipment,4810.95,TRUE,51.67,3231.71
,hat,Clothing,1173.57,TRUE,26.03,1488.84
,scarf,Electronics,3915.52,FALSE,7.23,4198.6
,watch,Electronics,847.3,FALSE,62.67,2631.13
,hat,Home Decor,3155.22,FALSE,11.54,4187.53
,socks,Sports Equipment,3026.31,TRUE,51.35,4094.13
,shoes,Toys,138.08,TRUE,60.55,2860.55
,pants,Electronics,2109.51,FALSE,78.51,3798.44
,socks,Clothing,1141.17,FALSE,23.45,1309.95
,scarf,Books,414.06,TRUE,9.74,4264.5
,scarf,Electronics,2233.51,FALSE,93.56,2359.7
,shoes,Electronics,2621.96,TRUE,48.36,2397.46
,watch,Books,4694.03,FALSE,60.65,4686
,hat,Sports Equipment,196.05,TRUE,83.97,3005.95
,hat,Clothing,428.64,TRUE,62.43,777.81
,shoes,Home Decor,738.3,TRUE,64.71,590.8
,hat,Home Decor,582.07,TRUE,72.64,2748.2
,gloves,Toys,1959.28,FALSE,19.34,3630.42
,watch,Home Decor,3808.94,TRUE,89.94,1790.31
,belt,Books,1136.62,FALSE,52.9,1165
,shirt,Home Decor,2471.47,TRUE,36.9,1608.44
,shoes,Toys,1433.29,FALSE,3.79,436.68
,jacket,Sports Equipment,1195.08,FALSE,41.97,2588.72
,shoes,Books,604.8,FALSE,46.62,32.28
,scarf,Clothing,1775.14,FALSE,96.59,627.79
,jacket,Books,3076.77,FALSE,65.84,2135.03
,watch,Toys,4640.42,FALSE,41.33,1041.73
,scarf,Clothing,2594.06,TRUE,24.8,625.81
,pants,Electronics,3368.54,FALSE,4.21,2107.6
,belt,Toys,4247.77,FALSE,91.23,3727.92
,gloves,Books,1158.86,TRUE,68.16,4272.97
,shirt,Sports Equipment,4912.07,TRUE,59.89,4540.89
,shirt,Clothing,3376.46,FALSE,0.69,3246.83
,scarf,Clothing,3238.87,TRUE,18.67,2005.39
,hat,Toys,388.67,TRUE,60.18,3269.71
,hat,Toys,2250.33,FALSE,12.63,1152.93
,pants,Clothing,2252.24,TRUE,35.24,4117.18
,jacket,Home Decor,4744.65,FALSE,29.71,4270.13
,shirt,Electronics,363.48,FALSE,0.15,967.93
,belt,Home Decor,124.7,FALSE,6.53,541.77
,socks,Home Decor,4143.24,FALSE,21.93,4279.6
,watch,Clothing,1309.29,FALSE,83.87,34.13
,shirt,Home Decor,3989.49,FALSE,5.31,4680.27
,socks,Electronics,2344.86,FALSE,54.07,4171.59
,scarf,Toys,4992.13,FALSE,14.69,4755.86
,belt,Books,2750.39,TRUE,43.75,772.19
,jacket,Electronics,3865.25,TRUE,59.37,1153.15
,gloves,Electronics,597.56,TRUE,47.12,4323.73
,shoes,Clothing,3940.64,FALSE,95.88,3015.94
,watch,Clothing,3005.99,FALSE,33.97,3855.47
,scarf,Clothing,2164.68,FALSE,94.94,162.19
,hat,Home Decor,1743.23,TRUE,25.08,1892.98
,shoes,Books,2338.87,FALSE,31.82,1375.35
,hat,Toys,3628.59,FALSE,89.14,838.36
,gloves,Toys,826.82,TRUE,75.99,3625.85
,pants,Electronics,3887.65,TRUE,67.31,2509.96
,shoes,Books,1071.92,FALSE,99.91,4739.05
,scarf,Home Decor,2609.39,TRUE,85.28,384.07
,socks,Home Decor,4680.43,TRUE,67.57,2397.92
,shoes,Clothing,2889.94,TRUE,25.56,4725.01
,socks,Books,1706.06,FALSE,36.02,1002.76
,jacket,Clothing,4585.86,FALSE,15.98,373.8
,belt,Books,1407.97,TRUE,61.64,2882.96
,gloves,Toys,2475.47,FALSE,58.58,1496.89
,hat,Toys,3969.06,FALSE,62.29,1839.84
,pants,Books,416.6,TRUE,21.97,3913.38
,belt,Sports Equipment,4786.18,FALSE,85.74,1134.1
,pants,Home Decor,4982.29,FALSE,0.96,4480.72
,socks,Books,4439.53,TRUE,16.23,108.67
,gloves,Toys,4362.3,TRUE,86.58,2074.23
,watch,Sports Equipment,4958.53,TRUE,84.13,2246.32
,scarf,Toys,662.89,TRUE,76.42,673.74
,hat,Sports Equipment,150.34,FALSE,11.16,4020.98
,belt,Clothing,1403.05,TRUE,92.94,1127.69
,socks,Electronics,3916.84,FALSE,99.17,3525.6
,belt,Toys,4179.17,TRUE,95.61,599.94
,gloves,Books,24.93,FALSE,2.57,1359.7
,watch,Clothing,2258.39,FALSE,0.43,124.08
,jacket,Home Decor,3202.55,FALSE,10.51,4606.14
,scarf,Electronics,2103.97,TRUE,87.1,1223.9
,pants,Sports Equipment,2095.17,TRUE,1.35,2815.83
,shoes,Sports Equipment,3230.19,TRUE,75.38,465.2
,jacket,Toys,501.04,FALSE,33.92,3768.83
,watch,Clothing,2519.27,FALSE,15.01,1371.95
,jacket,Books,4311.6,FALSE,39.23,4289.07
,shirt,Books,3968.69,TRUE,17.3,4961.06
,pants,Electronics,3482.64,TRUE,37.14,510.3
,gloves,Home Decor,3895.5,FALSE,88.36,4167.94
,pants,Home Decor,236.14,FALSE,82.44,826.53
,gloves,Sports Equipment,1875.88,FALSE,7.78,3480.16
,shirt,Clothing,1443.1,FALSE,32.53,765.53
,shoes,Home Decor,1105.34,FALSE,32.9,773.48
,shirt,Toys,2394.82,TRUE,6.27,2785.22
,socks,Toys,2416.58,FALSE,27.12,4078.18
,hat,Home Decor,3267.16,FALSE,19.93,3760.65
,jacket,Electronics,3025.92,TRUE,88.05,1927.23
,belt,Toys,2015.38,TRUE,56.41,4126.57
,pants,Clothing,3638.26,TRUE,15.4,4555.83
,hat,Toys,1607.8,FALSE,17.04,3482.5
,jacket,Clothing,4925.23,TRUE,78.82,1736.4
,hat,Clothing,3342.58,TRUE,31.39,3872.96
,hat,Clothing,2572.19,TRUE,60.44,1594.24
,scarf,Sports Equipment,2274.89,FALSE,16.81,3369.02
,gloves,Electronics,4237.34,TRUE,98.69,4839.59
,jacket,Sports Equipment,2643.1,FALSE,68.46,3084.17
,shoes,Electronics,765.3,TRUE,93.03,1855.86
,belt,Clothing,2003.86,TRUE,5.28,255.01
,jacket,Electronics,681.03,TRUE,76.34,2142.18
,jacket,Clothing,145.2,TRUE,33.19,2240.3
,watch,Books,3253.73,FALSE,26.61,2805.08
,shirt,Clothing,4354.54,TRUE,17.16,864.02
,jacket,Clothing,3306.56,FALSE,96.63,2296.4
,belt,Home Decor,4590.5,FALSE,97,49.45
,hat,Sports Equipment,4317.85,FALSE,6.04,1136.41
,socks,Clothing,2539.95,FALSE,87.9,3389.8
,shoes,Clothing,3403.31,FALSE,62.68,2740.78
,shirt,Sports Equipment,3332.19,TRUE,42.9,300.21
,pants,Clothing,3369.33,TRUE,60.45,3383.04
,gloves,Clothing,4701.82,TRUE,84.93,910.09
,socks,Toys,4946.54,FALSE,15.46,2935.9
,gloves,Home Decor,359.07,FALSE,89.14,2526.77
,pants,Books,2491.81,TRUE,10.02,3612.38
,watch,Home Decor,1340.73,FALSE,44.81,209.44
,hat,Toys,726.43,TRUE,78.4,4967.94
,hat,Electronics,1371.76,FALSE,74.96,3797.2
,pants,Sports Equipment,4488.03,TRUE,35.43,2258.97
,jacket,Clothing,2029.08,TRUE,40.93,3216.68
,gloves,Electronics,1762.55,FALSE,78.14,2427.91
,pants,Sports Equipment,2572.85,TRUE,48.13,1066.04
,belt,Home Decor,3402.95,FALSE,24.49,2617.6
,watch,Books,1149.05,TRUE,96.84,4550.61
,shoes,Electronics,1201.76,TRUE,97.09,692.7
,hat,Books,2887.66,TRUE,55.78,1551.94
,pants,Clothing,2669.19,TRUE,29.17,1329.23
,gloves,Books,2709.99,FALSE,30.18,48.5
,scarf,Electronics,4925.65,FALSE,50.14,2072.67
,shirt,Books,2607.34,FALSE,76.05,2007.39
,watch,Clothing,366.86,FALSE,45.92,4802.4
,belt,Sports Equipment,4029.63,FALSE,75.13,1199.54
,watch,Electronics,483.44,FALSE,43.96,2682.56
,socks,Sports Equipment,3634,FALSE,39.34,102.86
,belt,Books,1257.8,TRUE,7.75,1877.3
,socks,Electronics,583.71,TRUE,68.74,4258.14
,belt,Home Decor,756.3,FALSE,4.28,899.72
,belt,Home Decor,830.49,TRUE,78.34,1683.51
,watch,Sports Equipment,3801.61,FALSE,36.11,126.76
,jacket,Home Decor,1085.05,FALSE,16,503.19
,scarf,Toys,650.72,FALSE,50.43,2078.8
,shirt,Books,2574.63,TRUE,34.4,4248.76
,hat,Sports Equipment,68.11,FALSE,14.52,3198.2
,belt,Toys,1624.13,TRUE,90.83,1566.56
,belt,Electronics,311.44,FALSE,73.06,4820.87
,gloves,Toys,1857.39,FALSE,7.34,4354.95
,belt,Sports Equipment,4061.3,TRUE,99.33,3878.71
,belt,Home Decor,842.79,FALSE,86.09,553.13
,jacket,Clothing,4379.17,TRUE,97.24,1690.88
,jacket,Electronics,749.43,TRUE,92.83,3058.98
,hat,Toys,2316.03,TRUE,99.3,2165.52
,hat,Books,743.01,FALSE,27.78,1068.99
,scarf,Home Decor,3388.34,TRUE,19.53,651.74
,shoes,Toys,627.22,TRUE,22.31,3672.92
,shirt,Clothing,2040.09,FALSE,46.81,4650.41
,shirt,Sports Equipment,4541.67,FALSE,48.22,3208.83
,belt,Home Decor,3830,TRUE,2.05,105.76
,pants,Electronics,1421.68,TRUE,19.33,2573.43
,hat,Toys,3310.02,FALSE,48.41,2407.28
,shirt,Toys,3113.4,TRUE,34.36,4322.15
,hat,Electronics,3891.33,TRUE,55.17,3153.65
,pants,Toys,435.25,FALSE,93.9,2961.5
,gloves,Toys,2271.63,FALSE,29.8,442.42
,belt,Electronics,2064.35,TRUE,18.34,2313.41
,jacket,Toys,1163.48,FALSE,33.83,4462.59
,gloves,Sports Equipment,249.66,TRUE,61.29,3618.05
,hat,Books,1255.76,FALSE,63.52,1854.83
,gloves,Sports Equipment,4854.12,TRUE,23.25,2330.45
,socks,Sports Equipment,4629.6,TRUE,25.94,2551.78
,shoes,Sports Equipment,20.51,FALSE,30.18,4432.95
,scarf,Books,4761.16,FALSE,26.17,4970.98
,shoes,Electronics,1693.82,TRUE,97.45,973.7
,belt,Clothing,1433.29,FALSE,98.08,1857.61
,shirt,Sports Equipment,363.52,FALSE,41.26,2737.86
,pants,Clothing,1020.96,TRUE,61.32,4398.94
,watch,Electronics,1765.27,TRUE,67.64,444.61
,shirt,Sports Equipment,4663.15,TRUE,14.88,1239.83
,shirt,Books,4606.06,FALSE,44.01,2183.85
,scarf,Electronics,303.53,FALSE,39.35,3838.47
,jacket,Home Decor,4051.77,TRUE,1.58,2657.4
,shirt,Electronics,3468.2,TRUE,37.72,323.97
,shirt,Toys,444.81,TRUE,28.66,628.95
,watch,Toys,2344.17,TRUE,43.82,4963.11
,pants,Sports Equipment,3629.75,FALSE,57.04,4374.96
,watch,Sports Equipment,4681.57,FALSE,43.83,4471.54
,scarf,Clothing,249.03,TRUE,42.23,4249.87
,belt,Clothing,2091.72,TRUE,31.66,2648.04
,hat,Books,2973.47,FALSE,83.93,2283.65
,scarf,Clothing,2023.95,FALSE,94.75,2140.93
,gloves,Clothing,602.09,FALSE,77.06,4699.17
,hat,Toys,160.28,TRUE,72.03,1512.53
,jacket,Books,128.59,FALSE,91.9,1011.1
,shoes,Sports Equipment,3284.27,FALSE,96.12,1678.78
,belt,Clothing,1241,FALSE,76.99,4225.7
,shirt,Sports Equipment,2475.27,FALSE,58.44,4411.88
,gloves,Toys,4706.6,FALSE,35.8,3606.24
,scarf,Toys,4442.25,FALSE,38.16,3544.62
,jacket,Home Decor,704.22,TRUE,73.73,524.87
,jacket,Clothing,3982.8,FALSE,39.26,1917.06
,shirt,Home Decor,4898.01,TRUE,22.46,4545.84
,belt,Clothing,3921.77,FALSE,52.71,4444.88
,socks,Books,2301.88,FALSE,37.36,27.15
,scarf,Toys,3944.57,FALSE,17.16,4744.68
,shirt,Books,1215.37,FALSE,82.83,4667.29
,scarf,Toys,1547.89,TRUE,25.51,3233.28
,socks,Toys,2215.63,TRUE,27.52,853.84
,scarf,Electronics,715.48,TRUE,13.43,3152.94
,gloves,Electronics,4274.1,FALSE,5.27,3644.04
,gloves,Clothing,418.75,FALSE,91.28,1289.46
,hat,Clothing,1523.65,TRUE,9.43,394.49
,hat,Home Decor,3937.84,FALSE,10.63,1397.64
,shirt,Clothing,2102.77,FALSE,73.78,767.03
,pants,Toys,2166.24,FALSE,63.54,1204.72
,shirt,Electronics,2809.41,FALSE,55.14,3519.36
,shirt,Sports Equipment,4439.83,FALSE,43.27,1192.37
,shirt,Books,2573.66,FALSE,28.92,4113.56
,scarf,Books,2134.06,TRUE,7.85,2111
,hat,Clothing,1134.51,TRUE,61.83,861.78
,socks,Electronics,1258.17,TRUE,48.61,4931.06
,belt,Sports Equipment,1662.17,FALSE,60.38,2709.24
,belt,Electronics,3253.59,FALSE,29.18,2323.31
,pants,Sports Equipment,2819.8,FALSE,58.93,2359.12
,jacket,Home Decor,965.65,FALSE,90.92,2862.72
,pants,Electronics,1942.46,TRUE,1.91,4959.96
,pants,Toys,4647.3,TRUE,32.21,4360.46
,gloves,Electronics,1671.06,FALSE,41.04,1202.65
,pants,Books,1803.99,TRUE,37.9,3681.09
,belt,Sports Equipment,2879.57,FALSE,10.07,1746.42
,socks,Home Decor,2451.83,FALSE,89.04,3703.96
,pants,Books,4338.19,FALSE,85.34,1963.71
,belt,Books,1217.87,FALSE,74.44,3823.26
,gloves,Books,3047.38,TRUE,4.73,4975.39
,shoes,Home Decor,3381.13,TRUE,82.64,4249.96
,shirt,Books,4695.98,TRUE,17.86,3267.21
,socks,Home Decor,593.81,FALSE,82.13,4434.3
,hat,Toys,1611.12,TRUE,53.39,4461.07
,scarf,Clothing,1849.3,TRUE,57.01,3751.59
,scarf,Electronics,256.62,FALSE,51.46,1845.28
,shoes,Clothing,125.16,FALSE,80.16,4577.87
,belt,Clothing,1237.21,FALSE,38.23,461.76
,shirt,Sports Equipment,2975.47,FALSE,77.86,3581.56
,hat,Home Decor,1464.59,FALSE,91.26,355.36
,watch,Toys,4992.11,TRUE,40.97,2623.92
,watch,Toys,3666.23,TRUE,49.34,4399.8
,scarf,Home Decor,1460.84,TRUE,43.5,3242.73
,pants,Books,1502.69,FALSE,86.25,2198.23
,shirt,Clothing,4866.5,TRUE,12.86,607.93
,hat,Sports Equipment,1754.54,FALSE,67.54,3612.83
,scarf,Clothing,1932.65,TRUE,33.69,1104.01
,watch,Clothing,3382.17,TRUE,29.11,2262.19
,pants,Books,2133.94,TRUE,62.31,1548.81
,shirt,Clothing,4684.44,FALSE,50.07,4120.03
,hat,Home Decor,4621.37,FALSE,1.4,1617.28
,hat,Books,4668.91,TRUE,66.32,3127.76
,watch,Sports Equipment,3909.02,TRUE,10.58,4476.9
,jacket,Clothing,1429.16,FALSE,85.51,1339.04
,jacket,Sports Equipment,1270.53,FALSE,89.06,2592.22
,shirt,Toys,2825.73,TRUE,53.19,3705.76
,scarf,Books,3369.27,TRUE,53.16,1982.03
,socks,Home Decor,4385.61,FALSE,78.88,331.08
,watch,Books,1671.94,FALSE,89.39,3354.39
,hat,Books,3279.72,FALSE,69.03,4932.85
,hat,Electronics,1955.94,FALSE,20.09,4291.48
,shirt,Sports Equipment,102.3,TRUE,20.01,434.28
,hat,Sports Equipment,2974.23,FALSE,98.36,3805.77
,jacket,Electronics,1620.23,FALSE,93.93,446.9
,shoes,Clothing,2668.26,TRUE,86.18,1670.62
,shirt,Books,503.12,FALSE,47.16,303.63
,gloves,Clothing,963.47,TRUE,24.72,83.79
,shoes,Clothing,228.5,FALSE,40.95,3813.12
,shoes,Electronics,1437.33,FALSE,1.13,4255.04
,socks,Electronics,1272.29,TRUE,35.75,4997.51
,shirt,Home Decor,1454.13,TRUE,19.97,197.32
,gloves,Clothing,2657.43,TRUE,31.69,387.85
,shoes,Books,2743.98,TRUE,89.8,3145.87
,jacket,Home Decor,3733.22,TRUE,98.88,4172.94
,socks,Sports Equipment,4713.07,TRUE,4.24,50.28
,watch,Home Decor,2449.64,TRUE,46.02,2413.82
,shoes,Sports Equipment,2707.84,FALSE,86.35,1115.42
,gloves,Home Decor,3899.63,TRUE,24.65,1565.5
,jacket,Sports Equipment,4615.28,TRUE,88.85,301.42
,belt,Toys,2070.48,TRUE,28.7,3970.85
,socks,Books,1755.61,FALSE,71.57,754.69
,watch,Clothing,2558.31,TRUE,83.44,1161.56
,shirt,Toys,1833.41,FALSE,84.24,4114.37
,scarf,Clothing,3216.61,TRUE,52.96,2560.84
,pants,Home Decor,4609.64,FALSE,94.69,4295.96
,scarf,Home Decor,2265.79,FALSE,71.25,155.97
,belt,Sports Equipment,1919.78,FALSE,55.79,2829.66
,gloves,Books,3477.36,FALSE,7.71,2057.43
,shoes,Home Decor,4333.92,TRUE,35.69,84.26
,scarf,Books,2189.65,FALSE,85.42,4699.56
,scarf,Toys,2973.85,TRUE,24.77,4562.16
,socks,Home Decor,4889.11,TRUE,67.83,1887.98
,jacket,Toys,30.9,FALSE,70.22,4228.18
,gloves,Books,4808.81,TRUE,84.75,4366.51
,hat,Clothing,4839.42,FALSE,34.69,567.89
,hat,Clothing,151.32,TRUE,7.43,4929.77
,pants,Electronics,3096.38,TRUE,21.34,4044.62
,pants,Home Decor,4406.25,FALSE,92.85,543.85
,jacket,Clothing,892.9,FALSE,90.94,3609.6
,jacket,Books,66.33,TRUE,39.11,2302.62
,socks,Home Decor,296.39,FALSE,95.7,1761.11
,shirt,Books,3176.68,TRUE,67.26,3337.79
,watch,Electronics,4278.13,FALSE,24.22,3290
,gloves,Toys,4914.43,TRUE,27.18,3708.93
,belt,Clothing,3167.32,FALSE,56.31,297.46
,jacket,Electronics,4019.16,TRUE,21.4,307.57
,scarf,Home Decor,1969.46,TRUE,39.81,2144.95
,gloves,Toys,1143.38,FALSE,94.12,186.74
,gloves,Electronics,422.53,TRUE,13.65,1928.05
,belt,Electronics,320.17,TRUE,1.85,2488
,watch,Toys,138.36,TRUE,91.57,119.82
,watch,Home Decor,3931.59,FALSE,81.14,4790.98
,pants,Toys,1736.93,TRUE,98.83,4412.02
,shoes,Sports Equipment,491.85,FALSE,51.02,4467.91
,jacket,Clothing,4484.97,FALSE,7.34,3867.16
,socks,Sports Equipment,3075,TRUE,7.75,1554.68
,shoes,Clothing,2544.17,TRUE,60.78,4317.76
,scarf,Sports Equipment,2141.13,FALSE,63.69,3723.16
,scarf,Electronics,3428.65,FALSE,84.09,2134.39
,socks,Home Decor,2308.29,TRUE,62.5,445.19
,hat,Sports Equipment,4471.81,TRUE,85.92,1032.03
,scarf,Clothing,264.8,FALSE,12.35,3187.56
,shirt,Books,1772.66,FALSE,40.93,564.27
,watch,Toys,1810.33,FALSE,46.64,3880.36
,watch,Clothing,1241.73,FALSE,80.34,4304.88
,shirt,Electronics,781.58,FALSE,82.58,2311.32
,socks,Books,4363.32,TRUE,25.23,2329.22
,jacket,Clothing,2080.8,TRUE,49.99,2410.03
,scarf,Sports Equipment,4601.43,TRUE,46.23,568.77
,scarf,Sports Equipment,4029.2,FALSE,29.52,4418.51
,hat,Clothing,1919.76,FALSE,22.96,3369.29
,shirt,Sports Equipment,2867.43,FALSE,64.28,3984.04
,gloves,Electronics,1709.97,FALSE,73.13,1587.38
,jacket,Home Decor,3180.48,TRUE,6.95,3877.42
,gloves,Sports Equipment,495.13,FALSE,17.03,955.73
,belt,Toys,1719.29,FALSE,70.41,225.93
,pants,Electronics,2564.31,FALSE,57.23,4721.35
,belt,Toys,4661.29,TRUE,8.07,647.41
,belt,Toys,2403.58,FALSE,19.18,733.68
,belt,Toys,4386.22,TRUE,31.98,1037.29
,socks,Sports Equipment,3017.07,FALSE,26.77,2196.69
,jacket,Sports Equipment,667.31,FALSE,58.57,3700.2
,scarf,Books,2782.6,TRUE,63.12,4439.58
,pants,Electronics,1849.82,FALSE,62.52,934.41
,watch,Toys,2070.3,TRUE,52.71,1045.13
,socks,Books,1853.3,TRUE,32.38,22.87
,shoes,Clothing,2193.21,TRUE,83.87,2772.56
,hat,Electronics,1661.75,FALSE,78.11,1193.31
,hat,Toys,4421.04,FALSE,52.33,4761.85
,shoes,Home Decor,112.25,TRUE,40.21,4106.88
,pants,Sports Equipment,4970.46,FALSE,66.26,1482.2
,scarf,Clothing,4680.93,FALSE,68.44,2745.87
,jacket,Home Decor,2163.39,FALSE,84.52,3822.26
,scarf,Books,3895.72,TRUE,52.45,945.91
,belt,Clothing,1109.02,FALSE,94.7,1918.22
,watch,Home Decor,3556.04,FALSE,82.35,1192.23
,shoes,Clothing,4826.4,FALSE,15.52,849.73
,socks,Home Decor,4063.16,TRUE,43.59,235.2
,scarf,Electronics,1575.41,TRUE,2.75,2728.79
,hat,Sports Equipment,4299.33,FALSE,55.84,2357.12
,shoes,Sports Equipment,4716.79,TRUE,25.89,4453.18
,pants,Books,945.71,FALSE,95.87,1055.73
,scarf,Home Decor,124,FALSE,89.56,4992.11
,gloves,Sports Equipment,3425.05,FALSE,17.45,4303.87
,jacket,Home Decor,3927.19,TRUE,45.26,2691.1
,hat,Sports Equipment,4262.22,TRUE,3.33,3349.86
,shoes,Electronics,4328.29,FALSE,78.73,4084.87
,hat,Home Decor,1793.87,FALSE,13.85,4622.18
,belt,Electronics,945.02,FALSE,65.45,3844.71
,pants,Electronics,2834.82,TRUE,19.3,4109.23
,hat,Toys,2713.31,FALSE,50.42,508.1
,shirt,Toys,3391.41,TRUE,96.88,4043.17
,hat,Toys,3626.45,FALSE,44.53,2777.92
,hat,Electronics,562.68,FALSE,30.15,1453.98
,pants,Electronics,4063.27,FALSE,6.69,19.43
,pants,Home Decor,2746.52,TRUE,84.04,2090.52
,belt,Clothing,235.19,TRUE,69.16,697.55
,watch,Home Decor,1534.76,FALSE,14.96,4713.99
,shirt,Sports Equipment,3957.17,TRUE,63.32,4555.96
,jacket,Home Decor,2052.33,FALSE,89.62,3737.16
,hat,Sports Equipment,4226.16,TRUE,31.27,3430.41
,socks,Home Decor,2810.1,TRUE,47.68,3207.29
,watch,Clothing,4539.77,FALSE,5.52,2977.7
,jacket,Sports Equipment,2768.16,TRUE,53.46,3189.82
,hat,Sports Equipment,4945.55,TRUE,0.98,4238.68
,gloves,Toys,2017.15,TRUE,14.16,4685.4
,shirt,Toys,4115.81,FALSE,38.3,2144.5
,hat,Books,4916.02,FALSE,66.84,4405.13
,gloves,Sports Equipment,3466.9,TRUE,34.63,2201.69
,scarf,Home Decor,3962.32,FALSE,92.71,3260.45
,gloves,Clothing,3174.44,FALSE,71.4,1436.95
,gloves,Home Decor,4409.36,TRUE,99.37,222.52
,scarf,Electronics,3797.42,FALSE,3.41,1524.48
,hat,Electronics,3550.91,TRUE,57.34,424.93
,shoes,Electronics,67.75,TRUE,34.78,4613.3
,jacket,Clothing,320.46,FALSE,90.21,1758.89
,pants,Toys,189.67,FALSE,85.36,4330.21
,socks,Electronics,4209.71,TRUE,45.43,3185.44
,belt,Home Decor,2408.39,FALSE,21.61,2580.09
,shirt,Toys,2908.83,FALSE,52.07,1711.11
,pants,Electronics,3712.03,TRUE,98.99,2304.07
,watch,Toys,543.94,TRUE,89.73,4803.86
,watch,Sports Equipment,595.76,FALSE,15.46,1199.55
,shirt,Home Decor,3360.85,TRUE,73.94,3097.24
,watch,Home Decor,3186.67,TRUE,48.05,4124.05
,belt,Home Decor,2130.57,FALSE,40,140.22
,gloves,Clothing,4130.06,FALSE,77.53,3835.17
,watch,Electronics,4044.76,TRUE,92.83,4932.34
,jacket,Electronics,3845.14,FALSE,51.06,3691.95
,watch,Books,256.33,FALSE,70.39,2358.79
,belt,Books,1966.6,TRUE,64.49,3691.31
,shirt,Electronics,1058.26,TRUE,78.85,2095.01
,jacket,Books,2111.55,FALSE,23.71,3864.69
,belt,Toys,3549.98,FALSE,66.57,1231.16
,shirt,Toys,780.3,TRUE,92.31,2115.67
,belt,Sports Equipment,4039.66,FALSE,2.17,3281.58
,shoes,Books,3606.23,FALSE,33.72,4980.35
,socks,Books,2199.33,TRUE,8.65,2215.85
,belt,Toys,3104.32,TRUE,4.3,3830.74
,scarf,Books,2460.09,TRUE,83.36,28.72
,watch,Sports Equipment,4976.26,TRUE,40.57,1905.52
,shoes,Clothing,1190.84,TRUE,86.45,599.16
,gloves,Electronics,3253.74,FALSE,96.43,1146.29
,watch,Electronics,4988.67,FALSE,47.05,1408.46
,gloves,Home Decor,1221.16,TRUE,99.35,4042.81
,pants,Home Decor,3327.35,TRUE,19.54,4883.41
,shirt,Electronics,2849.85,TRUE,97.74,1135.25
,watch,Clothing,4557.39,FALSE,10.44,1387.65
,watch,Sports Equipment,4593.71,TRUE,57.75,291.01
,shoes,Home Decor,2487.73,TRUE,42.08,4688.75
,hat,Clothing,1689.59,FALSE,69.57,2720.99
,belt,Home Decor,1304.77,TRUE,67.77,1182.79
,jacket,Clothing,3178.82,FALSE,98.86,1166.07
,watch,Books,4319.51,TRUE,70.57,1414.99
,belt,Clothing,3720.92,TRUE,36.72,2225.85
,scarf,Toys,2638,FALSE,22.38,3074.24
,hat,Toys,4440.34,FALSE,88.39,3003.85
,gloves,Toys,2673.2,FALSE,93.05,835.01
,shoes,Books,3231.24,FALSE,65.53,4068.65
,belt,Toys,130.34,FALSE,4.92,4555.25
,socks,Electronics,4671.21,FALSE,44.05,2468.12
,shirt,Electronics,2046.92,TRUE,30.71,1863.5
,shoes,Toys,2473.1,TRUE,77.44,2472.32
,shoes,Sports Equipment,744.22,TRUE,78.1,1598.97
,belt,Electronics,2955.13,TRUE,59.91,1822.05
,shoes,Home Decor,1849.5,FALSE,31.21,1913.61
,belt,Toys,906.92,FALSE,47.05,3566.83
,socks,Books,2003.13,TRUE,75.29,3245.07
,hat,Books,2438.84,FALSE,71.39,863.74
,pants,Home Decor,1936.02,FALSE,62.63,1601.62
,pants,Books,1672.63,TRUE,44.66,2378.31
,socks,Clothing,1248.03,TRUE,64.19,3094.57
,pants,Clothing,4620.37,FALSE,82.84,4157.17
,scarf,Electronics,934.03,FALSE,54.46,4437.84
,socks,Books,262.57,TRUE,68.1,2421.5
,socks,Books,3624.8,FALSE,58.23,1255.28
,watch,Home Decor,3976.46,FALSE,83.11,2012.45
,hat,Books,86.42,TRUE,21.3,2617.1
,pants,Home Decor,2631.37,FALSE,67.88,1120.91
,socks,Books,2351.94,FALSE,18.23,2304.42
,watch,Clothing,1949.27,TRUE,97.03,2740.46
,socks,Books,2557.78,FALSE,66.68,1788.46
,jacket,Home Decor,3987.6,TRUE,0.19,4075.34
,shoes,Sports Equipment,790.98,TRUE,64.28,2479.72
,jacket,Clothing,156.78,TRUE,17.55,2952.37
,gloves,Clothing,2225.54,TRUE,51.19,3676.1
,watch,Electronics,3544.35,TRUE,45.39,916.59
,gloves,Toys,4296.57,TRUE,35.04,4251.46
,scarf,Toys,856.79,TRUE,58.03,3687.15
,scarf,Clothing,2076.22,FALSE,91.69,860.71
,socks,Toys,2242.16,FALSE,86.97,2966.65
,socks,Books,2776.48,TRUE,26.67,4257.81
,gloves,Electronics,3015.79,TRUE,13.58,4802.19
,shoes,Books,446.91,FALSE,16.69,1605.5
,hat,Electronics,2113.55,FALSE,27.55,2674.96
,watch,Electronics,2394.38,TRUE,18.29,1130.72
,scarf,Toys,2799.21,FALSE,10.54,877.67
,shoes,Sports Equipment,1676.99,TRUE,83.17,1500.15
,scarf,Toys,1394.27,TRUE,51.17,3975.97
,shoes,Books,2627.53,TRUE,47.86,873.79
,hat,Clothing,1532.39,TRUE,71.17,1339.27
,watch,Toys,2137.57,FALSE,70.65,1988.13
,belt,Toys,1933.39,FALSE,81.82,4154.72
,scarf,Home Decor,2556.07,TRUE,23.85,1017.27
,scarf,Books,3529.66,FALSE,64.1,124.86
,belt,Toys,1112.46,TRUE,48.53,4746.21
,pants,Clothing,318.3,FALSE,79.91,2214.57
,jacket,Toys,62.63,FALSE,79.4,1188.5
,gloves,Books,2465.63,FALSE,14.98,3312.18
,shoes,Books,2759.11,TRUE,39.58,2993.16
,scarf,Home Decor,1070.69,TRUE,0.68,3151.57
,scarf,Electronics,4638.97,FALSE,79.61,2115.52
,scarf,Electronics,4958.22,TRUE,26.47,2543.7
,gloves,Home Decor,2394.37,FALSE,83.6,1737.57
,watch,Books,1098.23,TRUE,42.12,2194.62
,belt,Books,649.65,FALSE,63.89,4848.73
,scarf,Home Decor,4895.14,FALSE,18.61,3569.37
,socks,Books,292.35,FALSE,45.37,1329.86
,pants,Toys,2223.22,TRUE,83.25,2604.77
,scarf,Electronics,880.26,TRUE,22.52,2429.08
,belt,Home Decor,3531.69,FALSE,0.7,1591.12
,shirt,Electronics,2166.7,TRUE,49.78,3614.24
,shirt,Sports Equipment,3217.63,FALSE,74.48,147.42
,socks,Clothing,4386.54,FALSE,25.14,1887.97
,shoes,Toys,2302.44,FALSE,53.66,131.57
,scarf,Toys,4987.56,TRUE,47.61,1684.57
,scarf,Books,4926.19,FALSE,26.16,2711.04
,socks,Clothing,4171.64,FALSE,5.01,2310.5
,gloves,Home Decor,3219.74,FALSE,2.88,136.17
,scarf,Electronics,2530.35,FALSE,92.76,2622.34
,jacket,Clothing,1174.11,FALSE,20.55,3387.63
,belt,Home Decor,1305.58,FALSE,10.11,4121.87
,watch,Toys,4502.66,TRUE,40.56,2649.25
,watch,Toys,2154.83,FALSE,87.3,2129.04
,shoes,Toys,1863.32,TRUE,77.22,3654.91
,gloves,Sports Equipment,4856.89,TRUE,83.58,751.51
,pants,Electronics,1327.01,TRUE,57.54,629.21
,watch,Home Decor,1913.83,TRUE,30.54,2851.41
,gloves,Clothing,186.28,TRUE,65.59,2638.08
,gloves,Books,3147.58,TRUE,41.66,1528.76
,socks,Sports Equipment,1903.44,FALSE,38.57,1373.94
,watch,Home Decor,581.85,TRUE,26.5,2341.24
,scarf,Clothing,2765.64,FALSE,17.52,2615.47
,hat,Sports Equipment,697.25,FALSE,89.7,1607.71
,watch,Sports Equipment,1263.45,FALSE,29.23,4107.01
,watch,Clothing,2619.87,TRUE,47.31,1358.26
,jacket,Toys,1460.04,FALSE,71.54,229.24
,watch,Sports Equipment,4997.55,FALSE,41.88,2967.93
,watch,Sports Equipment,2887.37,FALSE,20.99,4612.61
,watch,Home Decor,1112.08,FALSE,7.36,2389.13
,jacket,Toys,3244.67,TRUE,42.61,2723.85
,hat,Books,2061.22,FALSE,48.11,1337.86
,belt,Toys,3682.61,FALSE,96.29,2393.44
,jacket,Clothing,4790.12,FALSE,69.71,286.92
,hat,Sports Equipment,243.66,FALSE,93.16,552.81
,shirt,Clothing,1771.67,FALSE,90.53,1134.08
,shirt,Home Decor,3542.37,TRUE,3.39,285.06
,gloves,Home Decor,2412.28,TRUE,82.57,758.61
,hat,Books,3509.16,TRUE,71.13,2923
,jacket,Toys,3953.63,FALSE,25.69,3590.47
,shoes,Clothing,1300.19,TRUE,67.94,2251.06
,belt,Toys,3145.61,TRUE,95.02,2340.47
,belt,Sports Equipment,606.62,FALSE,82.26,4961.52
,shoes,Home Decor,2915.96,FALSE,90.34,2540.11
,gloves,Electronics,2840.16,FALSE,95.95,1346.53
,belt,Electronics,324.86,FALSE,35.62,1132.19
,watch,Home Decor,1559.38,TRUE,97.24,2342.96
,gloves,Sports Equipment,2308.48,TRUE,99.99,1043.63
,socks,Home Decor,3306.4,TRUE,57.97,455.47
,shirt,Books,1562.5,TRUE,90.33,152.53
,jacket,Books,530.95,FALSE,85.27,344.45
,jacket,Electronics,983.73,TRUE,94.02,3386.73
,hat,Electronics,2601.11,TRUE,1.93,4420.38
,shirt,Clothing,3897.63,TRUE,14.7,1043.95
,belt,Toys,1316.56,FALSE,15.57,149.64
,socks,Home Decor,201.52,TRUE,8.26,2317.6
,hat,Sports Equipment,1588.5,FALSE,44.33,2016.05
,jacket,Sports Equipment,4776.54,TRUE,92.38,3959.02
,watch,Toys,4220.26,FALSE,3.35,3809.12
,belt,Books,3829.4,TRUE,21.67,3662.6
,pants,Electronics,4763.69,TRUE,1.74,3865.57
,shirt,Electronics,1124.58,TRUE,57.96,2243.41
,shoes,Sports Equipment,2916.25,FALSE,13.01,3818.03
,socks,Clothing,4119.96,TRUE,98.28,1992.32
,hat,Toys,3161.57,TRUE,53.22,1381.42
,scarf,Books,3137.3,FALSE,98.83,2859.87
,socks,Books,940.52,FALSE,73.64,1268.12
,watch,Home Decor,4308.22,FALSE,81.4,1450.21
,gloves,Electronics,4971.22,FALSE,87.66,111.92
,watch,Home Decor,885.14,TRUE,77.09,1821.02
,hat,Electronics,4933.08,FALSE,48.43,1368.6
,belt,Toys,3310.17,FALSE,51.95,4352.49
,socks,Clothing,4255.1,FALSE,66.24,4900.25
,hat,Clothing,2389.68,TRUE,26.28,903.39
,scarf,Home Decor,2805.88,TRUE,81.36,1303.66
,scarf,Sports Equipment,2629.4,FALSE,30.9,244.23
,gloves,Home Decor,3974.17,FALSE,71.24,1758.44
,jacket,Sports Equipment,2302.61,FALSE,68.78,210.08
,hat,Books,3827.13,TRUE,74.65,1536.27
,belt,Books,2262.44,TRUE,62.88,3529.63
,scarf,Books,4125.98,TRUE,16.36,596.1
,pants,Clothing,2930.36,FALSE,47.94,4413.21
,scarf,Clothing,2103.06,TRUE,28.16,1589.72
,pants,Toys,3229.8,TRUE,21.22,4964.06
,socks,Clothing,120,FALSE,83.8,1121.9
,jacket,Clothing,4880.44,TRUE,7.76,2343.95
,watch,Toys,4883.87,FALSE,83.74,4392.36
,shoes,Toys,3237.53,FALSE,94.17,3215.69
,jacket,Clothing,1919.79,FALSE,39.25,4072.68
,gloves,Sports Equipment,3387.74,FALSE,19.46,4288.2
,shirt,Sports Equipment,2138.71,FALSE,75.54,716.79
,scarf,Home Decor,3923.1,TRUE,84.47,4846.33
,jacket,Toys,2142.2,FALSE,3.8,4560.37
,belt,Electronics,4450.07,TRUE,67.64,4682.59
,scarf,Books,1395.19,FALSE,28.06,1713.35
,socks,Clothing,540.1,TRUE,19.86,4949.64
,belt,Toys,2424.85,TRUE,71.3,2225.44
,scarf,Clothing,609.86,TRUE,47.78,4926.4
,hat,Books,186.69,FALSE,57.29,3041.62
,jacket,Home Decor,2317.13,TRUE,57.55,1774.46
,scarf,Books,2566.17,FALSE,95.02,3132.55
,watch,Clothing,1536.44,FALSE,50.15,156.87
,scarf,Electronics,3587.09,FALSE,31.82,3224.39
,pants,Electronics,2193.16,FALSE,20.85,3680.82
,socks,Electronics,128.68,TRUE,62.69,283.49
,scarf,Clothing,4961.73,FALSE,62.68,4521.31
,watch,Home Decor,2331.6,FALSE,67.87,4599.73
,watch,Clothing,4457.26,TRUE,99.66,2115.22
,socks,Books,518.93,FALSE,8.32,4108.95
,hat,Sports Equipment,389.47,TRUE,82.68,2653.25
,watch,Home Decor,4001.79,FALSE,85.8,1191.68
,pants,Electronics,3852.45,FALSE,46.78,1507.14
,gloves,Home Decor,1158.62,TRUE,22.93,3149.91
,hat,Books,2910.76,TRUE,36.34,1096.62
,shoes,Toys,3462.83,TRUE,3.28,3885.96
,pants,Clothing,3923.66,TRUE,29.66,3858.49
,pants,Sports Equipment,4882.86,TRUE,31.57,4730.29
,shirt,Toys,626.65,TRUE,47.79,4444.36
,socks,Books,2646.58,FALSE,99.54,1050.08
,shoes,Clothing,2457.01,FALSE,94.54,650.31
,belt,Sports Equipment,4220.32,FALSE,90.86,2089.78
,socks,Sports Equipment,2929.3,FALSE,18.52,1050.8
,hat,Home Decor,4374.21,FALSE,99.38,715.34
,gloves,Electronics,1454.19,FALSE,91.45,4216.78
,shirt,Books,1197.39,TRUE,48.77,1559.9
,gloves,Electronics,3956.31,FALSE,14.27,4825.1
,hat,Clothing,844.14,FALSE,86.87,1239.23
,hat,Books,320.29,TRUE,41.29,216.93
,socks,Books,4027.53,TRUE,23.52,4993.09
,belt,Home Decor,1481.99,TRUE,74.22,3334.37
,gloves,Books,1223.36,TRUE,57.95,1522.91
,jacket,Sports Equipment,2278.01,TRUE,90.97,211.62
,belt,Sports Equipment,965.84,TRUE,77.1,135.72
,hat,Electronics,3037.77,TRUE,36.26,2159.24
,socks,Toys,2608.45,FALSE,80.15,1775.93
,watch,Home Decor,2768.46,FALSE,25.12,4354.63
,scarf,Electronics,2994.9,TRUE,41.16,1038.12
,shoes,Books,2072.94,FALSE,54.88,2450.13
,pants,Toys,3780.56,FALSE,37.16,270.1
,scarf,Sports Equipment,256.18,FALSE,34.98,687.28
,belt,Sports Equipment,1152.84,TRUE,58.4,2493.63
,shirt,Sports Equipment,4490.35,TRUE,39.76,4977.13
,socks,Toys,3891.97,TRUE,27.42,2095.03
,socks,Sports Equipment,4794.83,FALSE,68.63,3277.36
,shoes,Electronics,3323.31,TRUE,2.49,3601.76
,belt,Home Decor,2429.53,TRUE,35.56,4911.37
,gloves,Books,1674.39,FALSE,56.38,2544.13
,belt,Clothing,1970.52,FALSE,76.3,475.88
,shoes,Home Decor,1080.75,TRUE,25.05,2952.2
,scarf,Clothing,333.3,FALSE,84.06,1650.53
,scarf,Books,2527.56,TRUE,4.8,869.16
,hat,Sports Equipment,2941.91,TRUE,78.94,1036.14
,jacket,Toys,4395.16,FALSE,81.39,4487.15
,pants,Home Decor,2585.64,FALSE,52.27,119.63
,gloves,Sports Equipment,4810.88,FALSE,75.1,405.56
,jacket,Books,1561.49,FALSE,93.09,2326.01
,pants,Books,1857.04,TRUE,89.6,2529.32
,shirt,Toys,4890.74,FALSE,45.13,3290.65
,gloves,Home Decor,4849.57,TRUE,2.24,2354.31
,pants,Electronics,2269.56,TRUE,48.06,4060.34
,shoes,Home Decor,1040.35,FALSE,40.33,1052.54
,hat,Electronics,2772.62,TRUE,89.25,4313.9
,scarf,Home Decor,572.65,FALSE,12.23,3092.43
,hat,Home Decor,1564.53,TRUE,13.17,3531.72
,pants,Toys,1305.02,FALSE,86.02,1861.32
,shoes,Toys,1491.62,TRUE,70.35,4833.59
,scarf,Clothing,3307.32,TRUE,77.17,2019.55
,shirt,Home Decor,3266.93,FALSE,29.78,2654.61
,hat,Home Decor,2206.69,FALSE,36.75,1662.1
,shoes,Clothing,1427.41,TRUE,44.41,4344.4
,socks,Toys,2552.23,FALSE,78.59,2142.91
,gloves,Books,957.57,FALSE,45.29,3832.31
,watch,Electronics,850.47,FALSE,61.58,3463.28
,scarf,Electronics,4229.6,FALSE,24.1,152.86
,socks,Toys,3245.15,TRUE,83.11,1366.75
,hat,Books,1128.68,TRUE,75.82,1818.74
,jacket,Clothing,1023,TRUE,8.03,3149.86
,hat,Books,1004.34,FALSE,18.59,4884.7
,socks,Home Decor,4309.25,FALSE,12.86,823.88
,belt,Electronics,2787.91,FALSE,29.57,1150.57
,shoes,Sports Equipment,2499,TRUE,15,3349.76
,belt,Sports Equipment,327.77,TRUE,0.06,3811.64
,socks,Home Decor,648.09,FALSE,34.3,2142.97
,jacket,Sports Equipment,2230.8,FALSE,42.09,2854.55
,jacket,Toys,2561.6,TRUE,14.68,2207.81
,hat,Toys,1528.59,FALSE,38,3207.28
,hat,Home Decor,1280.87,TRUE,99.4,1451.64
,jacket,Electronics,1289.91,TRUE,93.3,3719.25
,socks,Toys,2124.73,TRUE,93.32,683.11
,belt,Toys,3541.5,TRUE,85.46,39.66
,socks,Clothing,2598.75,FALSE,78.69,529.71
,pants,Clothing,2222.44,FALSE,38.55,371.67
,jacket,Toys,4669.42,FALSE,85.26,2384.95
,watch,Sports Equipment,1542.58,TRUE,66.24,840.87
,watch,Clothing,4911.59,FALSE,68.14,1176.52
,socks,Sports Equipment,3564.4,FALSE,26.48,2884.02
,gloves,Sports Equipment,4219.34,FALSE,25.68,1035.57
,jacket,Toys,3011.51,FALSE,80.38,3908.25
,gloves,Home Decor,1125.49,FALSE,31.81,3098.03
,jacket,Toys,4231.68,FALSE,13.37,4497.4
,gloves,Toys,2974.46,TRUE,94.54,965.41
,shoes,Toys,3025.5,FALSE,15.64,3556.99
,belt,Electronics,1858.02,TRUE,5.22,1146.09
,hat,Sports Equipment,2585.25,TRUE,99.25,1698.87
,scarf,Home Decor,2.64,FALSE,58.84,4779.22
,gloves,Clothing,1927.08,FALSE,32.14,1882.53
,scarf,Home Decor,2271.34,TRUE,20.61,3708.9
,hat,Electronics,4343.51,TRUE,47.23,3285.44
,pants,Sports Equipment,466.62,FALSE,5.15,1492.1
,pants,Clothing,229.26,FALSE,70,1386.86
,shirt,Toys,2947.2,TRUE,96.19,1285.58
,shirt,Sports Equipment,3457.99,TRUE,59.94,529.95
,pants,Books,301.72,TRUE,12.7,2480.45
,belt,Sports Equipment,2893.37,FALSE,33.89,4412.67
,shirt,Sports Equipment,2716.63,FALSE,23.77,1193.63
,hat,Sports Equipment,818.3,TRUE,23.6,4141.63
,shoes,Home Decor,3083.54,FALSE,88.38,1649.28
,jacket,Toys,2900.23,TRUE,31.72,4026.2
,hat,Home Decor,3751.61,TRUE,82.98,60.73
,shoes,Home Decor,3709.65,FALSE,54.38,169.3
,watch,Sports Equipment,298.07,TRUE,91.82,187.79
,gloves,Toys,1067.81,TRUE,14.81,3939.33
,belt,Clothing,2095.62,TRUE,12.67,3180.36
,pants,Sports Equipment,4449.83,TRUE,23.6,322.66
,pants,Sports Equipment,3351.75,TRUE,68.34,3496.66
,gloves,Books,1529.14,TRUE,30.22,3057.12
,gloves,Home Decor,1858.15,TRUE,51.91,535.28
,jacket,Electronics,4925.34,TRUE,39.24,1353.32
,gloves,Sports Equipment,1842.3,FALSE,49.88,1101.91
,shirt,Toys,4219.77,FALSE,13.81,4856.44
,gloves,Clothing,2269.77,TRUE,88.83,1981.47
,jacket,Home Decor,4682.5,TRUE,50.2,4154.27
,pants,Sports Equipment,2693.23,TRUE,3.73,1907.81
,pants,Toys,71.85,TRUE,12.45,2477.37
,shoes,Clothing,932.55,FALSE,42.12,128.8
,pants,Electronics,3186.84,FALSE,95.41,2657.62
,socks,Toys,3228.11,TRUE,39.01,4523.1
,jacket,Clothing,4994.7,FALSE,63.98,3275.43
,shirt,Books,2335.4,TRUE,28.34,2227.09
,shoes,Sports Equipment,4802.04,TRUE,42.42,541.79
,shirt,Clothing,3015.47,TRUE,52.77,4655.24
,scarf,Books,3824.04,TRUE,77,1267.12
,belt,Clothing,784.31,TRUE,73.14,793.75
,socks,Electronics,1081.05,TRUE,87.5,3556.55
,hat,Books,4304.1,FALSE,74.92,104.77
,scarf,Home Decor,4635.38,TRUE,41.9,840.18
,gloves,Clothing,4242.65,TRUE,92.9,3669.39
,socks,Electronics,4984.43,TRUE,77.75,920.93
,shoes,Toys,1401.4,FALSE,77.02,3213.79
,jacket,Home Decor,4941.73,FALSE,50.03,3138.13
,shoes,Electronics,439.36,TRUE,88.52,4572.85
,pants,Books,1424.54,FALSE,15.23,1380.58
,watch,Home Decor,707.24,FALSE,41.97,3786.56
,pants,Home Decor,3868.58,FALSE,9.1,900.04
,hat,Toys,1660.65,TRUE,63.03,3844.72
,gloves,Clothing,2384.54,TRUE,99.53,402.59
,socks,Home Decor,480.31,TRUE,33.62,4012.63
,socks,Home Decor,1487.75,TRUE,87.87,3896.46
,shirt,Home Decor,2634.48,FALSE,51.21,1793.6
,watch,Sports Equipment,1571.4,TRUE,29.6,137.19
,hat,Toys,3786.83,TRUE,16.2,275.65
,jacket,Toys,3513.59,FALSE,25.95,4676.6
,watch,Toys,583.31,TRUE,94.65,4967.34
,watch,Clothing,100.04,FALSE,54.66,1245.78
,belt,Electronics,1099.09,FALSE,18.97,3483.99
,shirt,Books,4201.04,TRUE,74.36,1483.72
,watch,Sports Equipment,2687.91,FALSE,26,2663.83
,belt,Electronics,2296.66,FALSE,89.78,913.22
,pants,Home Decor,3336.44,TRUE,61.96,2305.48
,hat,Toys,6.62,TRUE,64.3,242.21
,shirt,Home Decor,2701.5,TRUE,22.53,4090.46
,shirt,Toys,345.31,TRUE,18.89,978.07
,watch,Books,3652.78,FALSE,27.07,4187.55
,hat,Home Decor,1342.76,TRUE,37.55,4697.18
,belt,Toys,762.03,TRUE,80.2,1897.78
,shoes,Books,3897.67,FALSE,79.81,1632.65
,scarf,Clothing,2498.62,TRUE,48.48,4329.16
,shirt,Books,2947.73,TRUE,83.1,2632.63
,watch,Clothing,4502.68,TRUE,25.92,732.04
,watch,Electronics,1573.52,FALSE,1.12,3078.83
,jacket,Clothing,753.19,TRUE,3.92,1815.75
,shoes,Home Decor,2828.86,FALSE,67.42,2010.63
,shoes,Clothing,2752.49,TRUE,20.57,1745.74
,shirt,Toys,965.35,FALSE,9.05,1322.27
,socks,Sports Equipment,772.22,TRUE,71.49,796.44
,hat,Sports Equipment,2143.16,TRUE,69.26,3774.5
,scarf,Home Decor,2440.78,TRUE,24.71,4886.22
,scarf,Books,4604.55,FALSE,86.85,4019.82
,shoes,Toys,403.8,FALSE,12.34,4915.08
,gloves,Electronics,4542.44,TRUE,94.44,1267.02
,socks,Electronics,3153.16,FALSE,55.52,2982.08
,watch,Books,261.24,FALSE,75.88,2845.87
,belt,Toys,1970.92,FALSE,52.1,4399.22
,jacket,Electronics,1255.18,TRUE,11.83,4511.91
,socks,Home Decor,3308.52,TRUE,35.43,1473.26
,gloves,Clothing,4872.95,FALSE,24.03,4226
,shoes,Books,718.36,TRUE,67.98,4726.74
,jacket,Clothing,4404.5,TRUE,80.69,3650.64
,shirt,Books,614.08,TRUE,65.5,4614.8
,shirt,Toys,3644.06,TRUE,19.92,3939.73
,shoes,Sports Equipment,3017.1,TRUE,54.65,1590.08
,shoes,Home Decor,3326.54,TRUE,85.78,4658.59
,shoes,Electronics,2923.21,TRUE,89.41,4430.66
,shoes,Clothing,3045.67,FALSE,3.27,2235.85
,scarf,Sports Equipment,4823.78,FALSE,16.42,1513.44
,shoes,Clothing,4566.61,FALSE,27.29,745.6
,hat,Books,1087.32,FALSE,26.62,324.73
,watch,Books,2144.66,FALSE,93.26,120.76
,jacket,Toys,589.78,TRUE,34.53,4067.2
,watch,Home Decor,1183.63,FALSE,24.38,991.44
,shirt,Clothing,1543.96,FALSE,96.34,3989.1
,jacket,Home Decor,2486.68,TRUE,76.04,2719.21
,shoes,Home Decor,3607.36,FALSE,91.3,3855.37
,scarf,Electronics,1904.46,TRUE,77.53,3329.94
,belt,Books,3495.42,TRUE,59.32,457.72
,scarf,Toys,1554.8,TRUE,64.86,4760.56
,socks,Home Decor,2072,FALSE,24.32,2682.32
,jacket,Electronics,2996.55,TRUE,94.64,1417.29
,belt,Books,2625.88,TRUE,65.8,3814.76
,pants,Books,4081.55,FALSE,41.43,4011.29
,jacket,Toys,983.48,TRUE,56.2,1663.24
,socks,Sports Equipment,2778.57,TRUE,18.86,3148.76
,socks,Sports Equipment,1660.24,FALSE,81,733.72
,jacket,Toys,2076.04,TRUE,98.59,4508.56
,gloves,Home Decor,4079.78,FALSE,78.53,1589.63
,pants,Clothing,3345.47,FALSE,54.47,793.04
,scarf,Sports Equipment,2147.13,FALSE,57.25,301.04
,watch,Home Decor,1490.61,TRUE,78.86,2220.33
,watch,Books,4287.94,TRUE,54.95,646.74
,shoes,Books,4902.53,TRUE,10.98,4954.63
,belt,Clothing,2159.59,FALSE,53.55,4058.72
,hat,Electronics,1968.86,TRUE,42.58,2333.96
,gloves,Electronics,1607.48,TRUE,56.94,911.89
,shoes,Home Decor,270.43,FALSE,3.86,1555.85
,shirt,Home Decor,613.97,FALSE,10.65,3440.08
,gloves,Sports Equipment,868.74,FALSE,96.88,1214.87
,belt,Electronics,1460.63,TRUE,14.29,2753.73
,jacket,Books,1997.81,FALSE,36.46,1331.56
,jacket,Electronics,1937.87,FALSE,98.9,3522.48
,belt,Home Decor,988.57,FALSE,81.21,437.8
,watch,Books,751.8,TRUE,17.85,2032.14
,shirt,Toys,4126,FALSE,82.19,3824.23
,gloves,Electronics,3977.38,FALSE,89.56,4864.99
,hat,Electronics,689.57,FALSE,71.47,4038.15
,scarf,Toys,238.29,FALSE,96.31,4902.01
,gloves,Electronics,1136.1,TRUE,12.28,2964.21
,jacket,Electronics,4522.16,FALSE,53.69,237.17
,jacket,Sports Equipment,3076.34,FALSE,39.95,3456.52
,scarf,Home Decor,817.62,TRUE,57.8,4950.36
,hat,Home Decor,332.96,TRUE,17.16,950.92
,shoes,Home Decor,1457.04,TRUE,77.13,3964.43
,jacket,Clothing,3640.23,FALSE,1.85,4970.14
,hat,Sports Equipment,3239.8,TRUE,73.08,2086.56
,watch,Home Decor,4658.12,TRUE,1.81,1192.52
,socks,Books,3098.97,FALSE,5.96,4121.32
,hat,Clothing,1879.87,TRUE,71.74,954.43
,shirt,Clothing,431.51,TRUE,66.18,2664.67
,belt,Home Decor,227.73,TRUE,6.6,91.07
,belt,Home Decor,356.25,TRUE,82.95,2392.13
,jacket,Clothing,1940.02,TRUE,60.04,2964.47
,watch,Sports Equipment,3705.08,TRUE,11.77,359.93
,shoes,Home Decor,4837.52,FALSE,88.71,4490
,hat,Books,4605.6,TRUE,90.54,814.2
,jacket,Clothing,2017.72,TRUE,5.16,734.07
,belt,Books,3199.82,TRUE,53.74,4968.49
,jacket,Electronics,550.22,FALSE,59.65,610.82
,hat,Books,1245.34,TRUE,92.28,3030.73
,socks,Home Decor,964.7,TRUE,41.19,2725.24
,hat,Sports Equipment,4509.3,FALSE,4.63,3779.85
,socks,Sports Equipment,2447.15,FALSE,9.14,3078.89
,pants,Toys,4831,TRUE,45.37,4941.38
,pants,Books,4458.4,TRUE,0.5,1571.82
,hat,Toys,3557.03,TRUE,96.13,1629.11
,socks,Clothing,2533.4,TRUE,70.42,2809.97
,hat,Books,2194.89,TRUE,2.05,1029.47
,socks,Sports Equipment,4626.79,TRUE,64.03,1114.4
,socks,Clothing,3477.71,FALSE,19.65,4187.39
,pants,Toys,3018.54,TRUE,12.71,1066.61
,hat,Books,1069.84,FALSE,83.73,1092
,scarf,Toys,2001.05,TRUE,95.45,2108.71
,shirt,Toys,2719.06,FALSE,56.35,4297.9
,belt,Home Decor,3347.84,TRUE,26.15,2117.16
,socks,Sports Equipment,1606.81,TRUE,25.29,1744.34
,hat,Clothing,2430.49,FALSE,10.04,3882.3
,gloves,Electronics,3776.31,TRUE,37.73,1980.64
,watch,Clothing,2101.39,TRUE,84.76,2781.45
,belt,Clothing,3269.95,TRUE,4.76,1802.57
,gloves,Electronics,4072.85,TRUE,66.46,1019.89
,belt,Toys,1474.32,TRUE,47.77,692.41
,shoes,Books,280.03,TRUE,32.25,3855.15
,shirt,Sports Equipment,2741.64,FALSE,19.64,4539.3
,shirt,Electronics,3490.79,FALSE,57.07,2272.22
,shirt,Electronics,1885.15,TRUE,67.59,3320.96
,gloves,Electronics,4101.58,FALSE,49.53,155.19
,shirt,Toys,2242.06,FALSE,18.93,3473.47
,hat,Books,3728.97,TRUE,16.39,3877.32
,shirt,Toys,121.16,TRUE,47.9,2139.68
,shoes,Electronics,4559.39,FALSE,64.69,3330.03
,watch,Electronics,2393.69,TRUE,73.13,4866.8
,shoes,Electronics,3689,FALSE,72.7,1041.29
,hat,Toys,3763.37,TRUE,11.02,639.4
,shoes,Electronics,1226.2,TRUE,21.56,2700.81
,belt,Toys,239.73,FALSE,65.43,2961.98
,pants,Books,3307.55,FALSE,48.79,1757.49
,scarf,Home Decor,1645.59,FALSE,98.71,738.49
,socks,Toys,3836.83,TRUE,2.64,3750.36
,jacket,Sports Equipment,4556.52,TRUE,4.16,87.95
,gloves,Home Decor,3514.79,TRUE,43.29,1828.13
,socks,Clothing,1014.08,TRUE,10.29,2689.23
,hat,Clothing,2716.83,FALSE,31.17,4614.46
,gloves,Toys,3863.85,TRUE,86.36,2194
,pants,Clothing,2958.23,FALSE,3.12,1447.02
,gloves,Books,2810.54,FALSE,20.52,917.4
,pants,Home Decor,1471.19,TRUE,40.02,2980.32
,shirt,Electronics,1641.7,TRUE,39.69,95.44
,shirt,Electronics,1573.77,FALSE,60.7,740.27
,scarf,Electronics,3620.46,TRUE,69.58,4574.39
,socks,Books,2578.9,FALSE,3.08,1585.69
,gloves,Sports Equipment,100.6,TRUE,32.93,3602.45
,jacket,Electronics,1738.16,TRUE,18.03,4918.18
,watch,Electronics,4122.61,TRUE,84.37,1137.65
,jacket,Sports Equipment,2878.59,TRUE,51.12,4835.15
,jacket,Toys,1510.41,TRUE,53.49,3159.94
,belt,Sports Equipment,2901.46,TRUE,98.08,2905.46
,scarf,Books,4148.27,TRUE,92.65,3306.15
,shirt,Books,3834.18,FALSE,48,469.08
,watch,Toys,2911.7,FALSE,79.26,2794.86
,hat,Toys,938.93,FALSE,95.16,3019.15
,gloves,Toys,1960.9,FALSE,57.2,3198.86
,pants,Home Decor,1083.74,TRUE,82.35,2748.97
,pants,Books,3785.73,FALSE,77.31,606.47
,socks,Electronics,1534.57,TRUE,73.8,2325.32
,jacket,Home Decor,899.23,FALSE,55.89,4313.94
,belt,Clothing,1899.23,TRUE,5.13,1160.68
,shoes,Home Decor,1033.34,TRUE,1.34,469.02
,gloves,Toys,4508.92,TRUE,6.53,618.63
,jacket,Electronics,1555.56,TRUE,20.27,1912.35
,socks,Home Decor,2826.66,FALSE,14.46,3169.92
,shoes,Sports Equipment,3270.92,FALSE,36.8,1712.84
,shirt,Books,601.31,TRUE,83.35,4716.7
,shirt,Electronics,2703.38,TRUE,6.34,3733.35
,gloves,Home Decor,3992.61,FALSE,26.43,1201.69
,gloves,Home Decor,4885.9,FALSE,2.59,4019.76
,jacket,Home Decor,2617.22,TRUE,78.64,950.85
,scarf,Clothing,251.17,TRUE,65.92,854.97
,watch,Books,2333.67,TRUE,68.15,3575.87
,shirt,Electronics,180.62,FALSE,51.24,2736.68
,belt,Toys,3081.71,TRUE,57.95,3684.94
,shirt,Home Decor,1497.1,TRUE,87.42,3428.41
,gloves,Electronics,1531.68,FALSE,11.61,1070.3
,jacket,Electronics,4845.47,FALSE,48.6,2690.29
,shirt,Home Decor,1466.16,FALSE,22.33,2546.67
,hat,Clothing,485.92,FALSE,98.17,4478.12
,gloves,Books,1852.87,FALSE,75.79,1661.08
,belt,Home Decor,473.88,FALSE,54.23,3392.71
,shirt,Electronics,800.46,FALSE,79.14,3277.56
,socks,Electronics,1493.26,TRUE,46.84,1636.95
,pants,Toys,558.66,FALSE,62.54,4518.3
,watch,Electronics,1679.25,TRUE,42.37,3283.3
,shirt,Clothing,1793.66,TRUE,21.48,4581.72
,socks,Electronics,217.47,TRUE,19.73,1966.61
,scarf,Books,4113.66,FALSE,95.91,1138.91
,belt,Books,3942.91,TRUE,94.78,4368.56
,hat,Books,3058.36,TRUE,22.65,3484.42
,shirt,Home Decor,4460.8,TRUE,13.22,4011.97
,scarf,Clothing,2220.39,TRUE,41.32,3328.63
,scarf,Toys,1455.59,FALSE,98.58,1383.65
,scarf,Books,4223.22,FALSE,30.08,2698.99
,shirt,Books,1872.81,TRUE,67.2,1469.52
,pants,Books,245.97,FALSE,94.77,2019.89
,shoes,Electronics,513.97,TRUE,96.56,2525.72
,scarf,Toys,4360.1,TRUE,32.69,1055.42
,jacket,Clothing,2597.61,FALSE,66,2773.68
,scarf,Home Decor,3915.48,TRUE,30.42,4383.59
,scarf,Toys,3007.13,FALSE,18.87,3325.93
,shirt,Books,3677.15,TRUE,19.1,1809.94
,pants,Sports Equipment,4836.09,TRUE,70.04,3882.41
,watch,Home Decor,3436.86,FALSE,77.67,3305.76
,jacket,Sports Equipment,2936.62,TRUE,74.79,820.65
,hat,Clothing,1316.58,FALSE,16.85,3393.11
,jacket,Books,4579.91,TRUE,55.37,1156.22
,belt,Electronics,4916.03,FALSE,44.96,4049.2
,shoes,Books,3058.68,TRUE,66.99,3977.21
,shirt,Books,569.72,FALSE,32.72,1585.18
,socks,Home Decor,1875.62,TRUE,3.01,234.43
,belt,Toys,421.9,TRUE,49.86,1237.72
,shirt,Books,1757.53,TRUE,73.15,776.8
,socks,Electronics,2894.76,FALSE,38.02,3530.64
,socks,Electronics,2342.79,FALSE,46.97,580.86
,shirt,Clothing,2392.82,FALSE,47.38,1510.61
,scarf,Electronics,2823.37,TRUE,60.96,1748.35
,socks,Toys,867.85,FALSE,58.78,3586.55
,scarf,Clothing,121.17,FALSE,56.69,631.12
,watch,Books,1987.62,FALSE,13.47,4625.83
,shirt,Home Decor,4612.17,TRUE,24.22,3323.99
,shoes,Home Decor,3389.84,TRUE,60.16,2210.49
,belt,Sports Equipment,4432.73,TRUE,97.71,378.7
,shoes,Electronics,1936.41,TRUE,23.19,3720.45
,shoes,Home Decor,3655.5,TRUE,28.33,3137.8
,shoes,Clothing,2965.44,FALSE,16.25,280.22
,shirt,Electronics,4935.31,TRUE,93.04,2271.97
,hat,Toys,2144.55,TRUE,32.21,1959.41
,belt,Clothing,4742.83,FALSE,15.52,3056.01
,gloves,Clothing,3950.96,TRUE,84.31,954.83
,shirt,Clothing,988.37,TRUE,2.2,1699.2
,belt,Home Decor,2578.78,TRUE,84.58,1677.46
,shoes,Books,3471.7,FALSE,29.79,975.97
,shirt,Toys,338.94,TRUE,47.08,2945.36
,gloves,Clothing,2677.02,FALSE,52.58,2964.12
,shoes,Electronics,3214.63,TRUE,75.48,660.82
,jacket,Sports Equipment,364.71,FALSE,14.41,4651.69
,pants,Home Decor,2512.92,TRUE,29.11,188.13
,watch,Home Decor,2042.52,FALSE,84.61,4129.82
,belt,Clothing,3492.94,FALSE,63.01,2695.93
,scarf,Home Decor,3818.8,FALSE,69.8,4069.76
,belt,Sports Equipment,3487.8,FALSE,77.89,3863.37
,jacket,Sports Equipment,401.97,FALSE,36.76,4428.8
,socks,Home Decor,1218.09,FALSE,74.74,3017.12
,shirt,Clothing,1724.54,TRUE,53.31,2680.97
,socks,Electronics,2525.87,TRUE,14.65,1761.83
,watch,Clothing,1429.95,FALSE,31.97,2200.23
,pants,Clothing,1701.36,FALSE,81.45,4191.32
,scarf,Sports Equipment,501.51,TRUE,90.05,1574.38
,shirt,Toys,1741.33,TRUE,62.74,4243.04
,watch,Clothing,767.91,FALSE,56.7,770.97
,hat,Sports Equipment,1268.39,FALSE,74.21,2464.92
,watch,Clothing,2037.59,TRUE,59.12,2907.08
,pants,Sports Equipment,1505.14,TRUE,17.94,1019.26
,belt,Toys,1507.31,FALSE,65.8,954.01
,shoes,Electronics,1599.65,TRUE,85.65,1230.22
,jacket,Clothing,4034.99,FALSE,17.88,3960.63
,socks,Home Decor,3881.99,FALSE,61.44,735.58
,pants,Home Decor,4323.06,TRUE,65.04,1903.78
,watch,Clothing,3039.53,FALSE,41.58,494.41
,gloves,Books,1871.6,FALSE,34.49,2155.5
,scarf,Books,2018.4,FALSE,10.45,4862.24
,scarf,Toys,4963.53,TRUE,29.18,4101.21
,hat,Clothing,4600.04,FALSE,60.76,2568.98
,scarf,Sports Equipment,629.4,TRUE,16.51,1196.28
,shirt,Clothing,1815.21,TRUE,48.4,4592.9
,watch,Sports Equipment,3186.61,TRUE,60.63,1634.98
,watch,Sports Equipment,2609.96,FALSE,30.02,2746.63
,pants,Books,2954.65,FALSE,40.92,1084.12
,shoes,Clothing,3003.01,TRUE,92.96,3961.35
,shirt,Sports Equipment,374.89,FALSE,41.52,2355.84
,shoes,Books,2725.61,TRUE,51.2,4022.68
,watch,Electronics,2474.72,FALSE,88.28,1293.95
,hat,Toys,2499.84,FALSE,47.05,4322.36
,shoes,Clothing,1274.39,FALSE,24.09,3305.14
,socks,Electronics,811.61,TRUE,62.76,4476.78
,watch,Books,3811.09,TRUE,36.64,3846.37
,scarf,Clothing,1473.1,TRUE,53.6,2074.57
,belt,Sports Equipment,3388.72,TRUE,3.97,4889.17
,pants,Electronics,1101.75,FALSE,67.93,1532.03
,gloves,Home Decor,4474.85,FALSE,6.4,3609.55
,pants,Toys,1702.45,TRUE,35.81,3133.84
,scarf,Toys,1003.62,FALSE,5.32,2126.64
,scarf,Home Decor,2335.81,TRUE,87.86,1409.53
,watch,Toys,3339.26,FALSE,31.75,381.58
,jacket,Electronics,3449.49,FALSE,93.08,4272.96
,belt,Toys,439.34,FALSE,31.49,1146.11
,socks,Books,804.63,TRUE,31.68,4276.7
,scarf,Sports Equipment,244.97,FALSE,23.05,3171.04
,pants,Sports Equipment,4715.72,FALSE,94.14,3440.17
,belt,Sports Equipment,4547.21,FALSE,56.98,1955.4
,hat,Books,2908.93,FALSE,73.14,2531.25
,jacket,Clothing,4041.8,TRUE,98.82,1667.5
,belt,Books,4028.16,FALSE,84.7,2548.68
,scarf,Clothing,1116.08,FALSE,1.82,1049.14
,jacket,Books,251.9,TRUE,93.47,2570.47
,watch,Books,1210.3,FALSE,98.44,3419.69
,socks,Home Decor,2616.21,TRUE,76.99,3370.34
,jacket,Sports Equipment,3578.16,FALSE,20.13,1499.78
,jacket,Books,4522.05,TRUE,46.16,1892.49
,belt,Toys,3634.94,FALSE,22.04,759.97
,socks,Home Decor,506.23,TRUE,8.35,3467.48
,shirt,Home Decor,472.37,TRUE,91.82,4707.83
,shirt,Sports Equipment,2290.13,FALSE,52.97,676.69
,shoes,Electronics,3349.03,FALSE,90.24,4530.92
,socks,Toys,1053.55,FALSE,9.21,1730.78
,watch,Sports Equipment,188.96,TRUE,30.64,4145.93
,gloves,Home Decor,2613.67,FALSE,21.78,3236.92
,watch,Clothing,2445,FALSE,10.54,1943.11
,shoes,Home Decor,1674.48,FALSE,90.41,1887.59
,shirt,Books,2769.37,TRUE,4.79,4292.04
,shoes,Home Decor,2094.75,TRUE,6.4,1892.31
,shirt,Electronics,4716.23,TRUE,50.57,3745.42
,gloves,Toys,334.26,TRUE,67.35,1856.13
,belt,Toys,1485.02,TRUE,90.8,667.06
,pants,Books,915,FALSE,87.09,2039.27
,shirt,Sports Equipment,2269.25,FALSE,71.46,3748.7
,socks,Toys,1461.94,FALSE,0.73,1983.65
,scarf,Electronics,2918.55,FALSE,38.63,2253.05
,belt,Home Decor,4740.74,FALSE,63.42,4808.17
,shirt,Home Decor,4602.79,FALSE,22.76,877.33
,jacket,Home Decor,3835.04,TRUE,97.24,3230.59
,watch,Sports Equipment,2723.27,FALSE,14.23,4299.8
,pants,Sports Equipment,4285.89,FALSE,32.53,1504.13
,scarf,Home Decor,1433.27,TRUE,81.31,2472.49
,watch,Books,3940.24,FALSE,61.68,3500.8
,shoes,Sports Equipment,4717.21,TRUE,68.39,854.44
,belt,Clothing,1052.79,TRUE,46.57,4588.53
,pants,Toys,3496.51,FALSE,94.5,1078.9
,watch,Electronics,2148.28,TRUE,53.13,3648.98
,scarf,Electronics,2975.38,TRUE,91.37,3956.72
,scarf,Home Decor,3970.93,FALSE,81.39,2141.09
,belt,Home Decor,3210.61,TRUE,23.48,4025.96
,hat,Electronics,4983.19,FALSE,51.03,481.76
,shoes,Electronics,4295.96,FALSE,16.88,303.32
,gloves,Books,967.31,TRUE,67.03,544.56
,shirt,Sports Equipment,4661.78,TRUE,97.2,27.04
,gloves,Home Decor,1165.45,TRUE,99,3448.91
,watch,Sports Equipment,836.56,TRUE,92.23,2663.58
,gloves,Clothing,4637.05,TRUE,92.45,1204.85
,gloves,Sports Equipment,4490.5,FALSE,81.25,799.19
,watch,Home Decor,1080.33,FALSE,20.18,611.51
,hat,Electronics,820.49,TRUE,6.28,3134.14
,belt,Clothing,3735.97,TRUE,64.21,4633.74
,socks,Electronics,2638.61,TRUE,63.19,3402.43
,hat,Home Decor,71.21,TRUE,55.82,2314.39
,hat,Home Decor,2764.23,FALSE,26.44,2157.83
,jacket,Home Decor,138.89,FALSE,42.36,2552.28
,shoes,Electronics,4205.32,TRUE,90.25,3179.86
,jacket,Electronics,2780.19,TRUE,19,2904.56
,jacket,Books,4928.95,TRUE,2.59,3308.09
,shoes,Clothing,656.49,TRUE,43.5,563.77
,belt,Toys,4166.24,FALSE,9.12,3472.2
,belt,Toys,3019.24,TRUE,27.59,3703.3
,watch,Clothing,4555.59,FALSE,86.04,1331.33
,belt,Home Decor,2670.67,TRUE,13.12,4501.61
,shirt,Toys,4725.46,FALSE,38.32,2730.96
,shoes,Sports Equipment,2932.62,TRUE,11.89,737.3
,watch,Clothing,4586.15,FALSE,8.36,850.72
,hat,Clothing,3101.74,FALSE,50.57,411.35
,jacket,Home Decor,2976.02,FALSE,88.13,4456.29
,shoes,Sports Equipment,4975.27,FALSE,50.81,2156.29
,scarf,Home Decor,4415.47,TRUE,30.16,1550.03
,watch,Electronics,3157.77,FALSE,74.07,170.07
,socks,Clothing,4328.39,FALSE,45.84,1062.6
,watch,Clothing,3400.49,FALSE,24.71,1724.09
,shoes,Sports Equipment,476.32,FALSE,25.23,4433.8
,socks,Clothing,1410.26,FALSE,52.26,168.16
,jacket,Clothing,2296.03,FALSE,3.95,2531.1
,shoes,Electronics,797.07,FALSE,29.52,838.9
,jacket,Electronics,2438.43,FALSE,36.39,364.45
,hat,Clothing,2354.82,TRUE,76.59,3570.27
,shirt,Clothing,1585.43,TRUE,5.66,4495.71
,socks,Clothing,623.8,TRUE,35.12,2360.41
,pants,Electronics,2686.05,FALSE,14.66,3916.85
,gloves,Sports Equipment,1173.93,TRUE,94.62,3455.65
,belt,Toys,4856.49,FALSE,36.31,1311.76
,jacket,Electronics,1323.79,FALSE,96.53,447.71
,socks,Clothing,3439.32,FALSE,62.01,47.32
,socks,Electronics,3641.19,TRUE,61.25,3823.97
,watch,Electronics,3548.18,FALSE,10.93,4058.18
,scarf,Electronics,3794.88,FALSE,56.66,1218.93
,socks,Home Decor,185.26,FALSE,70.48,610.6
,belt,Home Decor,2809.9,TRUE,39.22,3308.95
,jacket,Sports Equipment,4569.04,FALSE,86.67,1806.78
,watch,Home Decor,383.78,TRUE,99.73,4454.15
,shoes,Toys,3677.07,TRUE,87.71,1410.67
,jacket,Sports Equipment,1099.8,FALSE,92.17,56.96
,jacket,Toys,1247.34,TRUE,50.1,3135.35
,jacket,Electronics,2744.22,TRUE,41.24,1784.93
,socks,Books,3123.23,FALSE,35.2,1983.33
,hat,Clothing,4264.12,FALSE,46.65,1472.42
,jacket,Home Decor,11.54,TRUE,47.1,1767.53
,shoes,Home Decor,1227.65,TRUE,17.55,4574.18
,socks,Electronics,2632.2,FALSE,7.57,340.48
,scarf,Electronics,866.42,FALSE,45.68,1762.18
,socks,Home Decor,626.4,FALSE,67.24,2718.93
,watch,Clothing,555.75,FALSE,51.37,4395.37
,scarf,Toys,2027.67,TRUE,49.41,3143.49
,gloves,Electronics,1303.31,TRUE,2.19,452.39
,gloves,Sports Equipment,4436.88,TRUE,95.99,945.33
,shirt,Toys,2031.88,TRUE,96.87,3358.04
,belt,Sports Equipment,4575.76,FALSE,96.97,1554.74
,shirt,Toys,1322.69,TRUE,99.35,1747.57
,belt,Books,3358.9,TRUE,63.24,4976.09
,hat,Clothing,412.61,TRUE,21.63,2439.44
,gloves,Electronics,1915.72,FALSE,32.85,4733.65
,scarf,Books,1014.46,TRUE,87.92,248.24
,jacket,Home Decor,3597.71,TRUE,37.54,1915.37
,jacket,Clothing,3851.13,FALSE,38.39,4283.94
,shirt,Clothing,4504.89,FALSE,63.14,3242.18
,belt,Clothing,1308.65,TRUE,77.26,3266.86
,watch,Home Decor,4979.07,TRUE,35.21,3034.48
,belt,Clothing,524.94,FALSE,23.47,4819.29
,gloves,Home Decor,3136.3,TRUE,28.43,1603.25
,jacket,Home Decor,302.75,TRUE,69.42,4.44
,belt,Home Decor,1975.19,TRUE,72.59,4500.51
,gloves,Books,1565.46,FALSE,88.53,4061.13
,shoes,Electronics,425.07,FALSE,81.37,775.15
,hat,Home Decor,2851.76,FALSE,28.96,464.07
,shirt,Clothing,4142.78,FALSE,45.71,2285.19
,hat,Home Decor,2668.83,FALSE,67.64,488.33
,shirt,Books,18.84,TRUE,92.33,3516.1
,shirt,Home Decor,4748.71,FALSE,44.65,3774.12
,gloves,Books,3365.47,TRUE,0.58,3989.41
,gloves,Clothing,2714.23,FALSE,98.69,2374.01
,shoes,Books,2300.76,TRUE,92.37,2346.64
,socks,Books,4071.49,TRUE,38.76,1422.35
,gloves,Home Decor,944.54,TRUE,3.33,3547.76
,shoes,Clothing,2311.68,TRUE,78.03,2045.52
,shirt,Books,3901.74,TRUE,7.95,2755.88
,watch,Toys,2500.23,TRUE,24.3,1997.64
,watch,Toys,2194,FALSE,17.85,3618.95
,shirt,Electronics,1949.84,TRUE,41.44,638.01
,pants,Home Decor,3886.33,FALSE,5.3,3453.2
,scarf,Books,520.94,TRUE,31.24,1074.45
,hat,Toys,4161.17,FALSE,64.21,3666.96
,socks,Toys,1333.79,FALSE,0.93,2676.5
,pants,Sports Equipment,3133.37,TRUE,76.89,3676.67
,hat,Sports Equipment,2825.88,FALSE,8.71,1570.78
,gloves,Sports Equipment,110.88,FALSE,77.07,798.06
,shoes,Toys,453.28,TRUE,74.56,2762.37
,belt,Home Decor,30.1,TRUE,74.14,3665.27
,belt,Clothing,3512.56,FALSE,49.76,353.99
,scarf,Home Decor,3451.71,FALSE,43.84,201.33
,shoes,Electronics,289.8,TRUE,94.88,3077.3
,jacket,Sports Equipment,274.63,TRUE,76.65,4328.36
,scarf,Clothing,2096.02,TRUE,38.76,4202.91
,jacket,Toys,2935.2,FALSE,44.94,1376.93
,pants,Home Decor,2312.82,TRUE,72.05,2696.87
,socks,Home Decor,1466.25,TRUE,5.54,4575.47
,gloves,Home Decor,4259.44,FALSE,51.22,281.24
,watch,Sports Equipment,3312.88,FALSE,45.67,3803.53
,gloves,Books,2748.65,TRUE,13.49,3750.18
,socks,Toys,2384.98,TRUE,19.55,408.75
,shoes,Home Decor,2893.29,FALSE,11.27,3392.58
,scarf,Toys,687.5,FALSE,72.27,2935.47
,hat,Sports Equipment,2086.81,FALSE,68.48,3774.89
,scarf,Clothing,3492.48,TRUE,57.34,2754.73
,shoes,Toys,4617.53,FALSE,47.2,4067.59
,gloves,Electronics,2198.92,FALSE,33.18,3430.47
,scarf,Toys,2473.62,TRUE,20.49,2846.32
,gloves,Clothing,4716.98,FALSE,39.67,670.93
,scarf,Electronics,1421.6,FALSE,12.76,1603.07
,gloves,Toys,4202.45,FALSE,12.21,4025
,pants,Clothing,3985.88,FALSE,48.4,2852.84
,shoes,Books,3266.93,TRUE,23.29,312.25
,gloves,Home Decor,1868.45,TRUE,44.04,153.41
,gloves,Books,133.63,TRUE,73.63,3523.41
,watch,Books,4509.92,TRUE,24.48,470.55
,jacket,Home Decor,1518.96,FALSE,51.98,3998.74
,scarf,Home Decor,692.04,TRUE,1.4,4594.72
,hat,Electronics,3916.86,TRUE,90.29,370.59
,jacket,Home Decor,4641.5,TRUE,84.14,4730.1
,shirt,Books,2814.95,FALSE,73.68,3824.26
,shirt,Clothing,2180.27,FALSE,66.15,3875.56
,jacket,Toys,803.82,TRUE,49.05,2125.63
,watch,Toys,1874.76,TRUE,28.05,1784.59
,pants,Clothing,1300.75,TRUE,13.97,2605.78
,socks,Electronics,996.11,FALSE,22.46,3158.57
,gloves,Toys,1754.38,TRUE,38.51,446.64
,pants,Sports Equipment,2557.04,TRUE,36.83,308.41
,shirt,Electronics,283.6,FALSE,50.42,2446.19
,watch,Books,4904.43,TRUE,59.9,4916.86
,hat,Sports Equipment,4262.3,FALSE,45.17,461.27
,shirt,Toys,2448.47,FALSE,94.91,1047.27
,watch,Sports Equipment,1477.02,TRUE,53.71,3743.13
,belt,Sports Equipment,2192.19,FALSE,66.13,894.67
,gloves,Toys,270.36,TRUE,53.92,2759.18
,watch,Toys,3784.14,FALSE,88.77,3368.36
,jacket,Toys,2338.39,FALSE,65.64,3637.12
,shoes,Toys,3203.93,FALSE,60.51,1922.95
,scarf,Books,3627.59,FALSE,28.17,2514.82
,hat,Toys,3019.84,FALSE,47.04,4251.09
,jacket,Electronics,4029.16,FALSE,40.34,1713.39
,scarf,Home Decor,3246.37,TRUE,53.05,3793.78
,belt,Clothing,1266.25,FALSE,84.07,3888.84
,hat,Sports Equipment,4640.31,FALSE,43.13,1509.67
,shoes,Sports Equipment,1391,FALSE,47.62,4453.84
,shirt,Books,2463.74,FALSE,97.17,2092.76
,gloves,Toys,1364.56,FALSE,71.04,579.81
,socks,Sports Equipment,1001.33,TRUE,32.41,4892.02
,pants,Home Decor,3482.12,TRUE,39.25,2268.77
,belt,Electronics,3870.74,TRUE,70.62,3289.23
,watch,Books,3435.77,TRUE,4.21,681.29
,watch,Clothing,2143.92,TRUE,73.81,1347.07
,pants,Home Decor,725.53,TRUE,1.24,4011.29
,socks,Home Decor,3301.87,FALSE,6.84,1174.54
,watch,Electronics,758.53,FALSE,22.71,4731.22
,shoes,Clothing,3258.77,FALSE,81.61,3983.54
,hat,Sports Equipment,4704.47,TRUE,33.7,674.92
,shoes,Electronics,365.2,FALSE,80.49,4647.08
,watch,Sports Equipment,524.39,FALSE,52.42,2047.02
,socks,Clothing,3916.13,FALSE,3.39,1547.4
,shirt,Sports Equipment,3105.92,TRUE,47.68,4315.93
,scarf,Sports Equipment,2600.18,TRUE,28.12,3215.95
,jacket,Sports Equipment,977.53,FALSE,61.01,2003.98
,pants,Toys,3155.73,FALSE,22.63,3683.55
,gloves,Books,3603.7,FALSE,78.24,1238.86
,belt,Books,3389.42,TRUE,25.55,941.69
,shoes,Home Decor,3713.44,FALSE,92.91,2708.27
,belt,Clothing,4040.93,TRUE,80.14,2365.05
,belt,Sports Equipment,3152.64,TRUE,15.43,1510.16
,belt,Books,2658.2,FALSE,81.27,3277.58
,pants,Books,340.85,TRUE,20.7,2215.96
,scarf,Clothing,2538.51,FALSE,6.52,4860.13
,jacket,Home Decor,4956.21,FALSE,63.7,2537.82
,shirt,Clothing,418.74,FALSE,79.94,3942.3
,pants,Clothing,3906.88,TRUE,70.87,4132.4
,scarf,Home Decor,4034.1,FALSE,34.75,2520.41
,belt,Books,569.07,FALSE,95.46,1760.54
,jacket,Home Decor,206.76,TRUE,3.14,2503.4
,shirt,Sports Equipment,3201.21,TRUE,43.5,1387.06
,watch,Home Decor,1816.23,TRUE,99.59,828.95
,belt,Home Decor,2576.3,TRUE,53.15,580.58
,shoes,Sports Equipment,1899.04,FALSE,12.12,2890.02
,shoes,Toys,2646.96,FALSE,71.15,4720.53
,pants,Home Decor,3062.69,TRUE,75.91,723.36
,socks,Books,635.65,FALSE,54.44,4643.23
,socks,Clothing,2349.5,FALSE,24.84,3608.04
,socks,Books,1310.96,FALSE,28,4452.66
,gloves,Home Decor,1763.66,FALSE,9.09,2839.92
,jacket,Electronics,502.42,TRUE,25,2881.59
,watch,Home Decor,4515.57,FALSE,35.82,2234.23
,shoes,Books,812.71,FALSE,31.82,2115.19
,scarf,Home Decor,2867.48,TRUE,49.92,1442.16
,jacket,Electronics,3276.02,FALSE,92.45,714.56
,shirt,Toys,4322.1,FALSE,14.11,1212.17
,shirt,Clothing,1540.58,FALSE,50.46,1702.51
,shoes,Home Decor,1567.11,TRUE,87.12,4372.79
,jacket,Home Decor,2218.49,TRUE,15.72,813.43
,shirt,Electronics,574.43,TRUE,98.78,4468.86
,jacket,Home Decor,3888.62,FALSE,88,2980.99
,shoes,Electronics,2819.71,FALSE,15.72,715.94
,shirt,Toys,4040.97,TRUE,40.47,2408.79
,belt,Sports Equipment,1904.31,TRUE,80.35,4220.89
,pants,Toys,2856.81,TRUE,34.32,4911.33
,hat,Clothing,2634.04,TRUE,53.34,850.41
,shirt,Toys,3682.03,FALSE,11.78,72.72
,shirt,Books,194.77,FALSE,25.78,3433.1
,gloves,Clothing,3600.32,FALSE,40.83,2228.18
,shoes,Electronics,4675.7,TRUE,15.02,3879.79
,gloves,Toys,366.88,FALSE,84.93,4708.01
,socks,Books,3401.4,FALSE,50.33,29.17
,scarf,Sports Equipment,1213.25,FALSE,20.22,2091.73
,watch,Books,1766.11,FALSE,75.18,1931.81
,pants,Sports Equipment,2719.39,FALSE,68.76,1908.49
,belt,Electronics,3936.56,FALSE,38.14,4733.01
,socks,Clothing,1911.56,FALSE,73,4642.46
,jacket,Books,3281.5,TRUE,74.53,1938.42
,hat,Toys,172.24,FALSE,34.56,3650.14
,socks,Home Decor,2193.18,FALSE,71.49,4306.5
,hat,Clothing,1992.61,TRUE,16.74,813.43
,watch,Sports Equipment,1477.38,TRUE,6.82,4136.55
,jacket,Books,1183.48,TRUE,41.99,3927.92
,socks,Toys,3337.87,FALSE,42.18,382.91
,belt,Clothing,4947,TRUE,52.09,4137.27
,gloves,Electronics,1000.67,TRUE,93.12,1639.29
,socks,Home Decor,4852.95,TRUE,30.99,4243.56
,socks,Clothing,4871.51,TRUE,15.96,2417.63
,socks,Clothing,3759.15,FALSE,47.24,516.15
,watch,Books,4870.62,TRUE,25.95,888.09
,shoes,Home Decor,2544.42,FALSE,49.05,2484.79
,jacket,Toys,2040.36,FALSE,16.24,4047.75
,shirt,Home Decor,122.27,TRUE,71.97,1664.52
,scarf,Books,1969.95,TRUE,86.74,4438.39
,watch,Books,2568.57,FALSE,59.7,810.69
,scarf,Sports Equipment,1439.52,TRUE,81.02,4250.32
,scarf,Sports Equipment,1093.36,FALSE,35.5,4473
,shirt,Sports Equipment,1835.96,TRUE,50.09,2817.55
,jacket,Books,4461.14,TRUE,5.67,3343.57
,belt,Sports Equipment,1963.94,TRUE,52.73,960.45
,gloves,Sports Equipment,1193.54,TRUE,78.66,2640.74
,hat,Toys,4517.41,FALSE,24.31,63.45
,socks,Clothing,4885.03,TRUE,32.23,4824.88
,watch,Toys,2755.6,FALSE,86.73,3838.14
,jacket,Clothing,4256.13,TRUE,39.27,4426.84
,jacket,Sports Equipment,4065.82,FALSE,24.24,3997.7
,shoes,Home Decor,266.22,FALSE,60.87,4318.71
,socks,Electronics,4338.28,TRUE,27.3,1599.36
,gloves,Sports Equipment,3050.17,TRUE,10.12,1252.01
,socks,Home Decor,3817.18,TRUE,92.33,1655.49
,belt,Toys,4804.18,TRUE,55.09,2184.32
,watch,Toys,3065.66,TRUE,96.1,4065.98
,scarf,Books,4578.84,FALSE,78.59,1920.55
,gloves,Clothing,3617.72,TRUE,50.65,46.1
,gloves,Sports Equipment,4345.44,FALSE,25.69,1928.47
,shoes,Toys,2684.24,FALSE,21.01,244.89
,jacket,Clothing,4414.25,FALSE,60.77,1750.2
,belt,Home Decor,4123.3,TRUE,42.7,1561.11
,pants,Home Decor,4218.22,FALSE,25.12,4764.31
,gloves,Toys,2459.65,FALSE,7.86,410.46
,shoes,Home Decor,4904.28,TRUE,52.58,1612.31
,socks,Toys,4077.89,TRUE,9.33,4816.78
,shoes,Sports Equipment,749.88,FALSE,67.99,442.71
,belt,Toys,1647.42,TRUE,60.91,4672.28
,pants,Clothing,3298.85,FALSE,59.79,3382.19
,socks,Home Decor,4274.98,FALSE,47.73,4652.27
,belt,Electronics,2444.22,TRUE,74.54,2185.57
,jacket,Clothing,1214.28,TRUE,31.58,4013.51
,socks,Toys,3419.11,TRUE,34.31,4731.42
,jacket,Books,2230.19,FALSE,72.85,591.43
,socks,Home Decor,212.24,TRUE,77.52,3361.89
,socks,Sports Equipment,2041.67,TRUE,49.29,181.39
,shirt,Electronics,1929.82,TRUE,94.99,1311.19
,socks,Clothing,1612.14,FALSE,16.57,4365.98
,shoes,Toys,3047.92,FALSE,97.47,4448.18
,gloves,Electronics,4229.17,FALSE,64.5,4806.03
,socks,Home Decor,2740,FALSE,24.37,2571.91
,belt,Sports Equipment,1162.05,TRUE,75.23,3513.37
,scarf,Books,427.68,FALSE,56.5,4177.71
,gloves,Toys,1486.64,FALSE,90.78,750.92
,shoes,Sports Equipment,3944.09,FALSE,51.04,3903.84
,gloves,Home Decor,886.82,TRUE,49.4,2518.76
,shirt,Home Decor,4221.94,TRUE,20.99,3946.8
,jacket,Home Decor,1174.26,TRUE,94.98,789.91
,pants,Sports Equipment,2465.46,TRUE,1.28,4470.89
,shoes,Toys,3336.57,TRUE,62.77,311.15
,shoes,Toys,3579.46,TRUE,90.35,34.56
,scarf,Sports Equipment,1521.87,FALSE,59.63,4734.68
,shirt,Toys,3921.27,TRUE,64.06,873.21
,pants,Sports Equipment,1201.74,TRUE,40.01,4273.44
,gloves,Home Decor,1286.79,FALSE,91.16,3159.8
,pants,Electronics,29.58,FALSE,37.25,3772.52
,pants,Clothing,3738.35,FALSE,1.31,4974.32
,hat,Books,4029.07,FALSE,93.81,3548.24
,hat,Books,1562.11,FALSE,62.18,930.72
,gloves,Electronics,4716.37,TRUE,17.13,659.24
,hat,Home Decor,4594.87,FALSE,27.89,4660.09
,shirt,Clothing,1249.57,TRUE,2.58,4493.96
,gloves,Books,4907.65,FALSE,89.28,3756.81
,watch,Sports Equipment,2903.36,FALSE,56.37,3274.84
,jacket,Clothing,4936.23,TRUE,73.21,1026.72
,jacket,Sports Equipment,447.91,FALSE,32,4290.32
,socks,Sports Equipment,1813.22,TRUE,9.67,2557.72
,belt,Electronics,3484.42,TRUE,26.34,1364.63
,jacket,Home Decor,3186.81,TRUE,12.29,3529.03
,pants,Electronics,512.58,TRUE,80.35,3014.2
,jacket,Clothing,716.71,TRUE,91.97,346.39
,shoes,Home Decor,1617.93,TRUE,96.81,10.42
,jacket,Sports Equipment,4226.63,TRUE,28.13,2944.45
,scarf,Clothing,897.62,FALSE,47.78,1818.54
,watch,Home Decor,4092.08,TRUE,22.78,115.73
,hat,Toys,4863.44,TRUE,58.87,2368.08
,watch,Home Decor,4713.69,TRUE,40.81,4172.57
,shoes,Clothing,4365.23,TRUE,51.71,2633.14
,gloves,Books,1889.34,FALSE,36.9,1455.11
,pants,Toys,2417.08,FALSE,47.41,2235.65
,belt,Books,2282.85,TRUE,63.21,1723.25
,socks,Home Decor,2456.18,TRUE,76.59,3242.22
,jacket,Electronics,4956.76,FALSE,31.72,2016.94
,shirt,Electronics,4528.59,TRUE,27.27,209.99
,pants,Electronics,1286.49,FALSE,85.15,938.96
,pants,Books,3365.74,FALSE,15.49,4013.73
,watch,Home Decor,2571.08,TRUE,8.86,3613.55
,shirt,Toys,1575.22,TRUE,41.41,1358
,gloves,Home Decor,501.31,TRUE,28.77,864.41
,hat,Sports Equipment,3378.7,FALSE,74.85,2293.84
,watch,Clothing,4205.39,TRUE,65.19,3051.83
,socks,Sports Equipment,2481.75,FALSE,89.33,3531.35
,belt,Electronics,192.09,TRUE,18.48,3783.81
,jacket,Clothing,1310.2,FALSE,56.88,875.8
,belt,Books,2492.88,FALSE,33.5,506.85
,belt,Clothing,3000.65,TRUE,3.3,4675.85
,watch,Clothing,4904.37,FALSE,45.75,1009.05
,scarf,Electronics,3813.03,FALSE,27.82,2527.58
,jacket,Electronics,1655.05,TRUE,1.07,212.89
,hat,Home Decor,114.19,TRUE,24.16,1334.2
,socks,Sports Equipment,4501.25,TRUE,12.99,1457.07
,shirt,Toys,2318.2,FALSE,24.26,509.21
,pants,Electronics,2666.81,FALSE,11.24,3952.9
,scarf,Books,2174.01,FALSE,11.3,1892.92
,shirt,Electronics,4379.52,TRUE,32.72,4884.8
,belt,Sports Equipment,4298.51,TRUE,85.79,864.84
,hat,Clothing,2181.22,FALSE,54.91,3608.73
,jacket,Home Decor,1661.28,FALSE,57.8,4070.17
,belt,Books,2934.87,FALSE,23.18,1078.45
,hat,Home Decor,2274.47,TRUE,57.88,472.84
,pants,Home Decor,3619.07,TRUE,65.69,1850.48
,pants,Toys,1342.49,TRUE,50.65,1430.45
,socks,Books,734.88,FALSE,93.34,3264.01
,socks,Sports Equipment,4543.71,FALSE,26.2,1567.58
,scarf,Toys,1418.82,TRUE,29.87,3061.03
,jacket,Home Decor,167.63,TRUE,41.1,3252.3
,shirt,Books,568.95,FALSE,60.85,48.03
,pants,Toys,4314.13,TRUE,28.23,1023.82
,hat,Clothing,4291.48,TRUE,43.5,2406.32
,pants,Home Decor,337.98,FALSE,37.27,488.68
,shoes,Sports Equipment,2633.68,FALSE,24.26,4580.64
,pants,Books,4374.48,TRUE,74.82,139.7
,gloves,Books,1812.12,TRUE,80.47,510.56
,gloves,Electronics,4015.07,TRUE,2.96,3801.87
,pants,Electronics,2956.64,FALSE,24.81,1957.06
,gloves,Home Decor,4963.06,TRUE,9.78,4747.97
,watch,Electronics,1988.83,FALSE,33.77,2027.12
,gloves,Sports Equipment,600.96,FALSE,8.86,4256.2
,jacket,Sports Equipment,4785.78,TRUE,97.1,1346.45
,hat,Home Decor,2497.69,TRUE,38.56,3456.32
,watch,Clothing,2047.5,TRUE,97.97,3984.51
,watch,Clothing,1202.86,FALSE,36.46,3458.31
,shoes,Electronics,4238.65,TRUE,8.59,2432.84
,shoes,Books,4402.09,TRUE,69.35,2327.2
,belt,Clothing,3329.36,FALSE,83.49,693.17
,shirt,Toys,538.14,TRUE,77.62,3617.88
,shoes,Home Decor,1286.29,TRUE,44.63,1091.66
,shirt,Clothing,781.9,TRUE,1.8,4714.84
,hat,Books,341.57,TRUE,89.09,1909.56
,pants,Sports Equipment,1937.23,TRUE,32.47,2219.06
,watch,Toys,2492.11,FALSE,24.09,338.7
,shirt,Home Decor,3868.49,TRUE,18.56,364.05
,hat,Books,4053.41,TRUE,42.73,1089.66
,watch,Toys,1584.15,FALSE,67.34,4753.36
,watch,Clothing,2773.61,FALSE,38.85,1494.78
,shirt,Books,2196.54,TRUE,82.19,3392.96
,gloves,Clothing,3152.42,FALSE,45.35,3712.31
,jacket,Sports Equipment,3177.95,FALSE,86.23,1927.97
,pants,Sports Equipment,3509.02,FALSE,75.99,916.28
,scarf,Clothing,2036.33,FALSE,74.5,558.14
,pants,Home Decor,2814.52,FALSE,11.24,2782
,pants,Home Decor,2398.03,TRUE,73.02,4221.92
,belt,Books,4692.25,FALSE,40.18,1181.69
,socks,Sports Equipment,1339.33,FALSE,86.56,556.08
,belt,Books,4414.58,FALSE,55.95,411.23
,scarf,Books,3614.61,TRUE,84.43,3855.43
,shoes,Sports Equipment,4034.31,TRUE,13.15,3520.33
,shoes,Electronics,1384.66,FALSE,3.97,4147.57
,belt,Home Decor,3177.67,FALSE,8.69,3462.33
,jacket,Home Decor,2629.55,TRUE,37.46,2045.05
,jacket,Toys,2070.42,FALSE,18.58,866.22
,shirt,Sports Equipment,1396.83,TRUE,35.74,174.64
,socks,Clothing,141.57,FALSE,51.23,89.35
,hat,Home Decor,2614.97,TRUE,36.15,4065.93
,scarf,Sports Equipment,3738.65,FALSE,58.13,3675.32
,gloves,Toys,2949.98,TRUE,38.38,491.15
,socks,Electronics,434.43,TRUE,66.88,4335.61
,pants,Sports Equipment,864.22,TRUE,49.36,1315
,scarf,Toys,1871.67,FALSE,61.66,1405.97
,jacket,Sports Equipment,2365.79,FALSE,0.49,4212.25
,shoes,Books,4172.84,FALSE,77.98,369.88
,pants,Sports Equipment,2248.99,TRUE,79.85,4057.26
,socks,Home Decor,1262.34,FALSE,31.5,2510.54
,hat,Sports Equipment,2886.93,FALSE,33.98,4882.15
,hat,Books,2657.46,TRUE,96.63,1353.1
,gloves,Electronics,1649.06,TRUE,80.89,4228.14
,jacket,Toys,3744.45,FALSE,16.04,892.32
,pants,Clothing,1746.54,TRUE,71.9,1851.01
,belt,Home Decor,4644.16,FALSE,11.26,1529.8
,socks,Clothing,3575.92,FALSE,44.99,4079.92
,jacket,Home Decor,2818.02,FALSE,5.05,603.91
,gloves,Home Decor,2994.44,TRUE,73.61,773.31
,hat,Home Decor,2385.11,TRUE,82.47,4457.8
,pants,Clothing,4880.91,FALSE,4.41,1115.96
,watch,Electronics,3835.41,TRUE,13.53,1846.2
,belt,Clothing,436.92,FALSE,18.14,3252.78
,jacket,Toys,2008.43,FALSE,39.45,156.8
,hat,Home Decor,582.36,FALSE,67,3804.21
,watch,Home Decor,3166.6,TRUE,8.1,4325.64
,shoes,Sports Equipment,2093.95,FALSE,86.76,3705.3
,belt,Toys,4261.38,FALSE,87.84,911.99
,belt,Clothing,715.28,FALSE,8.56,1295.21
,jacket,Electronics,2266.21,FALSE,81.98,4134.91
,jacket,Home Decor,2808.65,FALSE,84.06,3890.28
,watch,Electronics,4756.94,FALSE,19.13,3397.06
,shoes,Books,3722.79,FALSE,64.02,3525.45
,shirt,Electronics,2174.58,TRUE,15.62,779.89
,pants,Books,4147.76,FALSE,68.05,4409.99
,watch,Electronics,3070.96,FALSE,65.74,1479.22
,shoes,Electronics,3896.73,FALSE,45.68,2552.46
,watch,Clothing,1297.37,FALSE,93.7,3091.89
,scarf,Clothing,1547.45,FALSE,12.99,2428.13
,socks,Sports Equipment,383.66,FALSE,79.17,1929.43
,socks,Sports Equipment,4306.15,TRUE,40.39,11.52
,scarf,Clothing,2915.01,TRUE,44.47,158.52
,watch,Clothing,2050.86,FALSE,87.37,2804.07
,scarf,Books,3737.46,FALSE,59.31,3405.32
,shirt,Electronics,837.36,FALSE,4.13,3873.74
,socks,Books,4208.48,FALSE,52.82,3372.92
,shirt,Books,1217.32,FALSE,25.25,1890.73
,hat,Clothing,2605.99,TRUE,54.38,110.7
,belt,Clothing,1585.35,FALSE,67.34,3641.86
,scarf,Clothing,537.31,TRUE,18.97,699.4
,hat,Sports Equipment,315.76,FALSE,64.36,2539.43
,pants,Home Decor,3036.37,TRUE,99.13,1868.3
,jacket,Books,4600.07,TRUE,67.79,4895.19
,scarf,Books,1461.15,FALSE,63.3,1518.82
,belt,Home Decor,3260.09,FALSE,56.92,3311.38
,pants,Clothing,1197.16,TRUE,7.66,3186.11
,gloves,Sports Equipment,3630.48,TRUE,54.06,433.71
,watch,Clothing,3168.15,TRUE,52.21,3649.81
,jacket,Home Decor,1601.3,TRUE,6.56,2100.71
,belt,Toys,2946,FALSE,37.87,3075.51
,hat,Sports Equipment,830.32,FALSE,4.01,3018.16
,jacket,Home Decor,1731.58,TRUE,11.81,1492.53
,jacket,Toys,1026.82,FALSE,59.74,4193.7
,shirt,Clothing,2524.4,FALSE,83.47,1861.44
,pants,Electronics,1087.05,FALSE,61.25,457.95
,pants,Clothing,4547.47,TRUE,40.35,3254.53
,pants,Clothing,2007,FALSE,31.8,2752.91
,shoes,Home Decor,1431.97,TRUE,6.62,1817.91
,shirt,Home Decor,2053.78,FALSE,13.02,441.91
,pants,Books,4753.79,FALSE,6.43,2136.28
,scarf,Clothing,3113.23,TRUE,17.13,816.04
,shoes,Clothing,4951.33,TRUE,80.99,2479.7
,jacket,Electronics,4485.69,FALSE,23.26,756.2
,belt,Toys,602.22,TRUE,38.11,252.52
,pants,Clothing,1272.18,FALSE,54.22,3398.68
,jacket,Home Decor,3301.87,FALSE,72.67,1031.22
,hat,Toys,1745.71,TRUE,11.56,1540.88
,gloves,Home Decor,3691.18,TRUE,6.06,824
,belt,Toys,3150.33,FALSE,29.52,1535.48
,hat,Home Decor,619.5,TRUE,34.2,1420.95
,jacket,Books,250.1,TRUE,23.44,3044.64
,scarf,Electronics,3600.65,TRUE,34.62,3361.09
,shoes,Clothing,3794.12,FALSE,45.11,2134.61
,scarf,Clothing,450.91,FALSE,52.01,2768.67
,hat,Electronics,4732.98,FALSE,77.39,2617.22
,scarf,Electronics,359.16,TRUE,0.14,1651.43
,shoes,Electronics,1247.03,FALSE,75.34,4625.9
,scarf,Books,1951.06,FALSE,90.95,2190.59
,jacket,Toys,4757.21,TRUE,46.26,1323.85
,belt,Books,2002.14,TRUE,26.49,3280.28
,hat,Sports Equipment,1886.51,FALSE,43.55,932.67
,pants,Sports Equipment,1125.76,TRUE,47.77,3536.59
,shoes,Clothing,540.64,TRUE,44.34,3212.28
,hat,Books,2436.38,TRUE,34.84,4202.57
,watch,Home Decor,1207.72,FALSE,65.81,934.38
,belt,Sports Equipment,3416.58,TRUE,19.6,412.97
,jacket,Toys,437.74,TRUE,66.18,2053.79
,belt,Clothing,4232.83,TRUE,43.21,1700.99
,scarf,Books,4719.51,TRUE,25.49,994.74
,hat,Books,61.32,TRUE,46.64,1255.43
,shirt,Home Decor,2594.33,TRUE,35.41,1383.94
,shoes,Sports Equipment,3329.1,FALSE,97.03,1789.69
,pants,Electronics,2708.92,FALSE,19.5,1287.17
,gloves,Toys,1165.26,FALSE,95.05,4985.77
,jacket,Clothing,4942.02,TRUE,23.57,99.3
,hat,Toys,3214.6,FALSE,33.06,4509.88
,jacket,Clothing,4407.66,TRUE,89.61,2374.05
,shirt,Home Decor,3441.5,TRUE,50.01,19.44
,pants,Books,2447.13,TRUE,94.2,3678.76
,shoes,Books,679.28,FALSE,58.63,435.36
,watch,Sports Equipment,2719.28,FALSE,94.41,3926.14
,watch,Toys,1653.98,TRUE,40.52,1674.15
,scarf,Home Decor,830.25,TRUE,39.95,334.07
,belt,Books,1264.17,FALSE,50.98,1116.26
,pants,Electronics,3945.97,FALSE,97.96,4668.92
,hat,Clothing,455.75,TRUE,76.42,892.72
,scarf,Books,2950.02,TRUE,13.12,3541.72
,scarf,Electronics,4851.91,TRUE,28.64,1757.79
,watch,Sports Equipment,4183.39,FALSE,95.42,4223.5
,gloves,Clothing,3011.53,TRUE,62.15,379.97
,pants,Clothing,2027.58,TRUE,65.56,4666.48
,shoes,Electronics,4214.03,TRUE,37.79,2301.65
,shirt,Clothing,3491.95,FALSE,56.22,3223.92
,shirt,Books,1791.13,FALSE,36.77,3584.1
,hat,Electronics,4656.98,TRUE,23.83,4898.08
,shoes,Sports Equipment,2028.2,FALSE,29.45,95.87
,belt,Books,73.74,TRUE,26.21,3450.91
,hat,Toys,1739.7,TRUE,42.62,4987.95
,belt,Clothing,3035.92,FALSE,55.91,174.38
,shirt,Books,3100.23,FALSE,31.7,2688.03
,hat,Home Decor,3356.07,TRUE,10.32,4796.25
,belt,Home Decor,4358.67,TRUE,20.73,2168.51
,gloves,Clothing,2618.33,TRUE,24.16,1615.62
,watch,Electronics,2679.99,TRUE,78.47,1983.65
,belt,Sports Equipment,261.79,TRUE,46.14,2752.7
,belt,Electronics,3151.35,FALSE,67.09,1651.4
,gloves,Home Decor,2810.67,TRUE,28.53,1123.97
,jacket,Electronics,3635.65,TRUE,95.66,4508.95
,socks,Toys,4437.89,FALSE,28.01,2407.7
,gloves,Electronics,1999.65,TRUE,99.61,1239.43
,scarf,Home Decor,3815.41,TRUE,85.06,4275.78
,belt,Sports Equipment,4570.44,TRUE,33.94,3144.68
,hat,Clothing,3651.84,FALSE,4.69,2973.87
,jacket,Clothing,2080.11,TRUE,52.44,466.34
,hat,Toys,456.49,FALSE,79.61,3623.31
,gloves,Toys,1815.43,FALSE,74.88,849.49
,shoes,Toys,113.42,TRUE,29.92,1391.23
,pants,Clothing,3138.21,TRUE,52.41,987.17
,belt,Home Decor,253.64,TRUE,26.03,3398.05
,watch,Home Decor,3464.11,FALSE,21.05,1575.03
,watch,Sports Equipment,1323.62,FALSE,48.44,2319.43
,pants,Electronics,3007.71,TRUE,55.31,3169.32
,scarf,Sports Equipment,626.81,FALSE,16.41,4376.59
,shirt,Toys,931.73,TRUE,26.64,1118.22
,pants,Electronics,3576.18,FALSE,65.87,2185.02
,scarf,Toys,4500.23,TRUE,18.69,2946.95
,jacket,Books,4601.98,TRUE,76,831.83
,scarf,Clothing,766.05,FALSE,24.76,2165.49
,scarf,Clothing,3064.71,FALSE,74,1315.33
,watch,Electronics,240.15,FALSE,28.65,4263.71
,scarf,Sports Equipment,1187.35,FALSE,49.75,4819.49
,pants,Home Decor,4558.88,TRUE,87.24,331.07
,gloves,Sports Equipment,1539.52,FALSE,38.6,1155.64
,shirt,Electronics,509.51,TRUE,38.19,752.96
,shirt,Toys,2329.61,TRUE,99.67,3852.03
,pants,Electronics,1560.04,FALSE,0.7,1618.5
,pants,Toys,283.62,TRUE,11.61,2997.1
,scarf,Sports Equipment,3616.31,TRUE,12.37,4722.25
,socks,Electronics,235.2,TRUE,1.29,842.44
,pants,Books,4472.51,FALSE,95.39,2899.18
,gloves,Home Decor,272.16,FALSE,91.53,3442.23
,hat,Books,4381.17,FALSE,7.83,4204.55
,gloves,Clothing,560.77,TRUE,21.77,1793.66
,socks,Sports Equipment,46.02,FALSE,21.59,4340.09
,watch,Toys,424.27,TRUE,77.88,4647.15
,scarf,Toys,2845.51,TRUE,87.35,1220.55
,watch,Electronics,2809.8,TRUE,44,4598.43
,hat,Sports Equipment,4986.63,FALSE,48.84,4760.34
,belt,Toys,4666.9,FALSE,69.47,62.82
,jacket,Home Decor,4790.51,FALSE,6.58,4010.81
,belt,Clothing,2643.31,FALSE,35.93,1466.01
,hat,Sports Equipment,1247.56,TRUE,7.17,1912.58
,watch,Sports Equipment,2514.93,TRUE,58.36,2896.57
,socks,Clothing,3654.17,FALSE,61.08,3467.59
,jacket,Toys,4445.79,FALSE,96.04,4883.49
,shirt,Sports Equipment,4268.7,FALSE,90.17,808.46
,socks,Sports Equipment,4898.79,FALSE,31.92,2372.95
,shirt,Home Decor,1000.66,FALSE,10.87,3131.89
,jacket,Electronics,3758.69,FALSE,13.37,1925.72
,belt,Sports Equipment,1388.35,FALSE,7.83,2230.51
,watch,Home Decor,2049.33,TRUE,89.1,3316.33
,jacket,Clothing,401.24,TRUE,11.4,4733.81
,socks,Sports Equipment,2831.45,TRUE,15.47,4992.86
,gloves,Home Decor,3043.16,FALSE,64.86,2061.82
,socks,Home Decor,2325.34,FALSE,69.46,3790.4
,jacket,Clothing,1193.02,TRUE,77.17,3553.8
,hat,Home Decor,3777.34,FALSE,91.24,4973.58
,socks,Books,3433.24,TRUE,40.33,3846.43
,socks,Home Decor,1542.86,TRUE,57.85,435.93
,gloves,Books,2700.86,TRUE,61.54,3273.44
,belt,Electronics,4956.1,FALSE,29.98,4030.27
,gloves,Sports Equipment,3495.85,FALSE,93.57,3754.54
,watch,Toys,4146.98,FALSE,88.59,1024.28
,hat,Electronics,4453.79,FALSE,44.53,4505.64
,gloves,Toys,3304.94,TRUE,27.9,3223.21
,watch,Toys,2754.64,FALSE,62.31,4701.43
,hat,Electronics,3998.64,TRUE,75.81,2324.63
,shirt,Home Decor,623.09,FALSE,74.98,3669.14
,watch,Books,3374.14,TRUE,26.73,3309.02
,pants,Electronics,3234.89,TRUE,41.46,3996.5
,shoes,Toys,4547.01,TRUE,53.93,1750.95
,pants,Books,1308.27,TRUE,41.49,1313.82
,pants,Electronics,2449.57,FALSE,16.05,95.76
,pants,Books,3218.61,FALSE,73.9,1018.82
,pants,Clothing,374.09,FALSE,60.16,2621.4
,scarf,Home Decor,4485.34,FALSE,3.52,1808.42
,scarf,Books,307.21,TRUE,16.56,1029
,scarf,Sports Equipment,4961.12,FALSE,35.64,4424.12
,gloves,Clothing,4942.06,FALSE,6.04,4010.25
,scarf,Clothing,4002.14,TRUE,27.27,2280.9
,watch,Books,1566.95,TRUE,89.18,4048.88
,scarf,Clothing,2528.99,TRUE,36.87,2365.98
,jacket,Sports Equipment,4055.7,TRUE,28.76,474.87
,watch,Home Decor,868.34,FALSE,48.59,1821.56
,hat,Toys,521.63,TRUE,83.92,4370.52
,shoes,Sports Equipment,3157.87,TRUE,84.99,1346.77
,scarf,Clothing,1617.26,TRUE,86.3,1403.45
,belt,Electronics,2263.57,FALSE,91.74,2930.81
,hat,Toys,1288.69,FALSE,1.79,3783.68
,shoes,Electronics,2018.61,TRUE,19.84,957.82
,watch,Toys,534.71,FALSE,27.89,4237.63
,watch,Clothing,1916.71,TRUE,83.2,4818.87
,jacket,Home Decor,3531.36,TRUE,10.04,2719.03
,jacket,Sports Equipment,3214.48,TRUE,42.31,2509.84
,pants,Electronics,154.13,FALSE,4.5,2551.91
,hat,Clothing,4682.84,TRUE,62.08,2992.88
,jacket,Home Decor,3172.57,FALSE,0.36,3209
,scarf,Electronics,4015.02,TRUE,75.84,4837.85
,scarf,Toys,1163.58,FALSE,54.42,1937.8
,socks,Electronics,1255.07,FALSE,39.06,2405.8
,hat,Books,1368.58,TRUE,47.2,0.56
,socks,Sports Equipment,4928.84,TRUE,58.74,4473.29
,shoes,Clothing,1788.41,TRUE,20.35,4513.01
,watch,Sports Equipment,3251.54,FALSE,70.63,3773.05
,watch,Toys,2222.71,FALSE,52.35,4636.77
,jacket,Books,4869.56,TRUE,24.18,561.28
,shoes,Electronics,3899.96,FALSE,49.41,2362.41
,jacket,Toys,2573.93,FALSE,64.11,670.76
,socks,Home Decor,17.68,FALSE,37.7,2957.15
,shirt,Books,4323.62,TRUE,10.8,2831.58
,hat,Electronics,962.01,FALSE,10.16,4791.42
,shirt,Electronics,4109.81,TRUE,52.04,2672.37
,watch,Sports Equipment,4163.59,FALSE,88.81,1619.24
,scarf,Home Decor,2418.27,FALSE,69.35,304.19
,hat,Sports Equipment,3133.52,FALSE,41.82,3685.52
,gloves,Books,4810.83,FALSE,15.74,398.25
,hat,Books,384.08,TRUE,76.9,436.03
,watch,Sports Equipment,3108.77,TRUE,80.93,3484.16
,pants,Sports Equipment,2680.85,FALSE,72.71,1524.52
,jacket,Books,4310,TRUE,48.03,4640.16
,gloves,Toys,1909.93,TRUE,75.46,817.96
,shoes,Clothing,4120.72,FALSE,35.39,880.53
,watch,Electronics,843.6,TRUE,31.94,4571.43
,watch,Sports Equipment,4922.37,FALSE,88.02,1131.56
,gloves,Home Decor,3257.97,FALSE,4.85,3814.08
,jacket,Sports Equipment,1058.04,TRUE,30.93,4724.56
,shoes,Toys,1502.08,FALSE,46.46,529.21
,hat,Toys,2507.39,FALSE,63.69,2912.11
,hat,Sports Equipment,3931.04,FALSE,26.47,503.65
,watch,Electronics,4886.06,FALSE,54.48,144.49
,socks,Home Decor,2316.09,TRUE,30.16,2802.77
,belt,Electronics,4414.05,TRUE,4.17,2763.9
,socks,Sports Equipment,2903.97,FALSE,73.93,2401.33
,pants,Electronics,3432.91,FALSE,26.94,3555.36
,jacket,Electronics,2111.06,TRUE,78.25,3733.41
,scarf,Toys,1983.15,TRUE,22.05,1167.78
,watch,Home Decor,2365.65,FALSE,22.79,1926.84
,belt,Books,3942.2,FALSE,99.43,1670.92
,scarf,Clothing,4301.23,FALSE,16.89,3721.48
,belt,Books,3170.99,TRUE,63.62,3460.34
,socks,Clothing,229.49,TRUE,60.19,1436.75
,shoes,Electronics,1070.17,TRUE,81.62,3163.88
,belt,Electronics,4560.82,TRUE,80.1,4665.35
,watch,Toys,2059.67,TRUE,28.49,1355.82
,hat,Electronics,987.18,FALSE,8.5,853.62
,scarf,Sports Equipment,889.58,TRUE,75.23,482.77
,shoes,Sports Equipment,4124.05,FALSE,1.26,4082.74
,scarf,Books,2020.88,TRUE,92.44,129.23
,socks,Home Decor,4721.14,TRUE,83.49,564.55
,belt,Sports Equipment,4832.51,TRUE,50.22,1175.65
,shirt,Sports Equipment,3318.6,TRUE,23.67,4167.41
,shoes,Books,2912.89,TRUE,40.84,4799.77
,socks,Clothing,836.18,FALSE,40.6,3647.67
,shoes,Sports Equipment,3881.75,TRUE,66.61,3555.36
,scarf,Books,262.96,FALSE,48.8,3488.92
,hat,Books,3260.23,TRUE,89.48,3740.9
,jacket,Clothing,370.26,FALSE,64.44,2103.43
,hat,Home Decor,1607,TRUE,67.72,1461.06
,socks,Books,119.6,FALSE,5.52,2779.17
,watch,Home Decor,3117.39,FALSE,0.79,1811.72
,gloves,Electronics,1951.24,FALSE,74.91,2578.83
,scarf,Toys,1091.61,TRUE,97.02,4709.9
,jacket,Sports Equipment,1308.84,FALSE,58.25,3918.7
,belt,Books,4887.7,FALSE,97.58,1416.33
,jacket,Sports Equipment,2738.82,TRUE,2.65,4357.15
,jacket,Home Decor,3203.34,TRUE,87.11,3363.95
,jacket,Electronics,1288.47,TRUE,94.77,2555.86
,pants,Home Decor,982.83,FALSE,96.79,3629.39
,socks,Home Decor,3942.23,TRUE,35.23,2591.88
,shirt,Sports Equipment,3080.34,TRUE,84.14,2940.42
,pants,Sports Equipment,298.94,FALSE,80.74,3648.73
,gloves,Electronics,2567.09,TRUE,71.11,1809.15
,jacket,Books,1909.87,FALSE,34.26,575.07
,gloves,Electronics,87.79,TRUE,99.23,2629.79
,shoes,Home Decor,2741.24,TRUE,3.88,3794.48
,gloves,Toys,2239.27,TRUE,38.42,1576.35
,shoes,Toys,4964.59,TRUE,70.83,2462.27
,belt,Toys,3285.84,TRUE,37.17,2155.87
,scarf,Home Decor,253.83,FALSE,34.12,762.92
,gloves,Clothing,2515.22,TRUE,54.26,3635.99
,watch,Sports Equipment,1501.9,FALSE,60.32,1359.42
,scarf,Books,4309.8,TRUE,43.72,1643.65
,shirt,Home Decor,1956.96,FALSE,16.76,1997.2
,belt,Clothing,4578.03,TRUE,46.35,326.83
,watch,Sports Equipment,4687.84,FALSE,27.02,746.21
,watch,Home Decor,1385.15,FALSE,45.34,1703.72
,pants,Clothing,4735.3,FALSE,10.22,964.14
,socks,Electronics,908.13,FALSE,62.11,4462.2
,shoes,Toys,246.94,TRUE,62.5,543.82
,shoes,Home Decor,4509.43,TRUE,36.84,2197.07
,gloves,Clothing,3385.48,FALSE,35,3525.44
,jacket,Clothing,2408.73,TRUE,17.33,1565.06
,hat,Books,1846.05,FALSE,94.79,1513.5
,shirt,Electronics,1898.86,TRUE,97.65,3852.07
,belt,Clothing,4868.66,TRUE,22.48,2068.73
,jacket,Books,2334.92,FALSE,36.76,868.93
,watch,Electronics,2631.72,TRUE,24.88,2271.49
,shirt,Sports Equipment,37.36,FALSE,42.29,1088.89
,scarf,Books,2962.91,TRUE,40.77,4272.84
,jacket,Toys,3646.68,FALSE,88.88,3928.31
,gloves,Sports Equipment,3764.98,TRUE,86.16,1018.34
,belt,Electronics,798.82,FALSE,98.24,1552.85
,shoes,Clothing,944.61,FALSE,25.09,2368.71
,belt,Electronics,4679.51,TRUE,37.16,28.69
,pants,Toys,305.09,FALSE,5.76,2730.83
,socks,Home Decor,1530.89,TRUE,40.03,896.05
,watch,Clothing,2589.99,FALSE,49.51,3127.28
,jacket,Clothing,2899.78,FALSE,68.92,3043.13
,shirt,Sports Equipment,3491.32,TRUE,88.19,1972.61
,pants,Electronics,2063.6,FALSE,26.78,2418.17
,watch,Electronics,1727.47,TRUE,40.69,1157.63
,gloves,Electronics,646.23,FALSE,75.75,1105.86
,scarf,Sports Equipment,2863.75,TRUE,64.54,1138.26
,pants,Toys,217.46,TRUE,86.82,3649.29
,belt,Toys,4196.96,FALSE,34.57,4634.26
,watch,Toys,3977.76,FALSE,84.88,4257.63
,gloves,Clothing,2579.64,TRUE,71.23,4123.41
,hat,Home Decor,3673.55,FALSE,80.43,1226.63
,socks,Electronics,3498.28,FALSE,53.74,269.1
,shoes,Home Decor,4897.58,FALSE,34.79,3030.8
,pants,Electronics,2413.32,TRUE,72.85,3098.87
,scarf,Books,390.72,FALSE,61.4,3466.85
,gloves,Sports Equipment,513.84,FALSE,26.51,52.91
,hat,Books,2542.03,FALSE,23.53,3065.61
,scarf,Sports Equipment,157.1,TRUE,84.31,2349.52
,shoes,Sports Equipment,3911.32,FALSE,89.79,4504.65
,hat,Books,4076.86,TRUE,76.55,74.21
,belt,Home Decor,476.42,FALSE,72.83,2955.85
,scarf,Clothing,4498.99,TRUE,91.32,1234.98
,pants,Clothing,313.15,TRUE,31.34,1336.72
,gloves,Clothing,2289.51,FALSE,75.75,3007.92
,watch,Electronics,2565,FALSE,57.13,4135.44
,watch,Clothing,978.87,FALSE,68.25,3135.51
,socks,Electronics,4607.04,FALSE,79.39,3394.1
,scarf,Toys,2476.36,FALSE,85.32,4981.81
,jacket,Clothing,2572.66,TRUE,16.59,44.71
,belt,Sports Equipment,3063.28,TRUE,7.68,1222.79
,scarf,Home Decor,1331.96,FALSE,80.57,2818.32
,shoes,Electronics,575.08,FALSE,10.16,4226.64
,belt,Home Decor,569.84,TRUE,66.48,2871.93
,jacket,Clothing,4032.83,TRUE,34.34,230.12
,pants,Electronics,1649.86,FALSE,43.94,1564.2
,belt,Electronics,4311.33,FALSE,91.97,4231.06
,shoes,Home Decor,1355.27,FALSE,1.31,4088.43
,gloves,Electronics,2302.79,TRUE,45.8,1924.72
,watch,Books,865.45,FALSE,45.72,938.71
,socks,Sports Equipment,4657.92,TRUE,53.87,1790.78
,socks,Electronics,976.55,FALSE,59.45,2235.99
,shirt,Clothing,559.37,FALSE,25.82,3890.18
,shirt,Books,2331.35,FALSE,8.31,3228.23
,pants,Toys,4018.89,FALSE,32.97,2553.49
,hat,Home Decor,4896.13,FALSE,55.85,2236.32
,shoes,Sports Equipment,2717.29,TRUE,33.28,225.05
,shoes,Clothing,2890.54,TRUE,4.05,4730.74
,hat,Sports Equipment,4162.4,TRUE,76.68,3557.44
,pants,Toys,4740.81,FALSE,81.29,4652.27
,shoes,Home Decor,1157.83,TRUE,49.64,2000.11
,scarf,Books,1040.82,FALSE,69.23,3211.35
,watch,Toys,14.63,FALSE,10.16,246.38
,socks,Toys,373.41,FALSE,64.77,4583.93
,shirt,Electronics,3076.74,FALSE,30.96,494.22
,jacket,Sports Equipment,1370.71,FALSE,99.63,546.02
,belt,Books,2079.64,TRUE,14.07,448.91
,jacket,Sports Equipment,2877.41,FALSE,69.56,4292.62
,watch,Electronics,4083.5,FALSE,3.59,2509.22
,scarf,Clothing,1362.27,FALSE,36.01,1109.84
,socks,Sports Equipment,3085.39,FALSE,25.43,1544.75
,watch,Toys,2454.14,FALSE,35.94,3630.63
,belt,Books,880.1,TRUE,91.99,2569.35
,belt,Books,1491.19,FALSE,96.75,2657.34
,gloves,Clothing,209.48,FALSE,35.57,95.22
,hat,Electronics,95.77,FALSE,81.2,1948.35
,gloves,Electronics,3746.59,TRUE,40.74,1707.73
,socks,Electronics,1737.27,TRUE,83.33,4456.05
,belt,Home Decor,3446.96,TRUE,53.07,3752.97
,watch,Electronics,1744.51,FALSE,84.84,3595.06
,belt,Home Decor,3425.42,TRUE,21.1,1815.25
,gloves,Clothing,4601.15,TRUE,78.48,1473.18
,belt,Electronics,4012.3,FALSE,63.99,4693.09
,shoes,Sports Equipment,2719.04,TRUE,63.02,2825.15
,gloves,Clothing,3152.79,TRUE,50.87,4101.33
,belt,Toys,535.77,TRUE,71.99,1723.52
,hat,Sports Equipment,2726.92,FALSE,39.41,4918.25
,jacket,Clothing,2085.41,FALSE,25.95,3587.75
,socks,Toys,1373.23,FALSE,81.95,1752.95
,hat,Electronics,2524.85,FALSE,43.93,2680.24
,hat,Sports Equipment,3806.8,TRUE,25.42,1381.63
,watch,Home Decor,4012.15,TRUE,37.31,2022.56
,watch,Clothing,4267.47,FALSE,85.23,795.92
,hat,Electronics,2238.36,FALSE,75.38,679.32
,socks,Electronics,3309.99,FALSE,62.79,607.36
,belt,Home Decor,1433.03,FALSE,58.42,563.54
,hat,Sports Equipment,3996.41,FALSE,47.54,2061.91
,jacket,Clothing,442.81,TRUE,72.6,2332.29
,watch,Electronics,2311.98,FALSE,67.09,3857.56
,watch,Electronics,4654,TRUE,63.52,3159.02
,hat,Toys,2845.39,TRUE,77.85,1269.65
,jacket,Toys,3038.34,FALSE,21.16,3671.62
,watch,Sports Equipment,4875.51,TRUE,28.46,1798.53
,scarf,Electronics,1203,TRUE,76.01,4476.86
,watch,Toys,2666.01,FALSE,79.19,2717.9
,watch,Electronics,785.3,TRUE,53.36,360.73
,jacket,Clothing,4875.88,FALSE,29.18,4569.58
,shoes,Home Decor,2123.02,TRUE,61.03,2091.48
,shirt,Sports Equipment,3968.09,TRUE,5.84,2820.49
,pants,Toys,2422.01,FALSE,44.44,4710.1
,hat,Books,3927.36,TRUE,29.8,525.97
,shoes,Toys,3937.63,FALSE,95.47,3624.15
,hat,Clothing,679.88,FALSE,54.46,2360.22
,pants,Toys,4026.69,FALSE,68.77,3933.34
,shoes,Books,3449.96,FALSE,70.22,4865.35
,belt,Sports Equipment,237.53,TRUE,80.88,1774.72
,belt,Books,4643.43,FALSE,37.32,3066.65
,shirt,Home Decor,4370.19,TRUE,3.22,1730.71
,shoes,Electronics,2163.78,FALSE,93.95,2181.87
,socks,Toys,665.61,FALSE,81.65,139.38
,watch,Books,2952.13,TRUE,29.9,2755.55
,scarf,Clothing,2118.71,TRUE,59.07,4563.16
,watch,Books,1969.03,TRUE,70.17,568.89
,shoes,Sports Equipment,4908.13,TRUE,90.88,1141.21
,shoes,Clothing,1086.91,TRUE,68.75,941.55
,jacket,Toys,2251.41,FALSE,97.29,2056.81
,gloves,Home Decor,2661.55,TRUE,49.47,4085.83
,hat,Toys,3580.69,TRUE,12.37,2415.6
,gloves,Electronics,2716.89,TRUE,72.37,4177.21
,socks,Toys,4345.65,FALSE,16.22,2772.08
,watch,Sports Equipment,4810.95,TRUE,51.67,3231.71
,hat,Clothing,1173.57,TRUE,26.03,1488.84
,scarf,Electronics,3915.52,FALSE,7.23,4198.6
,watch,Electronics,847.3,FALSE,62.67,2631.13
,hat,Home Decor,3155.22,FALSE,11.54,4187.53
,socks,Sports Equipment,3026.31,TRUE,51.35,4094.13
,shoes,Toys,138.08,TRUE,60.55,2860.55
,pants,Electronics,2109.51,FALSE,78.51,3798.44
,socks,Clothing,1141.17,FALSE,23.45,1309.95
,scarf,Books,414.06,TRUE,9.74,4264.5
,scarf,Electronics,2233.51,FALSE,93.56,2359.7
,shoes,Electronics,2621.96,TRUE,48.36,2397.46
,watch,Books,4694.03,FALSE,60.65,4686
,hat,Sports Equipment,196.05,TRUE,83.97,3005.95
,hat,Clothing,428.64,TRUE,62.43,777.81
,shoes,Home Decor,738.3,TRUE,64.71,590.8
,hat,Home Decor,582.07,TRUE,72.64,2748.2
,gloves,Toys,1959.28,FALSE,19.34,3630.42
,watch,Home Decor,3808.94,TRUE,89.94,1790.31
,belt,Books,1136.62,FALSE,52.9,1165
,shirt,Home Decor,2471.47,TRUE,36.9,1608.44
,shoes,Toys,1433.29,FALSE,3.79,436.68
,jacket,Sports Equipment,1195.08,FALSE,41.97,2588.72
,shoes,Books,604.8,FALSE,46.62,32.28
,scarf,Clothing,1775.14,FALSE,96.59,627.79
,jacket,Books,3076.77,FALSE,65.84,2135.03
,watch,Toys,4640.42,FALSE,41.33,1041.73
,scarf,Clothing,2594.06,TRUE,24.8,625.81
,pants,Electronics,3368.54,FALSE,4.21,2107.6
,belt,Toys,4247.77,FALSE,91.23,3727.92
,gloves,Books,1158.86,TRUE,68.16,4272.97
,shirt,Sports Equipment,4912.07,TRUE,59.89,4540.89
,shirt,Clothing,3376.46,FALSE,0.69,3246.83
,scarf,Clothing,3238.87,TRUE,18.67,2005.39
,hat,Toys,388.67,TRUE,60.18,3269.71
,hat,Toys,2250.33,FALSE,12.63,1152.93
,pants,Clothing,2252.24,TRUE,35.24,4117.18
,jacket,Home Decor,4744.65,FALSE,29.71,4270.13
,shirt,Electronics,363.48,FALSE,0.15,967.93
,belt,Home Decor,124.7,FALSE,6.53,541.77
,socks,Home Decor,4143.24,FALSE,21.93,4279.6
,watch,Clothing,1309.29,FALSE,83.87,34.13
,shirt,Home Decor,3989.49,FALSE,5.31,4680.27
,socks,Electronics,2344.86,FALSE,54.07,4171.59
,scarf,Toys,4992.13,FALSE,14.69,4755.86
,belt,Books,2750.39,TRUE,43.75,772.19
,jacket,Electronics,3865.25,TRUE,59.37,1153.15
,gloves,Electronics,597.56,TRUE,47.12,4323.73
,shoes,Clothing,3940.64,FALSE,95.88,3015.94
,watch,Clothing,3005.99,FALSE,33.97,3855.47
,scarf,Clothing,2164.68,FALSE,94.94,162.19
,hat,Home Decor,1743.23,TRUE,25.08,1892.98
,shoes,Books,2338.87,FALSE,31.82,1375.35
,hat,Toys,3628.59,FALSE,89.14,838.36
,gloves,Toys,826.82,TRUE,75.99,3625.85
,pants,Electronics,3887.65,TRUE,67.31,2509.96
,shoes,Books,1071.92,FALSE,99.91,4739.05
,scarf,Home Decor,2609.39,TRUE,85.28,384.07
,socks,Home Decor,4680.43,TRUE,67.57,2397.92
,shoes,Clothing,2889.94,TRUE,25.56,4725.01
,socks,Books,1706.06,FALSE,36.02,1002.76
,jacket,Clothing,4585.86,FALSE,15.98,373.8
,belt,Books,1407.97,TRUE,61.64,2882.96
,gloves,Toys,2475.47,FALSE,58.58,1496.89
,hat,Toys,3969.06,FALSE,62.29,1839.84
,pants,Books,416.6,TRUE,21.97,3913.38
,belt,Sports Equipment,4786.18,FALSE,85.74,1134.1
,pants,Home Decor,4982.29,FALSE,0.96,4480.72
,socks,Books,4439.53,TRUE,16.23,108.67
,gloves,Toys,4362.3,TRUE,86.58,2074.23
,watch,Sports Equipment,4958.53,TRUE,84.13,2246.32
,scarf,Toys,662.89,TRUE,76.42,673.74
,hat,Sports Equipment,150.34,FALSE,11.16,4020.98
,belt,Clothing,1403.05,TRUE,92.94,1127.69
,socks,Electronics,3916.84,FALSE,99.17,3525.6
,belt,Toys,4179.17,TRUE,95.61,599.94
,gloves,Books,24.93,FALSE,2.57,1359.7
,watch,Clothing,2258.39,FALSE,0.43,124.08
,jacket,Home Decor,3202.55,FALSE,10.51,4606.14
,scarf,Electronics,2103.97,TRUE,87.1,1223.9
,pants,Sports Equipment,2095.17,TRUE,1.35,2815.83
,shoes,Sports Equipment,3230.19,TRUE,75.38,465.2
,jacket,Toys,501.04,FALSE,33.92,3768.83
,watch,Clothing,2519.27,FALSE,15.01,1371.95
,jacket,Books,4311.6,FALSE,39.23,4289.07
,shirt,Books,3968.69,TRUE,17.3,4961.06
,pants,Electronics,3482.64,TRUE,37.14,510.3
,gloves,Home Decor,3895.5,FALSE,88.36,4167.94
,pants,Home Decor,236.14,FALSE,82.44,826.53
,gloves,Sports Equipment,1875.88,FALSE,7.78,3480.16
,shirt,Clothing,1443.1,FALSE,32.53,765.53
,shoes,Home Decor,1105.34,FALSE,32.9,773.48
,shirt,Toys,2394.82,TRUE,6.27,2785.22
,socks,Toys,2416.58,FALSE,27.12,4078.18
,hat,Home Decor,3267.16,FALSE,19.93,3760.65
,jacket,Electronics,3025.92,TRUE,88.05,1927.23
,belt,Toys,2015.38,TRUE,56.41,4126.57
,pants,Clothing,3638.26,TRUE,15.4,4555.83
,hat,Toys,1607.8,FALSE,17.04,3482.5
,jacket,Clothing,4925.23,TRUE,78.82,1736.4
,hat,Clothing,3342.58,TRUE,31.39,3872.96
,hat,Clothing,2572.19,TRUE,60.44,1594.24
,scarf,Sports Equipment,2274.89,FALSE,16.81,3369.02
,gloves,Electronics,4237.34,TRUE,98.69,4839.59
,jacket,Sports Equipment,2643.1,FALSE,68.46,3084.17
,shoes,Electronics,765.3,TRUE,93.03,1855.86
,belt,Clothing,2003.86,TRUE,5.28,255.01
,jacket,Electronics,681.03,TRUE,76.34,2142.18
,jacket,Clothing,145.2,TRUE,33.19,2240.3
,watch,Books,3253.73,FALSE,26.61,2805.08
,shirt,Clothing,4354.54,TRUE,17.16,864.02
,jacket,Clothing,3306.56,FALSE,96.63,2296.4
,belt,Home Decor,4590.5,FALSE,97,49.45
,hat,Sports Equipment,4317.85,FALSE,6.04,1136.41
,socks,Clothing,2539.95,FALSE,87.9,3389.8
,shoes,Clothing,3403.31,FALSE,62.68,2740.78
,shirt,Sports Equipment,3332.19,TRUE,42.9,300.21
,pants,Clothing,3369.33,TRUE,60.45,3383.04
,gloves,Clothing,4701.82,TRUE,84.93,910.09
,socks,Toys,4946.54,FALSE,15.46,2935.9
,gloves,Home Decor,359.07,FALSE,89.14,2526.77
,pants,Books,2491.81,TRUE,10.02,3612.38
,watch,Home Decor,1340.73,FALSE,44.81,209.44
,hat,Toys,726.43,TRUE,78.4,4967.94
,hat,Electronics,1371.76,FALSE,74.96,3797.2
,pants,Sports Equipment,4488.03,TRUE,35.43,2258.97
,jacket,Clothing,2029.08,TRUE,40.93,3216.68
,gloves,Electronics,1762.55,FALSE,78.14,2427.91
,pants,Sports Equipment,2572.85,TRUE,48.13,1066.04
,belt,Home Decor,3402.95,FALSE,24.49,2617.6
,watch,Books,1149.05,TRUE,96.84,4550.61
,shoes,Electronics,1201.76,TRUE,97.09,692.7
,hat,Books,2887.66,TRUE,55.78,1551.94
,pants,Clothing,2669.19,TRUE,29.17,1329.23
,gloves,Books,2709.99,FALSE,30.18,48.5
,scarf,Electronics,4925.65,FALSE,50.14,2072.67
,shirt,Books,2607.34,FALSE,76.05,2007.39
,watch,Clothing,366.86,FALSE,45.92,4802.4
,belt,Sports Equipment,4029.63,FALSE,75.13,1199.54
,watch,Electronics,483.44,FALSE,43.96,2682.56
,socks,Sports Equipment,3634,FALSE,39.34,102.86
,belt,Books,1257.8,TRUE,7.75,1877.3
,socks,Electronics,583.71,TRUE,68.74,4258.14
,belt,Home Decor,756.3,FALSE,4.28,899.72
,belt,Home Decor,830.49,TRUE,78.34,1683.51
,watch,Sports Equipment,3801.61,FALSE,36.11,126.76
,jacket,Home Decor,1085.05,FALSE,16,503.19
,scarf,Toys,650.72,FALSE,50.43,2078.8
,shirt,Books,2574.63,TRUE,34.4,4248.76
,hat,Sports Equipment,68.11,FALSE,14.52,3198.2
,belt,Toys,1624.13,TRUE,90.83,1566.56
,belt,Electronics,311.44,FALSE,73.06,4820.87
,gloves,Toys,1857.39,FALSE,7.34,4354.95
,belt,Sports Equipment,4061.3,TRUE,99.33,3878.71
,belt,Home Decor,842.79,FALSE,86.09,553.13
,jacket,Clothing,4379.17,TRUE,97.24,1690.88
,jacket,Electronics,749.43,TRUE,92.83,3058.98
,hat,Toys,2316.03,TRUE,99.3,2165.52
,hat,Books,743.01,FALSE,27.78,1068.99
,scarf,Home Decor,3388.34,TRUE,19.53,651.74
,shoes,Toys,627.22,TRUE,22.31,3672.92
,shirt,Clothing,2040.09,FALSE,46.81,4650.41
,shirt,Sports Equipment,4541.67,FALSE,48.22,3208.83
,belt,Home Decor,3830,TRUE,2.05,105.76
,pants,Electronics,1421.68,TRUE,19.33,2573.43
,hat,Toys,3310.02,FALSE,48.41,2407.28
,shirt,Toys,3113.4,TRUE,34.36,4322.15
,hat,Electronics,3891.33,TRUE,55.17,3153.65
,pants,Toys,435.25,FALSE,93.9,2961.5
,gloves,Toys,2271.63,FALSE,29.8,442.42
,belt,Electronics,2064.35,TRUE,18.34,2313.41
,jacket,Toys,1163.48,FALSE,33.83,4462.59
,gloves,Sports Equipment,249.66,TRUE,61.29,3618.05
,hat,Books,1255.76,FALSE,63.52,1854.83
,gloves,Sports Equipment,4854.12,TRUE,23.25,2330.45
,socks,Sports Equipment,4629.6,TRUE,25.94,2551.78
,shoes,Sports Equipment,20.51,FALSE,30.18,4432.95
,scarf,Books,4761.16,FALSE,26.17,4970.98
,shoes,Electronics,1693.82,TRUE,97.45,973.7
,belt,Clothing,1433.29,FALSE,98.08,1857.61
,shirt,Sports Equipment,363.52,FALSE,41.26,2737.86
,pants,Clothing,1020.96,TRUE,61.32,4398.94
,watch,Electronics,1765.27,TRUE,67.64,444.61
,shirt,Sports Equipment,4663.15,TRUE,14.88,1239.83
,shirt,Books,4606.06,FALSE,44.01,2183.85
,scarf,Electronics,303.53,FALSE,39.35,3838.47
,jacket,Home Decor,4051.77,TRUE,1.58,2657.4
,shirt,Electronics,3468.2,TRUE,37.72,323.97
,shirt,Toys,444.81,TRUE,28.66,628.95
,watch,Toys,2344.17,TRUE,43.82,4963.11
,pants,Sports Equipment,3629.75,FALSE,57.04,4374.96
,watch,Sports Equipment,4681.57,FALSE,43.83,4471.54
,scarf,Clothing,249.03,TRUE,42.23,4249.87
,belt,Clothing,2091.72,TRUE,31.66,2648.04
,hat,Books,2973.47,FALSE,83.93,2283.65
,scarf,Clothing,2023.95,FALSE,94.75,2140.93
,gloves,Clothing,602.09,FALSE,77.06,4699.17
,hat,Toys,160.28,TRUE,72.03,1512.53
,jacket,Books,128.59,FALSE,91.9,1011.1
,shoes,Sports Equipment,3284.27,FALSE,96.12,1678.78
,belt,Clothing,1241,FALSE,76.99,4225.7
,shirt,Sports Equipment,2475.27,FALSE,58.44,4411.88
,gloves,Toys,4706.6,FALSE,35.8,3606.24
,scarf,Toys,4442.25,FALSE,38.16,3544.62
,jacket,Home Decor,704.22,TRUE,73.73,524.87
,jacket,Clothing,3982.8,FALSE,39.26,1917.06
,shirt,Home Decor,4898.01,TRUE,22.46,4545.84
,belt,Clothing,3921.77,FALSE,52.71,4444.88
,socks,Books,2301.88,FALSE,37.36,27.15
,scarf,Toys,3944.57,FALSE,17.16,4744.68
,shirt,Books,1215.37,FALSE,82.83,4667.29
,scarf,Toys,1547.89,TRUE,25.51,3233.28
,socks,Toys,2215.63,TRUE,27.52,853.84
,scarf,Electronics,715.48,TRUE,13.43,3152.94
,gloves,Electronics,4274.1,FALSE,5.27,3644.04
,gloves,Clothing,418.75,FALSE,91.28,1289.46
,hat,Clothing,1523.65,TRUE,9.43,394.49
,hat,Home Decor,3937.84,FALSE,10.63,1397.64
,shirt,Clothing,2102.77,FALSE,73.78,767.03
,pants,Toys,2166.24,FALSE,63.54,1204.72
,shirt,Electronics,2809.41,FALSE,55.14,3519.36
,shirt,Sports Equipment,4439.83,FALSE,43.27,1192.37
,shirt,Books,2573.66,FALSE,28.92,4113.56
,scarf,Books,2134.06,TRUE,7.85,2111
,hat,Clothing,1134.51,TRUE,61.83,861.78
,socks,Electronics,1258.17,TRUE,48.61,4931.06
,belt,Sports Equipment,1662.17,FALSE,60.38,2709.24
,belt,Electronics,3253.59,FALSE,29.18,2323.31
,pants,Sports Equipment,2819.8,FALSE,58.93,2359.12
,jacket,Home Decor,965.65,FALSE,90.92,2862.72
,pants,Electronics,1942.46,TRUE,1.91,4959.96
,pants,Toys,4647.3,TRUE,32.21,4360.46
,gloves,Electronics,1671.06,FALSE,41.04,1202.65
,pants,Books,1803.99,TRUE,37.9,3681.09
,belt,Sports Equipment,2879.57,FALSE,10.07,1746.42
,socks,Home Decor,2451.83,FALSE,89.04,3703.96
,pants,Books,4338.19,FALSE,85.34,1963.71
,belt,Books,1217.87,FALSE,74.44,3823.26
,gloves,Books,3047.38,TRUE,4.73,4975.39
,shoes,Home Decor,3381.13,TRUE,82.64,4249.96
,shirt,Books,4695.98,TRUE,17.86,3267.21
,socks,Home Decor,593.81,FALSE,82.13,4434.3
,hat,Toys,1611.12,TRUE,53.39,4461.07
,scarf,Clothing,1849.3,TRUE,57.01,3751.59
,scarf,Electronics,256.62,FALSE,51.46,1845.28
,shoes,Clothing,125.16,FALSE,80.16,4577.87
,belt,Clothing,1237.21,FALSE,38.23,461.76
,shirt,Sports Equipment,2975.47,FALSE,77.86,3581.56
,hat,Home Decor,1464.59,FALSE,91.26,355.36
,watch,Toys,4992.11,TRUE,40.97,2623.92
,watch,Toys,3666.23,TRUE,49.34,4399.8
,scarf,Home Decor,1460.84,TRUE,43.5,3242.73
,pants,Books,1502.69,FALSE,86.25,2198.23
,shirt,Clothing,4866.5,TRUE,12.86,607.93
,hat,Sports Equipment,1754.54,FALSE,67.54,3612.83
,scarf,Clothing,1932.65,TRUE,33.69,1104.01
,watch,Clothing,3382.17,TRUE,29.11,2262.19
,pants,Books,2133.94,TRUE,62.31,1548.81
,shirt,Clothing,4684.44,FALSE,50.07,4120.03
,hat,Home Decor,4621.37,FALSE,1.4,1617.28
,hat,Books,4668.91,TRUE,66.32,3127.76
,watch,Sports Equipment,3909.02,TRUE,10.58,4476.9
,jacket,Clothing,1429.16,FALSE,85.51,1339.04
,jacket,Sports Equipment,1270.53,FALSE,89.06,2592.22
,shirt,Toys,2825.73,TRUE,53.19,3705.76
,scarf,Books,3369.27,TRUE,53.16,1982.03
,socks,Home Decor,4385.61,FALSE,78.88,331.08
,watch,Books,1671.94,FALSE,89.39,3354.39
,hat,Books,3279.72,FALSE,69.03,4932.85
,hat,Electronics,1955.94,FALSE,20.09,4291.48
,shirt,Sports Equipment,102.3,TRUE,20.01,434.28
,hat,Sports Equipment,2974.23,FALSE,98.36,3805.77
,jacket,Electronics,1620.23,FALSE,93.93,446.9
,shoes,Clothing,2668.26,TRUE,86.18,1670.62
,shirt,Books,503.12,FALSE,47.16,303.63
,gloves,Clothing,963.47,TRUE,24.72,83.79
,shoes,Clothing,228.5,FALSE,40.95,3813.12
,shoes,Electronics,1437.33,FALSE,1.13,4255.04
,socks,Electronics,1272.29,TRUE,35.75,4997.51
,shirt,Home Decor,1454.13,TRUE,19.97,197.32
,gloves,Clothing,2657.43,TRUE,31.69,387.85
,shoes,Books,2743.98,TRUE,89.8,3145.87
,jacket,Home Decor,3733.22,TRUE,98.88,4172.94
,socks,Sports Equipment,4713.07,TRUE,4.24,50.28
,watch,Home Decor,2449.64,TRUE,46.02,2413.82
,shoes,Sports Equipment,2707.84,FALSE,86.35,1115.42
,gloves,Home Decor,3899.63,TRUE,24.65,1565.5
,jacket,Sports Equipment,4615.28,TRUE,88.85,301.42
,belt,Toys,2070.48,TRUE,28.7,3970.85
,socks,Books,1755.61,FALSE,71.57,754.69
,watch,Clothing,2558.31,TRUE,83.44,1161.56
,shirt,Toys,1833.41,FALSE,84.24,4114.37
,scarf,Clothing,3216.61,TRUE,52.96,2560.84
,pants,Home Decor,4609.64,FALSE,94.69,4295.96
,scarf,Home Decor,2265.79,FALSE,71.25,155.97
,belt,Sports Equipment,1919.78,FALSE,55.79,2829.66
,gloves,Books,3477.36,FALSE,7.71,2057.43
,shoes,Home Decor,4333.92,TRUE,35.69,84.26
,scarf,Books,2189.65,FALSE,85.42,4699.56
,scarf,Toys,2973.85,TRUE,24.77,4562.16
,socks,Home Decor,4889.11,TRUE,67.83,1887.98
,jacket,Toys,30.9,FALSE,70.22,4228.18
,gloves,Books,4808.81,TRUE,84.75,4366.51
,hat,Clothing,4839.42,FALSE,34.69,567.89
,hat,Clothing,151.32,TRUE,7.43,4929.77
,pants,Electronics,3096.38,TRUE,21.34,4044.62
,pants,Home Decor,4406.25,FALSE,92.85,543.85
,jacket,Clothing,892.9,FALSE,90.94,3609.6
,jacket,Books,66.33,TRUE,39.11,2302.62
,socks,Home Decor,296.39,FALSE,95.7,1761.11
,shirt,Books,3176.68,TRUE,67.26,3337.79
,watch,Electronics,4278.13,FALSE,24.22,3290
,gloves,Toys,4914.43,TRUE,27.18,3708.93
,belt,Clothing,3167.32,FALSE,56.31,297.46
,jacket,Electronics,4019.16,TRUE,21.4,307.57
,scarf,Home Decor,1969.46,TRUE,39.81,2144.95
,gloves,Toys,1143.38,FALSE,94.12,186.74
,gloves,Electronics,422.53,TRUE,13.65,1928.05
,belt,Electronics,320.17,TRUE,1.85,2488
,watch,Toys,138.36,TRUE,91.57,119.82
,watch,Home Decor,3931.59,FALSE,81.14,4790.98
,pants,Toys,1736.93,TRUE,98.83,4412.02
,shoes,Sports Equipment,491.85,FALSE,51.02,4467.91
,jacket,Clothing,4484.97,FALSE,7.34,3867.16
,socks,Sports Equipment,3075,TRUE,7.75,1554.68
,shoes,Clothing,2544.17,TRUE,60.78,4317.76
,scarf,Sports Equipment,2141.13,FALSE,63.69,3723.16
,scarf,Electronics,3428.65,FALSE,84.09,2134.39
,socks,Home Decor,2308.29,TRUE,62.5,445.19
,hat,Sports Equipment,4471.81,TRUE,85.92,1032.03
,scarf,Clothing,264.8,FALSE,12.35,3187.56
,shirt,Books,1772.66,FALSE,40.93,564.27
,watch,Toys,1810.33,FALSE,46.64,3880.36
,watch,Clothing,1241.73,FALSE,80.34,4304.88
,shirt,Electronics,781.58,FALSE,82.58,2311.32
,socks,Books,4363.32,TRUE,25.23,2329.22
,jacket,Clothing,2080.8,TRUE,49.99,2410.03
,scarf,Sports Equipment,4601.43,TRUE,46.23,568.77
,scarf,Sports Equipment,4029.2,FALSE,29.52,4418.51
,hat,Clothing,1919.76,FALSE,22.96,3369.29
,shirt,Sports Equipment,2867.43,FALSE,64.28,3984.04
,gloves,Electronics,1709.97,FALSE,73.13,1587.38
,jacket,Home Decor,3180.48,TRUE,6.95,3877.42
,gloves,Sports Equipment,495.13,FALSE,17.03,955.73
,belt,Toys,1719.29,FALSE,70.41,225.93
,pants,Electronics,2564.31,FALSE,57.23,4721.35
,belt,Toys,4661.29,TRUE,8.07,647.41
,belt,Toys,2403.58,FALSE,19.18,733.68
,belt,Toys,4386.22,TRUE,31.98,1037.29
,socks,Sports Equipment,3017.07,FALSE,26.77,2196.69
,jacket,Sports Equipment,667.31,FALSE,58.57,3700.2
,scarf,Books,2782.6,TRUE,63.12,4439.58
,pants,Electronics,1849.82,FALSE,62.52,934.41
,watch,Toys,2070.3,TRUE,52.71,1045.13
,socks,Books,1853.3,TRUE,32.38,22.87
,shoes,Clothing,2193.21,TRUE,83.87,2772.56
,hat,Electronics,1661.75,FALSE,78.11,1193.31
,hat,Toys,4421.04,FALSE,52.33,4761.85
,shoes,Home Decor,112.25,TRUE,40.21,4106.88
,pants,Sports Equipment,4970.46,FALSE,66.26,1482.2
,scarf,Clothing,4680.93,FALSE,68.44,2745.87
,jacket,Home Decor,2163.39,FALSE,84.52,3822.26
,scarf,Books,3895.72,TRUE,52.45,945.91
,belt,Clothing,1109.02,FALSE,94.7,1918.22
,watch,Home Decor,3556.04,FALSE,82.35,1192.23
,shoes,Clothing,4826.4,FALSE,15.52,849.73
,socks,Home Decor,4063.16,TRUE,43.59,235.2
,scarf,Electronics,1575.41,TRUE,2.75,2728.79
,hat,Sports Equipment,4299.33,FALSE,55.84,2357.12
,shoes,Sports Equipment,4716.79,TRUE,25.89,4453.18
,pants,Books,945.71,FALSE,95.87,1055.73
,scarf,Home Decor,124,FALSE,89.56,4992.11
,gloves,Sports Equipment,3425.05,FALSE,17.45,4303.87
,jacket,Home Decor,3927.19,TRUE,45.26,2691.1
,hat,Sports Equipment,4262.22,TRUE,3.33,3349.86
,shoes,Electronics,4328.29,FALSE,78.73,4084.87
,hat,Home Decor,1793.87,FALSE,13.85,4622.18
,belt,Electronics,945.02,FALSE,65.45,3844.71
,pants,Electronics,2834.82,TRUE,19.3,4109.23
,hat,Toys,2713.31,FALSE,50.42,508.1
,shirt,Toys,3391.41,TRUE,96.88,4043.17
,hat,Toys,3626.45,FALSE,44.53,2777.92
,hat,Electronics,562.68,FALSE,30.15,1453.98
,pants,Electronics,4063.27,FALSE,6.69,19.43
,pants,Home Decor,2746.52,TRUE,84.04,2090.52
,belt,Clothing,235.19,TRUE,69.16,697.55
,watch,Home Decor,1534.76,FALSE,14.96,4713.99
,shirt,Sports Equipment,3957.17,TRUE,63.32,4555.96
,jacket,Home Decor,2052.33,FALSE,89.62,3737.16
,hat,Sports Equipment,4226.16,TRUE,31.27,3430.41
,socks,Home Decor,2810.1,TRUE,47.68,3207.29
,watch,Clothing,4539.77,FALSE,5.52,2977.7
,jacket,Sports Equipment,2768.16,TRUE,53.46,3189.82
,hat,Sports Equipment,4945.55,TRUE,0.98,4238.68
,gloves,Toys,2017.15,TRUE,14.16,4685.4
,shirt,Toys,4115.81,FALSE,38.3,2144.5
,hat,Books,4916.02,FALSE,66.84,4405.13
,gloves,Sports Equipment,3466.9,TRUE,34.63,2201.69
,scarf,Home Decor,3962.32,FALSE,92.71,3260.45
,gloves,Clothing,3174.44,FALSE,71.4,1436.95
,gloves,Home Decor,4409.36,TRUE,99.37,222.52
,scarf,Electronics,3797.42,FALSE,3.41,1524.48
,hat,Electronics,3550.91,TRUE,57.34,424.93
,shoes,Electronics,67.75,TRUE,34.78,4613.3
,jacket,Clothing,320.46,FALSE,90.21,1758.89
,pants,Toys,189.67,FALSE,85.36,4330.21
,socks,Electronics,4209.71,TRUE,45.43,3185.44
,belt,Home Decor,2408.39,FALSE,21.61,2580.09
,shirt,Toys,2908.83,FALSE,52.07,1711.11
,pants,Electronics,3712.03,TRUE,98.99,2304.07
,watch,Toys,543.94,TRUE,89.73,4803.86
,watch,Sports Equipment,595.76,FALSE,15.46,1199.55
,shirt,Home Decor,3360.85,TRUE,73.94,3097.24
,watch,Home Decor,3186.67,TRUE,48.05,4124.05
,belt,Home Decor,2130.57,FALSE,40,140.22
,gloves,Clothing,4130.06,FALSE,77.53,3835.17
,watch,Electronics,4044.76,TRUE,92.83,4932.34
,jacket,Electronics,3845.14,FALSE,51.06,3691.95
,watch,Books,256.33,FALSE,70.39,2358.79
,belt,Books,1966.6,TRUE,64.49,3691.31
,shirt,Electronics,1058.26,TRUE,78.85,2095.01
,jacket,Books,2111.55,FALSE,23.71,3864.69
,belt,Toys,3549.98,FALSE,66.57,1231.16
,shirt,Toys,780.3,TRUE,92.31,2115.67
,belt,Sports Equipment,4039.66,FALSE,2.17,3281.58
,shoes,Books,3606.23,FALSE,33.72,4980.35
,socks,Books,2199.33,TRUE,8.65,2215.85
,belt,Toys,3104.32,TRUE,4.3,3830.74
,scarf,Books,2460.09,TRUE,83.36,28.72
,watch,Sports Equipment,4976.26,TRUE,40.57,1905.52
,shoes,Clothing,1190.84,TRUE,86.45,599.16
,gloves,Electronics,3253.74,FALSE,96.43,1146.29
,watch,Electronics,4988.67,FALSE,47.05,1408.46
,gloves,Home Decor,1221.16,TRUE,99.35,4042.81
,pants,Home Decor,3327.35,TRUE,19.54,4883.41
,shirt,Electronics,2849.85,TRUE,97.74,1135.25
,watch,Clothing,4557.39,FALSE,10.44,1387.65
,watch,Sports Equipment,4593.71,TRUE,57.75,291.01
,shoes,Home Decor,2487.73,TRUE,42.08,4688.75
,hat,Clothing,1689.59,FALSE,69.57,2720.99
,belt,Home Decor,1304.77,TRUE,67.77,1182.79
,jacket,Clothing,3178.82,FALSE,98.86,1166.07
,watch,Books,4319.51,TRUE,70.57,1414.99
,belt,Clothing,3720.92,TRUE,36.72,2225.85
,scarf,Toys,2638,FALSE,22.38,3074.24
,hat,Toys,4440.34,FALSE,88.39,3003.85
,gloves,Toys,2673.2,FALSE,93.05,835.01
,shoes,Books,3231.24,FALSE,65.53,4068.65
,belt,Toys,130.34,FALSE,4.92,4555.25
,socks,Electronics,4671.21,FALSE,44.05,2468.12
,shirt,Electronics,2046.92,TRUE,30.71,1863.5
,shoes,Toys,2473.1,TRUE,77.44,2472.32
,shoes,Sports Equipment,744.22,TRUE,78.1,1598.97
,belt,Electronics,2955.13,TRUE,59.91,1822.05
,shoes,Home Decor,1849.5,FALSE,31.21,1913.61
,belt,Toys,906.92,FALSE,47.05,3566.83
,socks,Books,2003.13,TRUE,75.29,3245.07
,hat,Books,2438.84,FALSE,71.39,863.74
,pants,Home Decor,1936.02,FALSE,62.63,1601.62
,pants,Books,1672.63,TRUE,44.66,2378.31
,socks,Clothing,1248.03,TRUE,64.19,3094.57
,pants,Clothing,4620.37,FALSE,82.84,4157.17
,scarf,Electronics,934.03,FALSE,54.46,4437.84
,socks,Books,262.57,TRUE,68.1,2421.5
,socks,Books,3624.8,FALSE,58.23,1255.28
,watch,Home Decor,3976.46,FALSE,83.11,2012.45
,hat,Books,86.42,TRUE,21.3,2617.1
,pants,Home Decor,2631.37,FALSE,67.88,1120.91
,socks,Books,2351.94,FALSE,18.23,2304.42
,watch,Clothing,1949.27,TRUE,97.03,2740.46
,socks,Books,2557.78,FALSE,66.68,1788.46
,jacket,Home Decor,3987.6,TRUE,0.19,4075.34
,shoes,Sports Equipment,790.98,TRUE,64.28,2479.72
,jacket,Clothing,156.78,TRUE,17.55,2952.37
,gloves,Clothing,2225.54,TRUE,51.19,3676.1
,watch,Electronics,3544.35,TRUE,45.39,916.59
,gloves,Toys,4296.57,TRUE,35.04,4251.46
,scarf,Toys,856.79,TRUE,58.03,3687.15
,scarf,Clothing,2076.22,FALSE,91.69,860.71
,socks,Toys,2242.16,FALSE,86.97,2966.65
,socks,Books,2776.48,TRUE,26.67,4257.81
,gloves,Electronics,3015.79,TRUE,13.58,4802.19
,shoes,Books,446.91,FALSE,16.69,1605.5
,hat,Electronics,2113.55,FALSE,27.55,2674.96
,watch,Electronics,2394.38,TRUE,18.29,1130.72
,scarf,Toys,2799.21,FALSE,10.54,877.67
,shoes,Sports Equipment,1676.99,TRUE,83.17,1500.15
,scarf,Toys,1394.27,TRUE,51.17,3975.97
,shoes,Books,2627.53,TRUE,47.86,873.79
,hat,Clothing,1532.39,TRUE,71.17,1339.27
,watch,Toys,2137.57,FALSE,70.65,1988.13
,belt,Toys,1933.39,FALSE,81.82,4154.72
,scarf,Home Decor,2556.07,TRUE,23.85,1017.27
,scarf,Books,3529.66,FALSE,64.1,124.86
,belt,Toys,1112.46,TRUE,48.53,4746.21
,pants,Clothing,318.3,FALSE,79.91,2214.57
,jacket,Toys,62.63,FALSE,79.4,1188.5
,gloves,Books,2465.63,FALSE,14.98,3312.18
,shoes,Books,2759.11,TRUE,39.58,2993.16
,scarf,Home Decor,1070.69,TRUE,0.68,3151.57
,scarf,Electronics,4638.97,FALSE,79.61,2115.52
,scarf,Electronics,4958.22,TRUE,26.47,2543.7
,gloves,Home Decor,2394.37,FALSE,83.6,1737.57
,watch,Books,1098.23,TRUE,42.12,2194.62
,belt,Books,649.65,FALSE,63.89,4848.73
,scarf,Home Decor,4895.14,FALSE,18.61,3569.37
,socks,Books,292.35,FALSE,45.37,1329.86
,pants,Toys,2223.22,TRUE,83.25,2604.77
,scarf,Electronics,880.26,TRUE,22.52,2429.08
,belt,Home Decor,3531.69,FALSE,0.7,1591.12
,shirt,Electronics,2166.7,TRUE,49.78,3614.24
,shirt,Sports Equipment,3217.63,FALSE,74.48,147.42
,socks,Clothing,4386.54,FALSE,25.14,1887.97
,shoes,Toys,2302.44,FALSE,53.66,131.57
,scarf,Toys,4987.56,TRUE,47.61,1684.57
,scarf,Books,4926.19,FALSE,26.16,2711.04
,socks,Clothing,4171.64,FALSE,5.01,2310.5
,gloves,Home Decor,3219.74,FALSE,2.88,136.17
,scarf,Electronics,2530.35,FALSE,92.76,2622.34
,jacket,Clothing,1174.11,FALSE,20.55,3387.63
,belt,Home Decor,1305.58,FALSE,10.11,4121.87
,watch,Toys,4502.66,TRUE,40.56,2649.25
,watch,Toys,2154.83,FALSE,87.3,2129.04
,shoes,Toys,1863.32,TRUE,77.22,3654.91
,gloves,Sports Equipment,4856.89,TRUE,83.58,751.51
,pants,Electronics,1327.01,TRUE,57.54,629.21
,watch,Home Decor,1913.83,TRUE,30.54,2851.41
,gloves,Clothing,186.28,TRUE,65.59,2638.08
,gloves,Books,3147.58,TRUE,41.66,1528.76
,socks,Sports Equipment,1903.44,FALSE,38.57,1373.94
,watch,Home Decor,581.85,TRUE,26.5,2341.24
,scarf,Clothing,2765.64,FALSE,17.52,2615.47
,hat,Sports Equipment,697.25,FALSE,89.7,1607.71
,watch,Sports Equipment,1263.45,FALSE,29.23,4107.01
,watch,Clothing,2619.87,TRUE,47.31,1358.26
,jacket,Toys,1460.04,FALSE,71.54,229.24
,watch,Sports Equipment,4997.55,FALSE,41.88,2967.93
,watch,Sports Equipment,2887.37,FALSE,20.99,4612.61
,watch,Home Decor,1112.08,FALSE,7.36,2389.13
,jacket,Toys,3244.67,TRUE,42.61,2723.85
,hat,Books,2061.22,FALSE,48.11,1337.86
,belt,Toys,3682.61,FALSE,96.29,2393.44
,jacket,Clothing,4790.12,FALSE,69.71,286.92
,hat,Sports Equipment,243.66,FALSE,93.16,552.81
,shirt,Clothing,1771.67,FALSE,90.53,1134.08
,shirt,Home Decor,3542.37,TRUE,3.39,285.06
,gloves,Home Decor,2412.28,TRUE,82.57,758.61
,hat,Books,3509.16,TRUE,71.13,2923
,jacket,Toys,3953.63,FALSE,25.69,3590.47
,shoes,Clothing,1300.19,TRUE,67.94,2251.06
,belt,Toys,3145.61,TRUE,95.02,2340.47
,belt,Sports Equipment,606.62,FALSE,82.26,4961.52
,shoes,Home Decor,2915.96,FALSE,90.34,2540.11
,gloves,Electronics,2840.16,FALSE,95.95,1346.53
,belt,Electronics,324.86,FALSE,35.62,1132.19
,watch,Home Decor,1559.38,TRUE,97.24,2342.96
,gloves,Sports Equipment,2308.48,TRUE,99.99,1043.63
,socks,Home Decor,3306.4,TRUE,57.97,455.47
,shirt,Books,1562.5,TRUE,90.33,152.53
,jacket,Books,530.95,FALSE,85.27,344.45
,jacket,Electronics,983.73,TRUE,94.02,3386.73
,hat,Electronics,2601.11,TRUE,1.93,4420.38
,shirt,Clothing,3897.63,TRUE,14.7,1043.95
,belt,Toys,1316.56,FALSE,15.57,149.64
,socks,Home Decor,201.52,TRUE,8.26,2317.6
,hat,Sports Equipment,1588.5,FALSE,44.33,2016.05
,jacket,Sports Equipment,4776.54,TRUE,92.38,3959.02
,watch,Toys,4220.26,FALSE,3.35,3809.12
,belt,Books,3829.4,TRUE,21.67,3662.6
,pants,Electronics,4763.69,TRUE,1.74,3865.57
,shirt,Electronics,1124.58,TRUE,57.96,2243.41
,shoes,Sports Equipment,2916.25,FALSE,13.01,3818.03
,socks,Clothing,4119.96,TRUE,98.28,1992.32
,hat,Toys,3161.57,TRUE,53.22,1381.42
,scarf,Books,3137.3,FALSE,98.83,2859.87
,socks,Books,940.52,FALSE,73.64,1268.12
,watch,Home Decor,4308.22,FALSE,81.4,1450.21
,gloves,Electronics,4971.22,FALSE,87.66,111.92
,watch,Home Decor,885.14,TRUE,77.09,1821.02
,hat,Electronics,4933.08,FALSE,48.43,1368.6
,belt,Toys,3310.17,FALSE,51.95,4352.49
,socks,Clothing,4255.1,FALSE,66.24,4900.25
,hat,Clothing,2389.68,TRUE,26.28,903.39
,scarf,Home Decor,2805.88,TRUE,81.36,1303.66
,scarf,Sports Equipment,2629.4,FALSE,30.9,244.23
,gloves,Home Decor,3974.17,FALSE,71.24,1758.44
,jacket,Sports Equipment,2302.61,FALSE,68.78,210.08
,hat,Books,3827.13,TRUE,74.65,1536.27
,belt,Books,2262.44,TRUE,62.88,3529.63
,scarf,Books,4125.98,TRUE,16.36,596.1
,pants,Clothing,2930.36,FALSE,47.94,4413.21
,scarf,Clothing,2103.06,TRUE,28.16,1589.72
,pants,Toys,3229.8,TRUE,21.22,4964.06
,socks,Clothing,120,FALSE,83.8,1121.9
,jacket,Clothing,4880.44,TRUE,7.76,2343.95
,watch,Toys,4883.87,FALSE,83.74,4392.36
,shoes,Toys,3237.53,FALSE,94.17,3215.69
,jacket,Clothing,1919.79,FALSE,39.25,4072.68
,gloves,Sports Equipment,3387.74,FALSE,19.46,4288.2
,shirt,Sports Equipment,2138.71,FALSE,75.54,716.79
,scarf,Home Decor,3923.1,TRUE,84.47,4846.33
,jacket,Toys,2142.2,FALSE,3.8,4560.37
,belt,Electronics,4450.07,TRUE,67.64,4682.59
,scarf,Books,1395.19,FALSE,28.06,1713.35
,socks,Clothing,540.1,TRUE,19.86,4949.64
,belt,Toys,2424.85,TRUE,71.3,2225.44
,scarf,Clothing,609.86,TRUE,47.78,4926.4
,hat,Books,186.69,FALSE,57.29,3041.62
,jacket,Home Decor,2317.13,TRUE,57.55,1774.46
,scarf,Books,2566.17,FALSE,95.02,3132.55
,watch,Clothing,1536.44,FALSE,50.15,156.87
,scarf,Electronics,3587.09,FALSE,31.82,3224.39
,pants,Electronics,2193.16,FALSE,20.85,3680.82
,socks,Electronics,128.68,TRUE,62.69,283.49
,scarf,Clothing,4961.73,FALSE,62.68,4521.31
,watch,Home Decor,2331.6,FALSE,67.87,4599.73
,watch,Clothing,4457.26,TRUE,99.66,2115.22
,socks,Books,518.93,FALSE,8.32,4108.95
,hat,Sports Equipment,389.47,TRUE,82.68,2653.25
,watch,Home Decor,4001.79,FALSE,85.8,1191.68
,pants,Electronics,3852.45,FALSE,46.78,1507.14
,gloves,Home Decor,1158.62,TRUE,22.93,3149.91
,hat,Books,2910.76,TRUE,36.34,1096.62
,shoes,Toys,3462.83,TRUE,3.28,3885.96
,pants,Clothing,3923.66,TRUE,29.66,3858.49
,pants,Sports Equipment,4882.86,TRUE,31.57,4730.29
,shirt,Toys,626.65,TRUE,47.79,4444.36
,socks,Books,2646.58,FALSE,99.54,1050.08
,shoes,Clothing,2457.01,FALSE,94.54,650.31
,belt,Sports Equipment,4220.32,FALSE,90.86,2089.78
,socks,Sports Equipment,2929.3,FALSE,18.52,1050.8
,hat,Home Decor,4374.21,FALSE,99.38,715.34
,gloves,Electronics,1454.19,FALSE,91.45,4216.78
,shirt,Books,1197.39,TRUE,48.77,1559.9
,gloves,Electronics,3956.31,FALSE,14.27,4825.1
,hat,Clothing,844.14,FALSE,86.87,1239.23
,hat,Books,320.29,TRUE,41.29,216.93
,socks,Books,4027.53,TRUE,23.52,4993.09
,belt,Home Decor,1481.99,TRUE,74.22,3334.37
,gloves,Books,1223.36,TRUE,57.95,1522.91
,jacket,Sports Equipment,2278.01,TRUE,90.97,211.62
,belt,Sports Equipment,965.84,TRUE,77.1,135.72
,hat,Electronics,3037.77,TRUE,36.26,2159.24
,socks,Toys,2608.45,FALSE,80.15,1775.93
,watch,Home Decor,2768.46,FALSE,25.12,4354.63
,scarf,Electronics,2994.9,TRUE,41.16,1038.12
,shoes,Books,2072.94,FALSE,54.88,2450.13
,pants,Toys,3780.56,FALSE,37.16,270.1
,scarf,Sports Equipment,256.18,FALSE,34.98,687.28
,belt,Sports Equipment,1152.84,TRUE,58.4,2493.63
,shirt,Sports Equipment,4490.35,TRUE,39.76,4977.13
,socks,Toys,3891.97,TRUE,27.42,2095.03
,socks,Sports Equipment,4794.83,FALSE,68.63,3277.36
,shoes,Electronics,3323.31,TRUE,2.49,3601.76
,belt,Home Decor,2429.53,TRUE,35.56,4911.37
,gloves,Books,1674.39,FALSE,56.38,2544.13
,belt,Clothing,1970.52,FALSE,76.3,475.88
,shoes,Home Decor,1080.75,TRUE,25.05,2952.2
,scarf,Clothing,333.3,FALSE,84.06,1650.53
,scarf,Books,2527.56,TRUE,4.8,869.16
,hat,Sports Equipment,2941.91,TRUE,78.94,1036.14
,jacket,Toys,4395.16,FALSE,81.39,4487.15
,pants,Home Decor,2585.64,FALSE,52.27,119.63
,gloves,Sports Equipment,4810.88,FALSE,75.1,405.56
,jacket,Books,1561.49,FALSE,93.09,2326.01
,pants,Books,1857.04,TRUE,89.6,2529.32
,shirt,Toys,4890.74,FALSE,45.13,3290.65
,gloves,Home Decor,4849.57,TRUE,2.24,2354.31
,pants,Electronics,2269.56,TRUE,48.06,4060.34
,shoes,Home Decor,1040.35,FALSE,40.33,1052.54
,hat,Electronics,2772.62,TRUE,89.25,4313.9
,scarf,Home Decor,572.65,FALSE,12.23,3092.43
,hat,Home Decor,1564.53,TRUE,13.17,3531.72
,pants,Toys,1305.02,FALSE,86.02,1861.32
,shoes,Toys,1491.62,TRUE,70.35,4833.59
,scarf,Clothing,3307.32,TRUE,77.17,2019.55
,shirt,Home Decor,3266.93,FALSE,29.78,2654.61
,hat,Home Decor,2206.69,FALSE,36.75,1662.1
,shoes,Clothing,1427.41,TRUE,44.41,4344.4
,socks,Toys,2552.23,FALSE,78.59,2142.91
,gloves,Books,957.57,FALSE,45.29,3832.31
,watch,Electronics,850.47,FALSE,61.58,3463.28
,scarf,Electronics,4229.6,FALSE,24.1,152.86
,socks,Toys,3245.15,TRUE,83.11,1366.75
,hat,Books,1128.68,TRUE,75.82,1818.74
,jacket,Clothing,1023,TRUE,8.03,3149.86
,hat,Books,1004.34,FALSE,18.59,4884.7
,socks,Home Decor,4309.25,FALSE,12.86,823.88
,belt,Electronics,2787.91,FALSE,29.57,1150.57
,shoes,Sports Equipment,2499,TRUE,15,3349.76
,belt,Sports Equipment,327.77,TRUE,0.06,3811.64
,socks,Home Decor,648.09,FALSE,34.3,2142.97
,jacket,Sports Equipment,2230.8,FALSE,42.09,2854.55
,jacket,Toys,2561.6,TRUE,14.68,2207.81
,hat,Toys,1528.59,FALSE,38,3207.28
,hat,Home Decor,1280.87,TRUE,99.4,1451.64
,jacket,Electronics,1289.91,TRUE,93.3,3719.25
,socks,Toys,2124.73,TRUE,93.32,683.11
,belt,Toys,3541.5,TRUE,85.46,39.66
,socks,Clothing,2598.75,FALSE,78.69,529.71
,pants,Clothing,2222.44,FALSE,38.55,371.67
,jacket,Toys,4669.42,FALSE,85.26,2384.95
,watch,Sports Equipment,1542.58,TRUE,66.24,840.87
,watch,Clothing,4911.59,FALSE,68.14,1176.52
,socks,Sports Equipment,3564.4,FALSE,26.48,2884.02
,gloves,Sports Equipment,4219.34,FALSE,25.68,1035.57
,jacket,Toys,3011.51,FALSE,80.38,3908.25
,gloves,Home Decor,1125.49,FALSE,31.81,3098.03
,jacket,Toys,4231.68,FALSE,13.37,4497.4
,gloves,Toys,2974.46,TRUE,94.54,965.41
,shoes,Toys,3025.5,FALSE,15.64,3556.99
,belt,Electronics,1858.02,TRUE,5.22,1146.09
,hat,Sports Equipment,2585.25,TRUE,99.25,1698.87
,scarf,Home Decor,2.64,FALSE,58.84,4779.22
,gloves,Clothing,1927.08,FALSE,32.14,1882.53
,scarf,Home Decor,2271.34,TRUE,20.61,3708.9
,hat,Electronics,4343.51,TRUE,47.23,3285.44
,pants,Sports Equipment,466.62,FALSE,5.15,1492.1
,pants,Clothing,229.26,FALSE,70,1386.86
,shirt,Toys,2947.2,TRUE,96.19,1285.58
,shirt,Sports Equipment,3457.99,TRUE,59.94,529.95
,pants,Books,301.72,TRUE,12.7,2480.45
,belt,Sports Equipment,2893.37,FALSE,33.89,4412.67
,shirt,Sports Equipment,2716.63,FALSE,23.77,1193.63
,hat,Sports Equipment,818.3,TRUE,23.6,4141.63
,shoes,Home Decor,3083.54,FALSE,88.38,1649.28
,jacket,Toys,2900.23,TRUE,31.72,4026.2
,hat,Home Decor,3751.61,TRUE,82.98,60.73
,shoes,Home Decor,3709.65,FALSE,54.38,169.3
,watch,Sports Equipment,298.07,TRUE,91.82,187.79
,gloves,Toys,1067.81,TRUE,14.81,3939.33
,belt,Clothing,2095.62,TRUE,12.67,3180.36
,pants,Sports Equipment,4449.83,TRUE,23.6,322.66
,pants,Sports Equipment,3351.75,TRUE,68.34,3496.66
,gloves,Books,1529.14,TRUE,30.22,3057.12
,gloves,Home Decor,1858.15,TRUE,51.91,535.28
,jacket,Electronics,4925.34,TRUE,39.24,1353.32
,gloves,Sports Equipment,1842.3,FALSE,49.88,1101.91
,shirt,Toys,4219.77,FALSE,13.81,4856.44
,gloves,Clothing,2269.77,TRUE,88.83,1981.47
,jacket,Home Decor,4682.5,TRUE,50.2,4154.27
,pants,Sports Equipment,2693.23,TRUE,3.73,1907.81
,pants,Toys,71.85,TRUE,12.45,2477.37
,shoes,Clothing,932.55,FALSE,42.12,128.8
,pants,Electronics,3186.84,FALSE,95.41,2657.62
,socks,Toys,3228.11,TRUE,39.01,4523.1
,jacket,Clothing,4994.7,FALSE,63.98,3275.43
,shirt,Books,2335.4,TRUE,28.34,2227.09
,shoes,Sports Equipment,4802.04,TRUE,42.42,541.79
,shirt,Clothing,3015.47,TRUE,52.77,4655.24
,scarf,Books,3824.04,TRUE,77,1267.12
,belt,Clothing,784.31,TRUE,73.14,793.75
,socks,Electronics,1081.05,TRUE,87.5,3556.55
,hat,Books,4304.1,FALSE,74.92,104.77
,scarf,Home Decor,4635.38,TRUE,41.9,840.18
,gloves,Clothing,4242.65,TRUE,92.9,3669.39
,socks,Electronics,4984.43,TRUE,77.75,920.93
,shoes,Toys,1401.4,FALSE,77.02,3213.79
,jacket,Home Decor,4941.73,FALSE,50.03,3138.13
,shoes,Electronics,439.36,TRUE,88.52,4572.85
,pants,Books,1424.54,FALSE,15.23,1380.58
,watch,Home Decor,707.24,FALSE,41.97,3786.56
,pants,Home Decor,3868.58,FALSE,9.1,900.04
,hat,Toys,1660.65,TRUE,63.03,3844.72
,gloves,Clothing,2384.54,TRUE,99.53,402.59
,socks,Home Decor,480.31,TRUE,33.62,4012.63
,socks,Home Decor,1487.75,TRUE,87.87,3896.46
,shirt,Home Decor,2634.48,FALSE,51.21,1793.6
,watch,Sports Equipment,1571.4,TRUE,29.6,137.19
,hat,Toys,3786.83,TRUE,16.2,275.65
,jacket,Toys,3513.59,FALSE,25.95,4676.6
,watch,Toys,583.31,TRUE,94.65,4967.34
,watch,Clothing,100.04,FALSE,54.66,1245.78
,belt,Electronics,1099.09,FALSE,18.97,3483.99
,shirt,Books,4201.04,TRUE,74.36,1483.72
,watch,Sports Equipment,2687.91,FALSE,26,2663.83
,belt,Electronics,2296.66,FALSE,89.78,913.22
,pants,Home Decor,3336.44,TRUE,61.96,2305.48
,hat,Toys,6.62,TRUE,64.3,242.21
,shirt,Home Decor,2701.5,TRUE,22.53,4090.46
,shirt,Toys,345.31,TRUE,18.89,978.07
,watch,Books,3652.78,FALSE,27.07,4187.55
,hat,Home Decor,1342.76,TRUE,37.55,4697.18
,belt,Toys,762.03,TRUE,80.2,1897.78
,shoes,Books,3897.67,FALSE,79.81,1632.65
,scarf,Clothing,2498.62,TRUE,48.48,4329.16
,shirt,Books,2947.73,TRUE,83.1,2632.63
,watch,Clothing,4502.68,TRUE,25.92,732.04
,watch,Electronics,1573.52,FALSE,1.12,3078.83
,jacket,Clothing,753.19,TRUE,3.92,1815.75
,shoes,Home Decor,2828.86,FALSE,67.42,2010.63
,shoes,Clothing,2752.49,TRUE,20.57,1745.74
,shirt,Toys,965.35,FALSE,9.05,1322.27
,socks,Sports Equipment,772.22,TRUE,71.49,796.44
,hat,Sports Equipment,2143.16,TRUE,69.26,3774.5
,scarf,Home Decor,2440.78,TRUE,24.71,4886.22
,scarf,Books,4604.55,FALSE,86.85,4019.82
,shoes,Toys,403.8,FALSE,12.34,4915.08
,gloves,Electronics,4542.44,TRUE,94.44,1267.02
,socks,Electronics,3153.16,FALSE,55.52,2982.08
,watch,Books,261.24,FALSE,75.88,2845.87
,belt,Toys,1970.92,FALSE,52.1,4399.22
,jacket,Electronics,1255.18,TRUE,11.83,4511.91
,socks,Home Decor,3308.52,TRUE,35.43,1473.26
,gloves,Clothing,4872.95,FALSE,24.03,4226
,shoes,Books,718.36,TRUE,67.98,4726.74
,jacket,Clothing,4404.5,TRUE,80.69,3650.64
,shirt,Books,614.08,TRUE,65.5,4614.8
,shirt,Toys,3644.06,TRUE,19.92,3939.73
,shoes,Sports Equipment,3017.1,TRUE,54.65,1590.08
,shoes,Home Decor,3326.54,TRUE,85.78,4658.59
,shoes,Electronics,2923.21,TRUE,89.41,4430.66
,shoes,Clothing,3045.67,FALSE,3.27,2235.85
,scarf,Sports Equipment,4823.78,FALSE,16.42,1513.44
,shoes,Clothing,4566.61,FALSE,27.29,745.6
,hat,Books,1087.32,FALSE,26.62,324.73
,watch,Books,2144.66,FALSE,93.26,120.76
,jacket,Toys,589.78,TRUE,34.53,4067.2
,watch,Home Decor,1183.63,FALSE,24.38,991.44
,shirt,Clothing,1543.96,FALSE,96.34,3989.1
,jacket,Home Decor,2486.68,TRUE,76.04,2719.21
,shoes,Home Decor,3607.36,FALSE,91.3,3855.37
,scarf,Electronics,1904.46,TRUE,77.53,3329.94
,belt,Books,3495.42,TRUE,59.32,457.72
,scarf,Toys,1554.8,TRUE,64.86,4760.56
,socks,Home Decor,2072,FALSE,24.32,2682.32
,jacket,Electronics,2996.55,TRUE,94.64,1417.29
,belt,Books,2625.88,TRUE,65.8,3814.76
,pants,Books,4081.55,FALSE,41.43,4011.29
,jacket,Toys,983.48,TRUE,56.2,1663.24
,socks,Sports Equipment,2778.57,TRUE,18.86,3148.76
,socks,Sports Equipment,1660.24,FALSE,81,733.72
,jacket,Toys,2076.04,TRUE,98.59,4508.56
,gloves,Home Decor,4079.78,FALSE,78.53,1589.63
,pants,Clothing,3345.47,FALSE,54.47,793.04
,scarf,Sports Equipment,2147.13,FALSE,57.25,301.04
,watch,Home Decor,1490.61,TRUE,78.86,2220.33
,watch,Books,4287.94,TRUE,54.95,646.74
,shoes,Books,4902.53,TRUE,10.98,4954.63
,belt,Clothing,2159.59,FALSE,53.55,4058.72
,hat,Electronics,1968.86,TRUE,42.58,2333.96
,gloves,Electronics,1607.48,TRUE,56.94,911.89
,shoes,Home Decor,270.43,FALSE,3.86,1555.85
,shirt,Home Decor,613.97,FALSE,10.65,3440.08
,gloves,Sports Equipment,868.74,FALSE,96.88,1214.87
,belt,Electronics,1460.63,TRUE,14.29,2753.73
,jacket,Books,1997.81,FALSE,36.46,1331.56
,jacket,Electronics,1937.87,FALSE,98.9,3522.48
,belt,Home Decor,988.57,FALSE,81.21,437.8
,watch,Books,751.8,TRUE,17.85,2032.14
,shirt,Toys,4126,FALSE,82.19,3824.23
,gloves,Electronics,3977.38,FALSE,89.56,4864.99
,hat,Electronics,689.57,FALSE,71.47,4038.15
,scarf,Toys,238.29,FALSE,96.31,4902.01
,gloves,Electronics,1136.1,TRUE,12.28,2964.21
,jacket,Electronics,4522.16,FALSE,53.69,237.17
,jacket,Sports Equipment,3076.34,FALSE,39.95,3456.52
,scarf,Home Decor,817.62,TRUE,57.8,4950.36
,hat,Home Decor,332.96,TRUE,17.16,950.92
,shoes,Home Decor,1457.04,TRUE,77.13,3964.43
,jacket,Clothing,3640.23,FALSE,1.85,4970.14
,hat,Sports Equipment,3239.8,TRUE,73.08,2086.56
,watch,Home Decor,4658.12,TRUE,1.81,1192.52
,socks,Books,3098.97,FALSE,5.96,4121.32
,hat,Clothing,1879.87,TRUE,71.74,954.43
,shirt,Clothing,431.51,TRUE,66.18,2664.67
,belt,Home Decor,227.73,TRUE,6.6,91.07
,belt,Home Decor,356.25,TRUE,82.95,2392.13
,jacket,Clothing,1940.02,TRUE,60.04,2964.47
,watch,Sports Equipment,3705.08,TRUE,11.77,359.93
,shoes,Home Decor,4837.52,FALSE,88.71,4490
,hat,Books,4605.6,TRUE,90.54,814.2
,jacket,Clothing,2017.72,TRUE,5.16,734.07
,belt,Books,3199.82,TRUE,53.74,4968.49
,jacket,Electronics,550.22,FALSE,59.65,610.82
,hat,Books,1245.34,TRUE,92.28,3030.73
,socks,Home Decor,964.7,TRUE,41.19,2725.24
,hat,Sports Equipment,4509.3,FALSE,4.63,3779.85
,socks,Sports Equipment,2447.15,FALSE,9.14,3078.89
,pants,Toys,4831,TRUE,45.37,4941.38
,pants,Books,4458.4,TRUE,0.5,1571.82
,hat,Toys,3557.03,TRUE,96.13,1629.11
,socks,Clothing,2533.4,TRUE,70.42,2809.97
,hat,Books,2194.89,TRUE,2.05,1029.47
,socks,Sports Equipment,4626.79,TRUE,64.03,1114.4
,socks,Clothing,3477.71,FALSE,19.65,4187.39
,pants,Toys,3018.54,TRUE,12.71,1066.61
,hat,Books,1069.84,FALSE,83.73,1092
,scarf,Toys,2001.05,TRUE,95.45,2108.71
,shirt,Toys,2719.06,FALSE,56.35,4297.9
,belt,Home Decor,3347.84,TRUE,26.15,2117.16
,socks,Sports Equipment,1606.81,TRUE,25.29,1744.34
,hat,Clothing,2430.49,FALSE,10.04,3882.3
,gloves,Electronics,3776.31,TRUE,37.73,1980.64
,watch,Clothing,2101.39,TRUE,84.76,2781.45
,belt,Clothing,3269.95,TRUE,4.76,1802.57
,gloves,Electronics,4072.85,TRUE,66.46,1019.89
,belt,Toys,1474.32,TRUE,47.77,692.41
,shoes,Books,280.03,TRUE,32.25,3855.15
,shirt,Sports Equipment,2741.64,FALSE,19.64,4539.3
,shirt,Electronics,3490.79,FALSE,57.07,2272.22
,shirt,Electronics,1885.15,TRUE,67.59,3320.96
,gloves,Electronics,4101.58,FALSE,49.53,155.19
,shirt,Toys,2242.06,FALSE,18.93,3473.47
,hat,Books,3728.97,TRUE,16.39,3877.32
,shirt,Toys,121.16,TRUE,47.9,2139.68
,shoes,Electronics,4559.39,FALSE,64.69,3330.03
,watch,Electronics,2393.69,TRUE,73.13,4866.8
,shoes,Electronics,3689,FALSE,72.7,1041.29
,hat,Toys,3763.37,TRUE,11.02,639.4
,shoes,Electronics,1226.2,TRUE,21.56,2700.81
,belt,Toys,239.73,FALSE,65.43,2961.98
,pants,Books,3307.55,FALSE,48.79,1757.49
,scarf,Home Decor,1645.59,FALSE,98.71,738.49
,socks,Toys,3836.83,TRUE,2.64,3750.36
,jacket,Sports Equipment,4556.52,TRUE,4.16,87.95
,gloves,Home Decor,3514.79,TRUE,43.29,1828.13
,socks,Clothing,1014.08,TRUE,10.29,2689.23
,hat,Clothing,2716.83,FALSE,31.17,4614.46
,gloves,Toys,3863.85,TRUE,86.36,2194
,pants,Clothing,2958.23,FALSE,3.12,1447.02
,gloves,Books,2810.54,FALSE,20.52,917.4
,pants,Home Decor,1471.19,TRUE,40.02,2980.32
,shirt,Electronics,1641.7,TRUE,39.69,95.44
,shirt,Electronics,1573.77,FALSE,60.7,740.27
,scarf,Electronics,3620.46,TRUE,69.58,4574.39
,socks,Books,2578.9,FALSE,3.08,1585.69
,gloves,Sports Equipment,100.6,TRUE,32.93,3602.45
,jacket,Electronics,1738.16,TRUE,18.03,4918.18
,watch,Electronics,4122.61,TRUE,84.37,1137.65
,jacket,Sports Equipment,2878.59,TRUE,51.12,4835.15
,jacket,Toys,1510.41,TRUE,53.49,3159.94
,belt,Sports Equipment,2901.46,TRUE,98.08,2905.46
,scarf,Books,4148.27,TRUE,92.65,3306.15
,shirt,Books,3834.18,FALSE,48,469.08
,watch,Toys,2911.7,FALSE,79.26,2794.86
,hat,Toys,938.93,FALSE,95.16,3019.15
,gloves,Toys,1960.9,FALSE,57.2,3198.86
,pants,Home Decor,1083.74,TRUE,82.35,2748.97
,pants,Books,3785.73,FALSE,77.31,606.47
,socks,Electronics,1534.57,TRUE,73.8,2325.32
,jacket,Home Decor,899.23,FALSE,55.89,4313.94
,belt,Clothing,1899.23,TRUE,5.13,1160.68
,shoes,Home Decor,1033.34,TRUE,1.34,469.02
,gloves,Toys,4508.92,TRUE,6.53,618.63
,jacket,Electronics,1555.56,TRUE,20.27,1912.35
,socks,Home Decor,2826.66,FALSE,14.46,3169.92
,shoes,Sports Equipment,3270.92,FALSE,36.8,1712.84
,shirt,Books,601.31,TRUE,83.35,4716.7
,shirt,Electronics,2703.38,TRUE,6.34,3733.35
,gloves,Home Decor,3992.61,FALSE,26.43,1201.69
,gloves,Home Decor,4885.9,FALSE,2.59,4019.76
,jacket,Home Decor,2617.22,TRUE,78.64,950.85
,scarf,Clothing,251.17,TRUE,65.92,854.97
,watch,Books,2333.67,TRUE,68.15,3575.87
,shirt,Electronics,180.62,FALSE,51.24,2736.68
,belt,Toys,3081.71,TRUE,57.95,3684.94
,shirt,Home Decor,1497.1,TRUE,87.42,3428.41
,gloves,Electronics,1531.68,FALSE,11.61,1070.3
,jacket,Electronics,4845.47,FALSE,48.6,2690.29
,shirt,Home Decor,1466.16,FALSE,22.33,2546.67
,hat,Clothing,485.92,FALSE,98.17,4478.12
,gloves,Books,1852.87,FALSE,75.79,1661.08
,belt,Home Decor,473.88,FALSE,54.23,3392.71
,shirt,Electronics,800.46,FALSE,79.14,3277.56
,socks,Electronics,1493.26,TRUE,46.84,1636.95
,pants,Toys,558.66,FALSE,62.54,4518.3
,watch,Electronics,1679.25,TRUE,42.37,3283.3
,shirt,Clothing,1793.66,TRUE,21.48,4581.72
,socks,Electronics,217.47,TRUE,19.73,1966.61
,scarf,Books,4113.66,FALSE,95.91,1138.91
,belt,Books,3942.91,TRUE,94.78,4368.56
,hat,Books,3058.36,TRUE,22.65,3484.42
,shirt,Home Decor,4460.8,TRUE,13.22,4011.97
,scarf,Clothing,2220.39,TRUE,41.32,3328.63
,scarf,Toys,1455.59,FALSE,98.58,1383.65
,scarf,Books,4223.22,FALSE,30.08,2698.99
,shirt,Books,1872.81,TRUE,67.2,1469.52
,pants,Books,245.97,FALSE,94.77,2019.89
,shoes,Electronics,513.97,TRUE,96.56,2525.72
,scarf,Toys,4360.1,TRUE,32.69,1055.42
,jacket,Clothing,2597.61,FALSE,66,2773.68
,scarf,Home Decor,3915.48,TRUE,30.42,4383.59
,scarf,Toys,3007.13,FALSE,18.87,3325.93
,shirt,Books,3677.15,TRUE,19.1,1809.94
,pants,Sports Equipment,4836.09,TRUE,70.04,3882.41
,watch,Home Decor,3436.86,FALSE,77.67,3305.76
,jacket,Sports Equipment,2936.62,TRUE,74.79,820.65
,hat,Clothing,1316.58,FALSE,16.85,3393.11
,jacket,Books,4579.91,TRUE,55.37,1156.22
,belt,Electronics,4916.03,FALSE,44.96,4049.2
,shoes,Books,3058.68,TRUE,66.99,3977.21
,shirt,Books,569.72,FALSE,32.72,1585.18
,socks,Home Decor,1875.62,TRUE,3.01,234.43
,belt,Toys,421.9,TRUE,49.86,1237.72
,shirt,Books,1757.53,TRUE,73.15,776.8
,socks,Electronics,2894.76,FALSE,38.02,3530.64
,socks,Electronics,2342.79,FALSE,46.97,580.86
,shirt,Clothing,2392.82,FALSE,47.38,1510.61
,scarf,Electronics,2823.37,TRUE,60.96,1748.35
,socks,Toys,867.85,FALSE,58.78,3586.55
,scarf,Clothing,121.17,FALSE,56.69,631.12
,watch,Books,1987.62,FALSE,13.47,4625.83
,shirt,Home Decor,4612.17,TRUE,24.22,3323.99
,shoes,Home Decor,3389.84,TRUE,60.16,2210.49
,belt,Sports Equipment,4432.73,TRUE,97.71,378.7
,shoes,Electronics,1936.41,TRUE,23.19,3720.45
,shoes,Home Decor,3655.5,TRUE,28.33,3137.8
,shoes,Clothing,2965.44,FALSE,16.25,280.22
,shirt,Electronics,4935.31,TRUE,93.04,2271.97
,hat,Toys,2144.55,TRUE,32.21,1959.41
,belt,Clothing,4742.83,FALSE,15.52,3056.01
,gloves,Clothing,3950.96,TRUE,84.31,954.83
,shirt,Clothing,988.37,TRUE,2.2,1699.2
,belt,Home Decor,2578.78,TRUE,84.58,1677.46
,shoes,Books,3471.7,FALSE,29.79,975.97
,shirt,Toys,338.94,TRUE,47.08,2945.36
,gloves,Clothing,2677.02,FALSE,52.58,2964.12
,shoes,Electronics,3214.63,TRUE,75.48,660.82
,jacket,Sports Equipment,364.71,FALSE,14.41,4651.69
,pants,Home Decor,2512.92,TRUE,29.11,188.13
,watch,Home Decor,2042.52,FALSE,84.61,4129.82
,belt,Clothing,3492.94,FALSE,63.01,2695.93
,scarf,Home Decor,3818.8,FALSE,69.8,4069.76
,belt,Sports Equipment,3487.8,FALSE,77.89,3863.37
,jacket,Sports Equipment,401.97,FALSE,36.76,4428.8
,socks,Home Decor,1218.09,FALSE,74.74,3017.12
,shirt,Clothing,1724.54,TRUE,53.31,2680.97
,socks,Electronics,2525.87,TRUE,14.65,1761.83
,watch,Clothing,1429.95,FALSE,31.97,2200.23
,pants,Clothing,1701.36,FALSE,81.45,4191.32
,scarf,Sports Equipment,501.51,TRUE,90.05,1574.38
,shirt,Toys,1741.33,TRUE,62.74,4243.04
,watch,Clothing,767.91,FALSE,56.7,770.97
,hat,Sports Equipment,1268.39,FALSE,74.21,2464.92
,watch,Clothing,2037.59,TRUE,59.12,2907.08
,pants,Sports Equipment,1505.14,TRUE,17.94,1019.26
,belt,Toys,1507.31,FALSE,65.8,954.01
,shoes,Electronics,1599.65,TRUE,85.65,1230.22
,jacket,Clothing,4034.99,FALSE,17.88,3960.63
,socks,Home Decor,3881.99,FALSE,61.44,735.58
,pants,Home Decor,4323.06,TRUE,65.04,1903.78
,watch,Clothing,3039.53,FALSE,41.58,494.41
,gloves,Books,1871.6,FALSE,34.49,2155.5
,scarf,Books,2018.4,FALSE,10.45,4862.24
,scarf,Toys,4963.53,TRUE,29.18,4101.21
,hat,Clothing,4600.04,FALSE,60.76,2568.98
,scarf,Sports Equipment,629.4,TRUE,16.51,1196.28
,shirt,Clothing,1815.21,TRUE,48.4,4592.9
,watch,Sports Equipment,3186.61,TRUE,60.63,1634.98
,watch,Sports Equipment,2609.96,FALSE,30.02,2746.63
,pants,Books,2954.65,FALSE,40.92,1084.12
,shoes,Clothing,3003.01,TRUE,92.96,3961.35
,shirt,Sports Equipment,374.89,FALSE,41.52,2355.84
,shoes,Books,2725.61,TRUE,51.2,4022.68
,watch,Electronics,2474.72,FALSE,88.28,1293.95
,hat,Toys,2499.84,FALSE,47.05,4322.36
,shoes,Clothing,1274.39,FALSE,24.09,3305.14
,socks,Electronics,811.61,TRUE,62.76,4476.78
,watch,Books,3811.09,TRUE,36.64,3846.37
,scarf,Clothing,1473.1,TRUE,53.6,2074.57
,belt,Sports Equipment,3388.72,TRUE,3.97,4889.17
,pants,Electronics,1101.75,FALSE,67.93,1532.03
,gloves,Home Decor,4474.85,FALSE,6.4,3609.55
,pants,Toys,1702.45,TRUE,35.81,3133.84
,scarf,Toys,1003.62,FALSE,5.32,2126.64
,scarf,Home Decor,2335.81,TRUE,87.86,1409.53
,watch,Toys,3339.26,FALSE,31.75,381.58
,jacket,Electronics,3449.49,FALSE,93.08,4272.96
,belt,Toys,439.34,FALSE,31.49,1146.11
,socks,Books,804.63,TRUE,31.68,4276.7
,scarf,Sports Equipment,244.97,FALSE,23.05,3171.04
,pants,Sports Equipment,4715.72,FALSE,94.14,3440.17
,belt,Sports Equipment,4547.21,FALSE,56.98,1955.4
,hat,Books,2908.93,FALSE,73.14,2531.25
,jacket,Clothing,4041.8,TRUE,98.82,1667.5
,belt,Books,4028.16,FALSE,84.7,2548.68
,scarf,Clothing,1116.08,FALSE,1.82,1049.14
,jacket,Books,251.9,TRUE,93.47,2570.47
,watch,Books,1210.3,FALSE,98.44,3419.69
,socks,Home Decor,2616.21,TRUE,76.99,3370.34
,jacket,Sports Equipment,3578.16,FALSE,20.13,1499.78
,jacket,Books,4522.05,TRUE,46.16,1892.49
,belt,Toys,3634.94,FALSE,22.04,759.97
,socks,Home Decor,506.23,TRUE,8.35,3467.48
,shirt,Home Decor,472.37,TRUE,91.82,4707.83
,shirt,Sports Equipment,2290.13,FALSE,52.97,676.69
,shoes,Electronics,3349.03,FALSE,90.24,4530.92
,socks,Toys,1053.55,FALSE,9.21,1730.78
,watch,Sports Equipment,188.96,TRUE,30.64,4145.93
,gloves,Home Decor,2613.67,FALSE,21.78,3236.92
,watch,Clothing,2445,FALSE,10.54,1943.11
,shoes,Home Decor,1674.48,FALSE,90.41,1887.59
,shirt,Books,2769.37,TRUE,4.79,4292.04
,shoes,Home Decor,2094.75,TRUE,6.4,1892.31
,shirt,Electronics,4716.23,TRUE,50.57,3745.42
,gloves,Toys,334.26,TRUE,67.35,1856.13
,belt,Toys,1485.02,TRUE,90.8,667.06
,pants,Books,915,FALSE,87.09,2039.27
,shirt,Sports Equipment,2269.25,FALSE,71.46,3748.7
,socks,Toys,1461.94,FALSE,0.73,1983.65
,scarf,Electronics,2918.55,FALSE,38.63,2253.05
,belt,Home Decor,4740.74,FALSE,63.42,4808.17
,shirt,Home Decor,4602.79,FALSE,22.76,877.33
,jacket,Home Decor,3835.04,TRUE,97.24,3230.59
,watch,Sports Equipment,2723.27,FALSE,14.23,4299.8
,pants,Sports Equipment,4285.89,FALSE,32.53,1504.13
,scarf,Home Decor,1433.27,TRUE,81.31,2472.49
,watch,Books,3940.24,FALSE,61.68,3500.8
,shoes,Sports Equipment,4717.21,TRUE,68.39,854.44
,belt,Clothing,1052.79,TRUE,46.57,4588.53
,pants,Toys,3496.51,FALSE,94.5,1078.9
,watch,Electronics,2148.28,TRUE,53.13,3648.98
,scarf,Electronics,2975.38,TRUE,91.37,3956.72
,scarf,Home Decor,3970.93,FALSE,81.39,2141.09
,belt,Home Decor,3210.61,TRUE,23.48,4025.96
,hat,Electronics,4983.19,FALSE,51.03,481.76
,shoes,Electronics,4295.96,FALSE,16.88,303.32
,gloves,Books,967.31,TRUE,67.03,544.56
,shirt,Sports Equipment,4661.78,TRUE,97.2,27.04
,gloves,Home Decor,1165.45,TRUE,99,3448.91
,watch,Sports Equipment,836.56,TRUE,92.23,2663.58
,gloves,Clothing,4637.05,TRUE,92.45,1204.85
,gloves,Sports Equipment,4490.5,FALSE,81.25,799.19
,watch,Home Decor,1080.33,FALSE,20.18,611.51
,hat,Electronics,820.49,TRUE,6.28,3134.14
,belt,Clothing,3735.97,TRUE,64.21,4633.74
,socks,Electronics,2638.61,TRUE,63.19,3402.43
,hat,Home Decor,71.21,TRUE,55.82,2314.39
,hat,Home Decor,2764.23,FALSE,26.44,2157.83
,jacket,Home Decor,138.89,FALSE,42.36,2552.28
,shoes,Electronics,4205.32,TRUE,90.25,3179.86
,jacket,Electronics,2780.19,TRUE,19,2904.56
,jacket,Books,4928.95,TRUE,2.59,3308.09
,shoes,Clothing,656.49,TRUE,43.5,563.77
,belt,Toys,4166.24,FALSE,9.12,3472.2
,belt,Toys,3019.24,TRUE,27.59,3703.3
,watch,Clothing,4555.59,FALSE,86.04,1331.33
,belt,Home Decor,2670.67,TRUE,13.12,4501.61
,shirt,Toys,4725.46,FALSE,38.32,2730.96
,shoes,Sports Equipment,2932.62,TRUE,11.89,737.3
,watch,Clothing,4586.15,FALSE,8.36,850.72
,hat,Clothing,3101.74,FALSE,50.57,411.35
,jacket,Home Decor,2976.02,FALSE,88.13,4456.29
,shoes,Sports Equipment,4975.27,FALSE,50.81,2156.29
,scarf,Home Decor,4415.47,TRUE,30.16,1550.03
,watch,Electronics,3157.77,FALSE,74.07,170.07
,socks,Clothing,4328.39,FALSE,45.84,1062.6
,watch,Clothing,3400.49,FALSE,24.71,1724.09
,shoes,Sports Equipment,476.32,FALSE,25.23,4433.8
,socks,Clothing,1410.26,FALSE,52.26,168.16
,jacket,Clothing,2296.03,FALSE,3.95,2531.1
,shoes,Electronics,797.07,FALSE,29.52,838.9
,jacket,Electronics,2438.43,FALSE,36.39,364.45
,hat,Clothing,2354.82,TRUE,76.59,3570.27
,shirt,Clothing,1585.43,TRUE,5.66,4495.71
,socks,Clothing,623.8,TRUE,35.12,2360.41
,pants,Electronics,2686.05,FALSE,14.66,3916.85
,gloves,Sports Equipment,1173.93,TRUE,94.62,3455.65
,belt,Toys,4856.49,FALSE,36.31,1311.76
,jacket,Electronics,1323.79,FALSE,96.53,447.71
,socks,Clothing,3439.32,FALSE,62.01,47.32
,socks,Electronics,3641.19,TRUE,61.25,3823.97
,watch,Electronics,3548.18,FALSE,10.93,4058.18
,scarf,Electronics,3794.88,FALSE,56.66,1218.93
,socks,Home Decor,185.26,FALSE,70.48,610.6
,belt,Home Decor,2809.9,TRUE,39.22,3308.95
,jacket,Sports Equipment,4569.04,FALSE,86.67,1806.78
,watch,Home Decor,383.78,TRUE,99.73,4454.15
,shoes,Toys,3677.07,TRUE,87.71,1410.67
,jacket,Sports Equipment,1099.8,FALSE,92.17,56.96
,jacket,Toys,1247.34,TRUE,50.1,3135.35
,jacket,Electronics,2744.22,TRUE,41.24,1784.93
,socks,Books,3123.23,FALSE,35.2,1983.33
,hat,Clothing,4264.12,FALSE,46.65,1472.42
,jacket,Home Decor,11.54,TRUE,47.1,1767.53
,shoes,Home Decor,1227.65,TRUE,17.55,4574.18
,socks,Electronics,2632.2,FALSE,7.57,340.48
,scarf,Electronics,866.42,FALSE,45.68,1762.18
,socks,Home Decor,626.4,FALSE,67.24,2718.93
,watch,Clothing,555.75,FALSE,51.37,4395.37
,scarf,Toys,2027.67,TRUE,49.41,3143.49
,gloves,Electronics,1303.31,TRUE,2.19,452.39
,gloves,Sports Equipment,4436.88,TRUE,95.99,945.33
,shirt,Toys,2031.88,TRUE,96.87,3358.04
,belt,Sports Equipment,4575.76,FALSE,96.97,1554.74
,shirt,Toys,1322.69,TRUE,99.35,1747.57
,belt,Books,3358.9,TRUE,63.24,4976.09
,hat,Clothing,412.61,TRUE,21.63,2439.44
,gloves,Electronics,1915.72,FALSE,32.85,4733.65
,scarf,Books,1014.46,TRUE,87.92,248.24
,jacket,Home Decor,3597.71,TRUE,37.54,1915.37
,jacket,Clothing,3851.13,FALSE,38.39,4283.94
,shirt,Clothing,4504.89,FALSE,63.14,3242.18
,belt,Clothing,1308.65,TRUE,77.26,3266.86
,watch,Home Decor,4979.07,TRUE,35.21,3034.48
,belt,Clothing,524.94,FALSE,23.47,4819.29
,gloves,Home Decor,3136.3,TRUE,28.43,1603.25
,jacket,Home Decor,302.75,TRUE,69.42,4.44
,belt,Home Decor,1975.19,TRUE,72.59,4500.51
,gloves,Books,1565.46,FALSE,88.53,4061.13
,shoes,Electronics,425.07,FALSE,81.37,775.15
,hat,Home Decor,2851.76,FALSE,28.96,464.07
,shirt,Clothing,4142.78,FALSE,45.71,2285.19
,hat,Home Decor,2668.83,FALSE,67.64,488.33
,shirt,Books,18.84,TRUE,92.33,3516.1
,shirt,Home Decor,4748.71,FALSE,44.65,3774.12
,gloves,Books,3365.47,TRUE,0.58,3989.41
,gloves,Clothing,2714.23,FALSE,98.69,2374.01
,shoes,Books,2300.76,TRUE,92.37,2346.64
,socks,Books,4071.49,TRUE,38.76,1422.35
,gloves,Home Decor,944.54,TRUE,3.33,3547.76
,shoes,Clothing,2311.68,TRUE,78.03,2045.52
,shirt,Books,3901.74,TRUE,7.95,2755.88
,watch,Toys,2500.23,TRUE,24.3,1997.64
,watch,Toys,2194,FALSE,17.85,3618.95
,shirt,Electronics,1949.84,TRUE,41.44,638.01
,pants,Home Decor,3886.33,FALSE,5.3,3453.2
,scarf,Books,520.94,TRUE,31.24,1074.45
,hat,Toys,4161.17,FALSE,64.21,3666.96
,socks,Toys,1333.79,FALSE,0.93,2676.5
,pants,Sports Equipment,3133.37,TRUE,76.89,3676.67
,hat,Sports Equipment,2825.88,FALSE,8.71,1570.78
,gloves,Sports Equipment,110.88,FALSE,77.07,798.06
,shoes,Toys,453.28,TRUE,74.56,2762.37
,belt,Home Decor,30.1,TRUE,74.14,3665.27
,belt,Clothing,3512.56,FALSE,49.76,353.99
,scarf,Home Decor,3451.71,FALSE,43.84,201.33
,shoes,Electronics,289.8,TRUE,94.88,3077.3
,jacket,Sports Equipment,274.63,TRUE,76.65,4328.36
,scarf,Clothing,2096.02,TRUE,38.76,4202.91
,jacket,Toys,2935.2,FALSE,44.94,1376.93
,pants,Home Decor,2312.82,TRUE,72.05,2696.87
,socks,Home Decor,1466.25,TRUE,5.54,4575.47
,gloves,Home Decor,4259.44,FALSE,51.22,281.24
,watch,Sports Equipment,3312.88,FALSE,45.67,3803.53
,gloves,Books,2748.65,TRUE,13.49,3750.18
,socks,Toys,2384.98,TRUE,19.55,408.75
,shoes,Home Decor,2893.29,FALSE,11.27,3392.58
,scarf,Toys,687.5,FALSE,72.27,2935.47
,hat,Sports Equipment,2086.81,FALSE,68.48,3774.89
,scarf,Clothing,3492.48,TRUE,57.34,2754.73
,shoes,Toys,4617.53,FALSE,47.2,4067.59
,gloves,Electronics,2198.92,FALSE,33.18,3430.47
,scarf,Toys,2473.62,TRUE,20.49,2846.32
,gloves,Clothing,4716.98,FALSE,39.67,670.93
,scarf,Electronics,1421.6,FALSE,12.76,1603.07
,gloves,Toys,4202.45,FALSE,12.21,4025
,pants,Clothing,3985.88,FALSE,48.4,2852.84
,shoes,Books,3266.93,TRUE,23.29,312.25
,gloves,Home Decor,1868.45,TRUE,44.04,153.41
,gloves,Books,133.63,TRUE,73.63,3523.41
,watch,Books,4509.92,TRUE,24.48,470.55
,jacket,Home Decor,1518.96,FALSE,51.98,3998.74
,scarf,Home Decor,692.04,TRUE,1.4,4594.72
,hat,Electronics,3916.86,TRUE,90.29,370.59
,jacket,Home Decor,4641.5,TRUE,84.14,4730.1
,shirt,Books,2814.95,FALSE,73.68,3824.26
,shirt,Clothing,2180.27,FALSE,66.15,3875.56
,jacket,Toys,803.82,TRUE,49.05,2125.63
,watch,Toys,1874.76,TRUE,28.05,1784.59
,pants,Clothing,1300.75,TRUE,13.97,2605.78
,socks,Electronics,996.11,FALSE,22.46,3158.57
,gloves,Toys,1754.38,TRUE,38.51,446.64
,pants,Sports Equipment,2557.04,TRUE,36.83,308.41
,shirt,Electronics,283.6,FALSE,50.42,2446.19
,watch,Books,4904.43,TRUE,59.9,4916.86
,hat,Sports Equipment,4262.3,FALSE,45.17,461.27
,shirt,Toys,2448.47,FALSE,94.91,1047.27
,watch,Sports Equipment,1477.02,TRUE,53.71,3743.13
,belt,Sports Equipment,2192.19,FALSE,66.13,894.67
,gloves,Toys,270.36,TRUE,53.92,2759.18
,watch,Toys,3784.14,FALSE,88.77,3368.36
,jacket,Toys,2338.39,FALSE,65.64,3637.12
,shoes,Toys,3203.93,FALSE,60.51,1922.95
,scarf,Books,3627.59,FALSE,28.17,2514.82
,hat,Toys,3019.84,FALSE,47.04,4251.09
,jacket,Electronics,4029.16,FALSE,40.34,1713.39
,scarf,Home Decor,3246.37,TRUE,53.05,3793.78
,belt,Clothing,1266.25,FALSE,84.07,3888.84
,hat,Sports Equipment,4640.31,FALSE,43.13,1509.67
,shoes,Sports Equipment,1391,FALSE,47.62,4453.84
,shirt,Books,2463.74,FALSE,97.17,2092.76
,gloves,Toys,1364.56,FALSE,71.04,579.81
,socks,Sports Equipment,1001.33,TRUE,32.41,4892.02
,pants,Home Decor,3482.12,TRUE,39.25,2268.77
,belt,Electronics,3870.74,TRUE,70.62,3289.23
,watch,Books,3435.77,TRUE,4.21,681.29
,watch,Clothing,2143.92,TRUE,73.81,1347.07
,pants,Home Decor,725.53,TRUE,1.24,4011.29
,socks,Home Decor,3301.87,FALSE,6.84,1174.54
,watch,Electronics,758.53,FALSE,22.71,4731.22
,shoes,Clothing,3258.77,FALSE,81.61,3983.54
,hat,Sports Equipment,4704.47,TRUE,33.7,674.92
,shoes,Electronics,365.2,FALSE,80.49,4647.08
,watch,Sports Equipment,524.39,FALSE,52.42,2047.02
,socks,Clothing,3916.13,FALSE,3.39,1547.4
,shirt,Sports Equipment,3105.92,TRUE,47.68,4315.93
,scarf,Sports Equipment,2600.18,TRUE,28.12,3215.95
,jacket,Sports Equipment,977.53,FALSE,61.01,2003.98
,pants,Toys,3155.73,FALSE,22.63,3683.55
,gloves,Books,3603.7,FALSE,78.24,1238.86
,belt,Books,3389.42,TRUE,25.55,941.69
,shoes,Home Decor,3713.44,FALSE,92.91,2708.27
,belt,Clothing,4040.93,TRUE,80.14,2365.05
,belt,Sports Equipment,3152.64,TRUE,15.43,1510.16
,belt,Books,2658.2,FALSE,81.27,3277.58
,pants,Books,340.85,TRUE,20.7,2215.96
,scarf,Clothing,2538.51,FALSE,6.52,4860.13
,jacket,Home Decor,4956.21,FALSE,63.7,2537.82
,shirt,Clothing,418.74,FALSE,79.94,3942.3
,pants,Clothing,3906.88,TRUE,70.87,4132.4
,scarf,Home Decor,4034.1,FALSE,34.75,2520.41
,belt,Books,569.07,FALSE,95.46,1760.54
,jacket,Home Decor,206.76,TRUE,3.14,2503.4
,shirt,Sports Equipment,3201.21,TRUE,43.5,1387.06
,watch,Home Decor,1816.23,TRUE,99.59,828.95
,belt,Home Decor,2576.3,TRUE,53.15,580.58
,shoes,Sports Equipment,1899.04,FALSE,12.12,2890.02
,shoes,Toys,2646.96,FALSE,71.15,4720.53
,pants,Home Decor,3062.69,TRUE,75.91,723.36
,socks,Books,635.65,FALSE,54.44,4643.23
,socks,Clothing,2349.5,FALSE,24.84,3608.04
,socks,Books,1310.96,FALSE,28,4452.66
,gloves,Home Decor,1763.66,FALSE,9.09,2839.92
,jacket,Electronics,502.42,TRUE,25,2881.59
,watch,Home Decor,4515.57,FALSE,35.82,2234.23
,shoes,Books,812.71,FALSE,31.82,2115.19
,scarf,Home Decor,2867.48,TRUE,49.92,1442.16
,jacket,Electronics,3276.02,FALSE,92.45,714.56
,shirt,Toys,4322.1,FALSE,14.11,1212.17
,shirt,Clothing,1540.58,FALSE,50.46,1702.51
,shoes,Home Decor,1567.11,TRUE,87.12,4372.79
,jacket,Home Decor,2218.49,TRUE,15.72,813.43
,shirt,Electronics,574.43,TRUE,98.78,4468.86
,jacket,Home Decor,3888.62,FALSE,88,2980.99
,shoes,Electronics,2819.71,FALSE,15.72,715.94
,shirt,Toys,4040.97,TRUE,40.47,2408.79
,belt,Sports Equipment,1904.31,TRUE,80.35,4220.89
,pants,Toys,2856.81,TRUE,34.32,4911.33
,hat,Clothing,2634.04,TRUE,53.34,850.41
,shirt,Toys,3682.03,FALSE,11.78,72.72
,shirt,Books,194.77,FALSE,25.78,3433.1
,gloves,Clothing,3600.32,FALSE,40.83,2228.18
,shoes,Electronics,4675.7,TRUE,15.02,3879.79
,gloves,Toys,366.88,FALSE,84.93,4708.01
,socks,Books,3401.4,FALSE,50.33,29.17
,scarf,Sports Equipment,1213.25,FALSE,20.22,2091.73
,watch,Books,1766.11,FALSE,75.18,1931.81
,pants,Sports Equipment,2719.39,FALSE,68.76,1908.49
,belt,Electronics,3936.56,FALSE,38.14,4733.01
,socks,Clothing,1911.56,FALSE,73,4642.46
,jacket,Books,3281.5,TRUE,74.53,1938.42
,hat,Toys,172.24,FALSE,34.56,3650.14
,socks,Home Decor,2193.18,FALSE,71.49,4306.5
,hat,Clothing,1992.61,TRUE,16.74,813.43
,watch,Sports Equipment,1477.38,TRUE,6.82,4136.55
,jacket,Books,1183.48,TRUE,41.99,3927.92
,socks,Toys,3337.87,FALSE,42.18,382.91
,belt,Clothing,4947,TRUE,52.09,4137.27
,gloves,Electronics,1000.67,TRUE,93.12,1639.29
,socks,Home Decor,4852.95,TRUE,30.99,4243.56
,socks,Clothing,4871.51,TRUE,15.96,2417.63
,socks,Clothing,3759.15,FALSE,47.24,516.15
,watch,Books,4870.62,TRUE,25.95,888.09
,shoes,Home Decor,2544.42,FALSE,49.05,2484.79
,jacket,Toys,2040.36,FALSE,16.24,4047.75
,shirt,Home Decor,122.27,TRUE,71.97,1664.52
,scarf,Books,1969.95,TRUE,86.74,4438.39
,watch,Books,2568.57,FALSE,59.7,810.69
,scarf,Sports Equipment,1439.52,TRUE,81.02,4250.32
,scarf,Sports Equipment,1093.36,FALSE,35.5,4473
,shirt,Sports Equipment,1835.96,TRUE,50.09,2817.55
,jacket,Books,4461.14,TRUE,5.67,3343.57
,belt,Sports Equipment,1963.94,TRUE,52.73,960.45
,gloves,Sports Equipment,1193.54,TRUE,78.66,2640.74
,hat,Toys,4517.41,FALSE,24.31,63.45
,socks,Clothing,4885.03,TRUE,32.23,4824.88
,watch,Toys,2755.6,FALSE,86.73,3838.14
,jacket,Clothing,4256.13,TRUE,39.27,4426.84
,jacket,Sports Equipment,4065.82,FALSE,24.24,3997.7
,shoes,Home Decor,266.22,FALSE,60.87,4318.71
,socks,Electronics,4338.28,TRUE,27.3,1599.36
,gloves,Sports Equipment,3050.17,TRUE,10.12,1252.01
,socks,Home Decor,3817.18,TRUE,92.33,1655.49
,belt,Toys,4804.18,TRUE,55.09,2184.32
,watch,Toys,3065.66,TRUE,96.1,4065.98
,scarf,Books,4578.84,FALSE,78.59,1920.55
,gloves,Clothing,3617.72,TRUE,50.65,46.1
,gloves,Sports Equipment,4345.44,FALSE,25.69,1928.47
,shoes,Toys,2684.24,FALSE,21.01,244.89
,jacket,Clothing,4414.25,FALSE,60.77,1750.2
,belt,Home Decor,4123.3,TRUE,42.7,1561.11
,pants,Home Decor,4218.22,FALSE,25.12,4764.31
,gloves,Toys,2459.65,FALSE,7.86,410.46
,shoes,Home Decor,4904.28,TRUE,52.58,1612.31
,socks,Toys,4077.89,TRUE,9.33,4816.78
,shoes,Sports Equipment,749.88,FALSE,67.99,442.71
,belt,Toys,1647.42,TRUE,60.91,4672.28
,pants,Clothing,3298.85,FALSE,59.79,3382.19
,socks,Home Decor,4274.98,FALSE,47.73,4652.27
,belt,Electronics,2444.22,TRUE,74.54,2185.57
,jacket,Clothing,1214.28,TRUE,31.58,4013.51
,socks,Toys,3419.11,TRUE,34.31,4731.42
,jacket,Books,2230.19,FALSE,72.85,591.43
,socks,Home Decor,212.24,TRUE,77.52,3361.89
,socks,Sports Equipment,2041.67,TRUE,49.29,181.39
,shirt,Electronics,1929.82,TRUE,94.99,1311.19
,socks,Clothing,1612.14,FALSE,16.57,4365.98
,shoes,Toys,3047.92,FALSE,97.47,4448.18
,gloves,Electronics,4229.17,FALSE,64.5,4806.03
,socks,Home Decor,2740,FALSE,24.37,2571.91
,belt,Sports Equipment,1162.05,TRUE,75.23,3513.37
,scarf,Books,427.68,FALSE,56.5,4177.71
,gloves,Toys,1486.64,FALSE,90.78,750.92
,shoes,Sports Equipment,3944.09,FALSE,51.04,3903.84
,gloves,Home Decor,886.82,TRUE,49.4,2518.76
,shirt,Home Decor,4221.94,TRUE,20.99,3946.8
,jacket,Home Decor,1174.26,TRUE,94.98,789.91
,pants,Sports Equipment,2465.46,TRUE,1.28,4470.89
,shoes,Toys,3336.57,TRUE,62.77,311.15
,shoes,Toys,3579.46,TRUE,90.35,34.56
,scarf,Sports Equipment,1521.87,FALSE,59.63,4734.68
,shirt,Toys,3921.27,TRUE,64.06,873.21
,pants,Sports Equipment,1201.74,TRUE,40.01,4273.44
,gloves,Home Decor,1286.79,FALSE,91.16,3159.8
,pants,Electronics,29.58,FALSE,37.25,3772.52
,pants,Clothing,3738.35,FALSE,1.31,4974.32
,hat,Books,4029.07,FALSE,93.81,3548.24
,hat,Books,1562.11,FALSE,62.18,930.72
,gloves,Electronics,4716.37,TRUE,17.13,659.24
,hat,Home Decor,4594.87,FALSE,27.89,4660.09
,shirt,Clothing,1249.57,TRUE,2.58,4493.96
,gloves,Books,4907.65,FALSE,89.28,3756.81
,watch,Sports Equipment,2903.36,FALSE,56.37,3274.84
,jacket,Clothing,4936.23,TRUE,73.21,1026.72
,jacket,Sports Equipment,447.91,FALSE,32,4290.32
,socks,Sports Equipment,1813.22,TRUE,9.67,2557.72
,belt,Electronics,3484.42,TRUE,26.34,1364.63
,jacket,Home Decor,3186.81,TRUE,12.29,3529.03
,pants,Electronics,512.58,TRUE,80.35,3014.2
,jacket,Clothing,716.71,TRUE,91.97,346.39
,shoes,Home Decor,1617.93,TRUE,96.81,10.42
,jacket,Sports Equipment,4226.63,TRUE,28.13,2944.45
,scarf,Clothing,897.62,FALSE,47.78,1818.54
,watch,Home Decor,4092.08,TRUE,22.78,115.73
,hat,Toys,4863.44,TRUE,58.87,2368.08
,watch,Home Decor,4713.69,TRUE,40.81,4172.57
,shoes,Clothing,4365.23,TRUE,51.71,2633.14
,gloves,Books,1889.34,FALSE,36.9,1455.11
,pants,Toys,2417.08,FALSE,47.41,2235.65
,belt,Books,2282.85,TRUE,63.21,1723.25
,socks,Home Decor,2456.18,TRUE,76.59,3242.22
,jacket,Electronics,4956.76,FALSE,31.72,2016.94
,shirt,Electronics,4528.59,TRUE,27.27,209.99
,pants,Electronics,1286.49,FALSE,85.15,938.96
,pants,Books,3365.74,FALSE,15.49,4013.73
,watch,Home Decor,2571.08,TRUE,8.86,3613.55
,shirt,Toys,1575.22,TRUE,41.41,1358
,gloves,Home Decor,501.31,TRUE,28.77,864.41
,hat,Sports Equipment,3378.7,FALSE,74.85,2293.84
,watch,Clothing,4205.39,TRUE,65.19,3051.83
,socks,Sports Equipment,2481.75,FALSE,89.33,3531.35
,belt,Electronics,192.09,TRUE,18.48,3783.81
,jacket,Clothing,1310.2,FALSE,56.88,875.8
,belt,Books,2492.88,FALSE,33.5,506.85
,belt,Clothing,3000.65,TRUE,3.3,4675.85
,watch,Clothing,4904.37,FALSE,45.75,1009.05
,scarf,Electronics,3813.03,FALSE,27.82,2527.58
,jacket,Electronics,1655.05,TRUE,1.07,212.89
,hat,Home Decor,114.19,TRUE,24.16,1334.2
,socks,Sports Equipment,4501.25,TRUE,12.99,1457.07
,shirt,Toys,2318.2,FALSE,24.26,509.21
,pants,Electronics,2666.81,FALSE,11.24,3952.9
,scarf,Books,2174.01,FALSE,11.3,1892.92
,shirt,Electronics,4379.52,TRUE,32.72,4884.8
,belt,Sports Equipment,4298.51,TRUE,85.79,864.84
,hat,Clothing,2181.22,FALSE,54.91,3608.73
,jacket,Home Decor,1661.28,FALSE,57.8,4070.17
,belt,Books,2934.87,FALSE,23.18,1078.45
,hat,Home Decor,2274.47,TRUE,57.88,472.84
,pants,Home Decor,3619.07,TRUE,65.69,1850.48
,pants,Toys,1342.49,TRUE,50.65,1430.45
,socks,Books,734.88,FALSE,93.34,3264.01
,socks,Sports Equipment,4543.71,FALSE,26.2,1567.58
,scarf,Toys,1418.82,TRUE,29.87,3061.03
,jacket,Home Decor,167.63,TRUE,41.1,3252.3
,shirt,Books,568.95,FALSE,60.85,48.03
,pants,Toys,4314.13,TRUE,28.23,1023.82
,hat,Clothing,4291.48,TRUE,43.5,2406.32
,pants,Home Decor,337.98,FALSE,37.27,488.68
,shoes,Sports Equipment,2633.68,FALSE,24.26,4580.64
,pants,Books,4374.48,TRUE,74.82,139.7
,gloves,Books,1812.12,TRUE,80.47,510.56
,gloves,Electronics,4015.07,TRUE,2.96,3801.87
,pants,Electronics,2956.64,FALSE,24.81,1957.06
,gloves,Home Decor,4963.06,TRUE,9.78,4747.97
,watch,Electronics,1988.83,FALSE,33.77,2027.12
,gloves,Sports Equipment,600.96,FALSE,8.86,4256.2
,jacket,Sports Equipment,4785.78,TRUE,97.1,1346.45
,hat,Home Decor,2497.69,TRUE,38.56,3456.32
,watch,Clothing,2047.5,TRUE,97.97,3984.51
,watch,Clothing,1202.86,FALSE,36.46,3458.31
,shoes,Electronics,4238.65,TRUE,8.59,2432.84
,shoes,Books,4402.09,TRUE,69.35,2327.2
,belt,Clothing,3329.36,FALSE,83.49,693.17
,shirt,Toys,538.14,TRUE,77.62,3617.88
,shoes,Home Decor,1286.29,TRUE,44.63,1091.66
,shirt,Clothing,781.9,TRUE,1.8,4714.84
,hat,Books,341.57,TRUE,89.09,1909.56
,pants,Sports Equipment,1937.23,TRUE,32.47,2219.06
,watch,Toys,2492.11,FALSE,24.09,338.7
,shirt,Home Decor,3868.49,TRUE,18.56,364.05
,hat,Books,4053.41,TRUE,42.73,1089.66
,watch,Toys,1584.15,FALSE,67.34,4753.36
,watch,Clothing,2773.61,FALSE,38.85,1494.78
,shirt,Books,2196.54,TRUE,82.19,3392.96
,gloves,Clothing,3152.42,FALSE,45.35,3712.31
,jacket,Sports Equipment,3177.95,FALSE,86.23,1927.97
,pants,Sports Equipment,3509.02,FALSE,75.99,916.28
,scarf,Clothing,2036.33,FALSE,74.5,558.14
,pants,Home Decor,2814.52,FALSE,11.24,2782
,pants,Home Decor,2398.03,TRUE,73.02,4221.92
,belt,Books,4692.25,FALSE,40.18,1181.69
,socks,Sports Equipment,1339.33,FALSE,86.56,556.08
,belt,Books,4414.58,FALSE,55.95,411.23
,scarf,Books,3614.61,TRUE,84.43,3855.43
,shoes,Sports Equipment,4034.31,TRUE,13.15,3520.33
,shoes,Electronics,1384.66,FALSE,3.97,4147.57
,belt,Home Decor,3177.67,FALSE,8.69,3462.33
,jacket,Home Decor,2629.55,TRUE,37.46,2045.05
,jacket,Toys,2070.42,FALSE,18.58,866.22
,shirt,Sports Equipment,1396.83,TRUE,35.74,174.64
,socks,Clothing,141.57,FALSE,51.23,89.35
,hat,Home Decor,2614.97,TRUE,36.15,4065.93
,scarf,Sports Equipment,3738.65,FALSE,58.13,3675.32
,gloves,Toys,2949.98,TRUE,38.38,491.15
,socks,Electronics,434.43,TRUE,66.88,4335.61
,pants,Sports Equipment,864.22,TRUE,49.36,1315
,scarf,Toys,1871.67,FALSE,61.66,1405.97
,jacket,Sports Equipment,2365.79,FALSE,0.49,4212.25
,shoes,Books,4172.84,FALSE,77.98,369.88
,pants,Sports Equipment,2248.99,TRUE,79.85,4057.26
,socks,Home Decor,1262.34,FALSE,31.5,2510.54
,hat,Sports Equipment,2886.93,FALSE,33.98,4882.15
,hat,Books,2657.46,TRUE,96.63,1353.1
,gloves,Electronics,1649.06,TRUE,80.89,4228.14
,jacket,Toys,3744.45,FALSE,16.04,892.32
,pants,Clothing,1746.54,TRUE,71.9,1851.01
,belt,Home Decor,4644.16,FALSE,11.26,1529.8
,socks,Clothing,3575.92,FALSE,44.99,4079.92
,jacket,Home Decor,2818.02,FALSE,5.05,603.91
,gloves,Home Decor,2994.44,TRUE,73.61,773.31
,hat,Home Decor,2385.11,TRUE,82.47,4457.8
,pants,Clothing,4880.91,FALSE,4.41,1115.96
,watch,Electronics,3835.41,TRUE,13.53,1846.2
,belt,Clothing,436.92,FALSE,18.14,3252.78
,jacket,Toys,2008.43,FALSE,39.45,156.8
,hat,Home Decor,582.36,FALSE,67,3804.21
,watch,Home Decor,3166.6,TRUE,8.1,4325.64
,shoes,Sports Equipment,2093.95,FALSE,86.76,3705.3
,belt,Toys,4261.38,FALSE,87.84,911.99
,belt,Clothing,715.28,FALSE,8.56,1295.21
,jacket,Electronics,2266.21,FALSE,81.98,4134.91
,jacket,Home Decor,2808.65,FALSE,84.06,3890.28
,watch,Electronics,4756.94,FALSE,19.13,3397.06
,shoes,Books,3722.79,FALSE,64.02,3525.45
,shirt,Electronics,2174.58,TRUE,15.62,779.89
,pants,Books,4147.76,FALSE,68.05,4409.99
,watch,Electronics,3070.96,FALSE,65.74,1479.22
,shoes,Electronics,3896.73,FALSE,45.68,2552.46
,watch,Clothing,1297.37,FALSE,93.7,3091.89
,scarf,Clothing,1547.45,FALSE,12.99,2428.13
,socks,Sports Equipment,383.66,FALSE,79.17,1929.43
,socks,Sports Equipment,4306.15,TRUE,40.39,11.52
,scarf,Clothing,2915.01,TRUE,44.47,158.52
,watch,Clothing,2050.86,FALSE,87.37,2804.07
,scarf,Books,3737.46,FALSE,59.31,3405.32
,shirt,Electronics,837.36,FALSE,4.13,3873.74
,socks,Books,4208.48,FALSE,52.82,3372.92
,shirt,Books,1217.32,FALSE,25.25,1890.73
,hat,Clothing,2605.99,TRUE,54.38,110.7
,belt,Clothing,1585.35,FALSE,67.34,3641.86
,scarf,Clothing,537.31,TRUE,18.97,699.4
,hat,Sports Equipment,315.76,FALSE,64.36,2539.43
,pants,Home Decor,3036.37,TRUE,99.13,1868.3
,jacket,Books,4600.07,TRUE,67.79,4895.19
,scarf,Books,1461.15,FALSE,63.3,1518.82
,belt,Home Decor,3260.09,FALSE,56.92,3311.38
,pants,Clothing,1197.16,TRUE,7.66,3186.11
,gloves,Sports Equipment,3630.48,TRUE,54.06,433.71
,watch,Clothing,3168.15,TRUE,52.21,3649.81
,jacket,Home Decor,1601.3,TRUE,6.56,2100.71
,belt,Toys,2946,FALSE,37.87,3075.51
,hat,Sports Equipment,830.32,FALSE,4.01,3018.16
,jacket,Home Decor,1731.58,TRUE,11.81,1492.53
,jacket,Toys,1026.82,FALSE,59.74,4193.7
,shirt,Clothing,2524.4,FALSE,83.47,1861.44
,pants,Electronics,1087.05,FALSE,61.25,457.95
,pants,Clothing,4547.47,TRUE,40.35,3254.53
,pants,Clothing,2007,FALSE,31.8,2752.91
,shoes,Home Decor,1431.97,TRUE,6.62,1817.91
,shirt,Home Decor,2053.78,FALSE,13.02,441.91
,pants,Books,4753.79,FALSE,6.43,2136.28
,scarf,Clothing,3113.23,TRUE,17.13,816.04
,shoes,Clothing,4951.33,TRUE,80.99,2479.7
,jacket,Electronics,4485.69,FALSE,23.26,756.2
,belt,Toys,602.22,TRUE,38.11,252.52
,pants,Clothing,1272.18,FALSE,54.22,3398.68
,jacket,Home Decor,3301.87,FALSE,72.67,1031.22
,hat,Toys,1745.71,TRUE,11.56,1540.88
,gloves,Home Decor,3691.18,TRUE,6.06,824
,belt,Toys,3150.33,FALSE,29.52,1535.48
,hat,Home Decor,619.5,TRUE,34.2,1420.95
,jacket,Books,250.1,TRUE,23.44,3044.64
,scarf,Electronics,3600.65,TRUE,34.62,3361.09
,shoes,Clothing,3794.12,FALSE,45.11,2134.61
,scarf,Clothing,450.91,FALSE,52.01,2768.67
,hat,Electronics,4732.98,FALSE,77.39,2617.22
,scarf,Electronics,359.16,TRUE,0.14,1651.43
,shoes,Electronics,1247.03,FALSE,75.34,4625.9
,scarf,Books,1951.06,FALSE,90.95,2190.59
,jacket,Toys,4757.21,TRUE,46.26,1323.85
,belt,Books,2002.14,TRUE,26.49,3280.28
,hat,Sports Equipment,1886.51,FALSE,43.55,932.67
,pants,Sports Equipment,1125.76,TRUE,47.77,3536.59
,shoes,Clothing,540.64,TRUE,44.34,3212.28
,hat,Books,2436.38,TRUE,34.84,4202.57
,watch,Home Decor,1207.72,FALSE,65.81,934.38
,belt,Sports Equipment,3416.58,TRUE,19.6,412.97
,jacket,Toys,437.74,TRUE,66.18,2053.79
,belt,Clothing,4232.83,TRUE,43.21,1700.99
,scarf,Books,4719.51,TRUE,25.49,994.74
,hat,Books,61.32,TRUE,46.64,1255.43
,shirt,Home Decor,2594.33,TRUE,35.41,1383.94
,shoes,Sports Equipment,3329.1,FALSE,97.03,1789.69
,pants,Electronics,2708.92,FALSE,19.5,1287.17
,gloves,Toys,1165.26,FALSE,95.05,4985.77
,jacket,Clothing,4942.02,TRUE,23.57,99.3
,hat,Toys,3214.6,FALSE,33.06,4509.88
,jacket,Clothing,4407.66,TRUE,89.61,2374.05
,shirt,Home Decor,3441.5,TRUE,50.01,19.44
,pants,Books,2447.13,TRUE,94.2,3678.76
,shoes,Books,679.28,FALSE,58.63,435.36
,watch,Sports Equipment,2719.28,FALSE,94.41,3926.14
,watch,Toys,1653.98,TRUE,40.52,1674.15
,scarf,Home Decor,830.25,TRUE,39.95,334.07
,belt,Books,1264.17,FALSE,50.98,1116.26
,pants,Electronics,3945.97,FALSE,97.96,4668.92
,hat,Clothing,455.75,TRUE,76.42,892.72
,scarf,Books,2950.02,TRUE,13.12,3541.72
,scarf,Electronics,4851.91,TRUE,28.64,1757.79
,watch,Sports Equipment,4183.39,FALSE,95.42,4223.5
,gloves,Clothing,3011.53,TRUE,62.15,379.97
,pants,Clothing,2027.58,TRUE,65.56,4666.48
,shoes,Electronics,4214.03,TRUE,37.79,2301.65
,shirt,Clothing,3491.95,FALSE,56.22,3223.92
,shirt,Books,1791.13,FALSE,36.77,3584.1
,hat,Electronics,4656.98,TRUE,23.83,4898.08
,shoes,Sports Equipment,2028.2,FALSE,29.45,95.87
,belt,Books,73.74,TRUE,26.21,3450.91
,hat,Toys,1739.7,TRUE,42.62,4987.95
,belt,Clothing,3035.92,FALSE,55.91,174.38
,shirt,Books,3100.23,FALSE,31.7,2688.03
,hat,Home Decor,3356.07,TRUE,10.32,4796.25
,belt,Home Decor,4358.67,TRUE,20.73,2168.51
,gloves,Clothing,2618.33,TRUE,24.16,1615.62
,watch,Electronics,2679.99,TRUE,78.47,1983.65
,belt,Sports Equipment,261.79,TRUE,46.14,2752.7
,belt,Electronics,3151.35,FALSE,67.09,1651.4
,gloves,Home Decor,2810.67,TRUE,28.53,1123.97
,jacket,Electronics,3635.65,TRUE,95.66,4508.95
,socks,Toys,4437.89,FALSE,28.01,2407.7
,gloves,Electronics,1999.65,TRUE,99.61,1239.43
,scarf,Home Decor,3815.41,TRUE,85.06,4275.78
,belt,Sports Equipment,4570.44,TRUE,33.94,3144.68
,hat,Clothing,3651.84,FALSE,4.69,2973.87
,jacket,Clothing,2080.11,TRUE,52.44,466.34
,hat,Toys,456.49,FALSE,79.61,3623.31
,gloves,Toys,1815.43,FALSE,74.88,849.49
,shoes,Toys,113.42,TRUE,29.92,1391.23
,pants,Clothing,3138.21,TRUE,52.41,987.17
,belt,Home Decor,253.64,TRUE,26.03,3398.05
,watch,Home Decor,3464.11,FALSE,21.05,1575.03
,watch,Sports Equipment,1323.62,FALSE,48.44,2319.43
,pants,Electronics,3007.71,TRUE,55.31,3169.32
,scarf,Sports Equipment,626.81,FALSE,16.41,4376.59
,shirt,Toys,931.73,TRUE,26.64,1118.22
,pants,Electronics,3576.18,FALSE,65.87,2185.02
,scarf,Toys,4500.23,TRUE,18.69,2946.95
,jacket,Books,4601.98,TRUE,76,831.83
,scarf,Clothing,766.05,FALSE,24.76,2165.49
,scarf,Clothing,3064.71,FALSE,74,1315.33
,watch,Electronics,240.15,FALSE,28.65,4263.71
,scarf,Sports Equipment,1187.35,FALSE,49.75,4819.49
,pants,Home Decor,4558.88,TRUE,87.24,331.07
,gloves,Sports Equipment,1539.52,FALSE,38.6,1155.64
,shirt,Electronics,509.51,TRUE,38.19,752.96
,shirt,Toys,2329.61,TRUE,99.67,3852.03
,pants,Electronics,1560.04,FALSE,0.7,1618.5
,pants,Toys,283.62,TRUE,11.61,2997.1
,scarf,Sports Equipment,3616.31,TRUE,12.37,4722.25
,socks,Electronics,235.2,TRUE,1.29,842.44
,pants,Books,4472.51,FALSE,95.39,2899.18
,gloves,Home Decor,272.16,FALSE,91.53,3442.23
,hat,Books,4381.17,FALSE,7.83,4204.55
,gloves,Clothing,560.77,TRUE,21.77,1793.66
,socks,Sports Equipment,46.02,FALSE,21.59,4340.09
,watch,Toys,424.27,TRUE,77.88,4647.15
,scarf,Toys,2845.51,TRUE,87.35,1220.55
,watch,Electronics,2809.8,TRUE,44,4598.43
,hat,Sports Equipment,4986.63,FALSE,48.84,4760.34
,belt,Toys,4666.9,FALSE,69.47,62.82
,jacket,Home Decor,4790.51,FALSE,6.58,4010.81
,belt,Clothing,2643.31,FALSE,35.93,1466.01
,hat,Sports Equipment,1247.56,TRUE,7.17,1912.58
,watch,Sports Equipment,2514.93,TRUE,58.36,2896.57
,socks,Clothing,3654.17,FALSE,61.08,3467.59
,jacket,Toys,4445.79,FALSE,96.04,4883.49
,shirt,Sports Equipment,4268.7,FALSE,90.17,808.46
,socks,Sports Equipment,4898.79,FALSE,31.92,2372.95
,shirt,Home Decor,1000.66,FALSE,10.87,3131.89
,jacket,Electronics,3758.69,FALSE,13.37,1925.72
,belt,Sports Equipment,1388.35,FALSE,7.83,2230.51
,watch,Home Decor,2049.33,TRUE,89.1,3316.33
,jacket,Clothing,401.24,TRUE,11.4,4733.81
,socks,Sports Equipment,2831.45,TRUE,15.47,4992.86
,gloves,Home Decor,3043.16,FALSE,64.86,2061.82
,socks,Home Decor,2325.34,FALSE,69.46,3790.4
,jacket,Clothing,1193.02,TRUE,77.17,3553.8
,hat,Home Decor,3777.34,FALSE,91.24,4973.58
,socks,Books,3433.24,TRUE,40.33,3846.43
,socks,Home Decor,1542.86,TRUE,57.85,435.93
,gloves,Books,2700.86,TRUE,61.54,3273.44
,belt,Electronics,4956.1,FALSE,29.98,4030.27
,gloves,Sports Equipment,3495.85,FALSE,93.57,3754.54
,watch,Toys,4146.98,FALSE,88.59,1024.28
,hat,Electronics,4453.79,FALSE,44.53,4505.64
,gloves,Toys,3304.94,TRUE,27.9,3223.21
,watch,Toys,2754.64,FALSE,62.31,4701.43
,hat,Electronics,3998.64,TRUE,75.81,2324.63
,shirt,Home Decor,623.09,FALSE,74.98,3669.14
,watch,Books,3374.14,TRUE,26.73,3309.02
,pants,Electronics,3234.89,TRUE,41.46,3996.5
,shoes,Toys,4547.01,TRUE,53.93,1750.95
,pants,Books,1308.27,TRUE,41.49,1313.82
,pants,Electronics,2449.57,FALSE,16.05,95.76
,pants,Books,3218.61,FALSE,73.9,1018.82
,pants,Clothing,374.09,FALSE,60.16,2621.4
,scarf,Home Decor,4485.34,FALSE,3.52,1808.42
,scarf,Books,307.21,TRUE,16.56,1029
,scarf,Sports Equipment,4961.12,FALSE,35.64,4424.12
,gloves,Clothing,4942.06,FALSE,6.04,4010.25
,scarf,Clothing,4002.14,TRUE,27.27,2280.9
,watch,Books,1566.95,TRUE,89.18,4048.88
,scarf,Clothing,2528.99,TRUE,36.87,2365.98
,jacket,Sports Equipment,4055.7,TRUE,28.76,474.87
,watch,Home Decor,868.34,FALSE,48.59,1821.56
,hat,Toys,521.63,TRUE,83.92,4370.52
,shoes,Sports Equipment,3157.87,TRUE,84.99,1346.77
,scarf,Clothing,1617.26,TRUE,86.3,1403.45
,belt,Electronics,2263.57,FALSE,91.74,2930.81
,hat,Toys,1288.69,FALSE,1.79,3783.68
,shoes,Electronics,2018.61,TRUE,19.84,957.82
,watch,Toys,534.71,FALSE,27.89,4237.63
,watch,Clothing,1916.71,TRUE,83.2,4818.87
,jacket,Home Decor,3531.36,TRUE,10.04,2719.03
,jacket,Sports Equipment,3214.48,TRUE,42.31,2509.84
,pants,Electronics,154.13,FALSE,4.5,2551.91
,hat,Clothing,4682.84,TRUE,62.08,2992.88
,jacket,Home Decor,3172.57,FALSE,0.36,3209
,scarf,Electronics,4015.02,TRUE,75.84,4837.85
,scarf,Toys,1163.58,FALSE,54.42,1937.8
,socks,Electronics,1255.07,FALSE,39.06,2405.8
,hat,Books,1368.58,TRUE,47.2,0.56
,socks,Sports Equipment,4928.84,TRUE,58.74,4473.29
,shoes,Clothing,1788.41,TRUE,20.35,4513.01
,watch,Sports Equipment,3251.54,FALSE,70.63,3773.05
,watch,Toys,2222.71,FALSE,52.35,4636.77
,jacket,Books,4869.56,TRUE,24.18,561.28
,shoes,Electronics,3899.96,FALSE,49.41,2362.41
,jacket,Toys,2573.93,FALSE,64.11,670.76
,socks,Home Decor,17.68,FALSE,37.7,2957.15
,shirt,Books,4323.62,TRUE,10.8,2831.58
,hat,Electronics,962.01,FALSE,10.16,4791.42
,shirt,Electronics,4109.81,TRUE,52.04,2672.37
,watch,Sports Equipment,4163.59,FALSE,88.81,1619.24
,scarf,Home Decor,2418.27,FALSE,69.35,304.19
,hat,Sports Equipment,3133.52,FALSE,41.82,3685.52
,gloves,Books,4810.83,FALSE,15.74,398.25
,hat,Books,384.08,TRUE,76.9,436.03
,watch,Sports Equipment,3108.77,TRUE,80.93,3484.16
,pants,Sports Equipment,2680.85,FALSE,72.71,1524.52
,jacket,Books,4310,TRUE,48.03,4640.16
,gloves,Toys,1909.93,TRUE,75.46,817.96
,shoes,Clothing,4120.72,FALSE,35.39,880.53
,watch,Electronics,843.6,TRUE,31.94,4571.43
,watch,Sports Equipment,4922.37,FALSE,88.02,1131.56
,gloves,Home Decor,3257.97,FALSE,4.85,3814.08
,jacket,Sports Equipment,1058.04,TRUE,30.93,4724.56
,shoes,Toys,1502.08,FALSE,46.46,529.21
,hat,Toys,2507.39,FALSE,63.69,2912.11
,hat,Sports Equipment,3931.04,FALSE,26.47,503.65
,watch,Electronics,4886.06,FALSE,54.48,144.49
,socks,Home Decor,2316.09,TRUE,30.16,2802.77
,belt,Electronics,4414.05,TRUE,4.17,2763.9
,socks,Sports Equipment,2903.97,FALSE,73.93,2401.33
,pants,Electronics,3432.91,FALSE,26.94,3555.36
,jacket,Electronics,2111.06,TRUE,78.25,3733.41
,scarf,Toys,1983.15,TRUE,22.05,1167.78
,watch,Home Decor,2365.65,FALSE,22.79,1926.84
,belt,Books,3942.2,FALSE,99.43,1670.92
,scarf,Clothing,4301.23,FALSE,16.89,3721.48
,belt,Books,3170.99,TRUE,63.62,3460.34
,socks,Clothing,229.49,TRUE,60.19,1436.75
,shoes,Electronics,1070.17,TRUE,81.62,3163.88
,belt,Electronics,4560.82,TRUE,80.1,4665.35
,watch,Toys,2059.67,TRUE,28.49,1355.82
,hat,Electronics,987.18,FALSE,8.5,853.62
,scarf,Sports Equipment,889.58,TRUE,75.23,482.77
,shoes,Sports Equipment,4124.05,FALSE,1.26,4082.74
,scarf,Books,2020.88,TRUE,92.44,129.23
,socks,Home Decor,4721.14,TRUE,83.49,564.55
,belt,Sports Equipment,4832.51,TRUE,50.22,1175.65
,shirt,Sports Equipment,3318.6,TRUE,23.67,4167.41
,shoes,Books,2912.89,TRUE,40.84,4799.77
,socks,Clothing,836.18,FALSE,40.6,3647.67
,shoes,Sports Equipment,3881.75,TRUE,66.61,3555.36
,scarf,Books,262.96,FALSE,48.8,3488.92
,hat,Books,3260.23,TRUE,89.48,3740.9
,jacket,Clothing,370.26,FALSE,64.44,2103.43
,hat,Home Decor,1607,TRUE,67.72,1461.06
,socks,Books,119.6,FALSE,5.52,2779.17
,watch,Home Decor,3117.39,FALSE,0.79,1811.72
,gloves,Electronics,1951.24,FALSE,74.91,2578.83
,scarf,Toys,1091.61,TRUE,97.02,4709.9
,jacket,Sports Equipment,1308.84,FALSE,58.25,3918.7
,belt,Books,4887.7,FALSE,97.58,1416.33
,jacket,Sports Equipment,2738.82,TRUE,2.65,4357.15
,jacket,Home Decor,3203.34,TRUE,87.11,3363.95
,jacket,Electronics,1288.47,TRUE,94.77,2555.86
,pants,Home Decor,982.83,FALSE,96.79,3629.39
,socks,Home Decor,3942.23,TRUE,35.23,2591.88
,shirt,Sports Equipment,3080.34,TRUE,84.14,2940.42
,pants,Sports Equipment,298.94,FALSE,80.74,3648.73
,gloves,Electronics,2567.09,TRUE,71.11,1809.15
,jacket,Books,1909.87,FALSE,34.26,575.07
,gloves,Electronics,87.79,TRUE,99.23,2629.79
,shoes,Home Decor,2741.24,TRUE,3.88,3794.48
,gloves,Toys,2239.27,TRUE,38.42,1576.35
,shoes,Toys,4964.59,TRUE,70.83,2462.27
,belt,Toys,3285.84,TRUE,37.17,2155.87
,scarf,Home Decor,253.83,FALSE,34.12,762.92
,gloves,Clothing,2515.22,TRUE,54.26,3635.99
,watch,Sports Equipment,1501.9,FALSE,60.32,1359.42
,scarf,Books,4309.8,TRUE,43.72,1643.65
,shirt,Home Decor,1956.96,FALSE,16.76,1997.2
,belt,Clothing,4578.03,TRUE,46.35,326.83
,watch,Sports Equipment,4687.84,FALSE,27.02,746.21
,watch,Home Decor,1385.15,FALSE,45.34,1703.72
,pants,Clothing,4735.3,FALSE,10.22,964.14
,socks,Electronics,908.13,FALSE,62.11,4462.2
,shoes,Toys,246.94,TRUE,62.5,543.82
,shoes,Home Decor,4509.43,TRUE,36.84,2197.07
,gloves,Clothing,3385.48,FALSE,35,3525.44
,jacket,Clothing,2408.73,TRUE,17.33,1565.06
,hat,Books,1846.05,FALSE,94.79,1513.5
,shirt,Electronics,1898.86,TRUE,97.65,3852.07
,belt,Clothing,4868.66,TRUE,22.48,2068.73
,jacket,Books,2334.92,FALSE,36.76,868.93
,watch,Electronics,2631.72,TRUE,24.88,2271.49
,shirt,Sports Equipment,37.36,FALSE,42.29,1088.89
,scarf,Books,2962.91,TRUE,40.77,4272.84
,jacket,Toys,3646.68,FALSE,88.88,3928.31
,gloves,Sports Equipment,3764.98,TRUE,86.16,1018.34
,belt,Electronics,798.82,FALSE,98.24,1552.85
,shoes,Clothing,944.61,FALSE,25.09,2368.71
,belt,Electronics,4679.51,TRUE,37.16,28.69
,pants,Toys,305.09,FALSE,5.76,2730.83
,socks,Home Decor,1530.89,TRUE,40.03,896.05
,watch,Clothing,2589.99,FALSE,49.51,3127.28
,jacket,Clothing,2899.78,FALSE,68.92,3043.13
,shirt,Sports Equipment,3491.32,TRUE,88.19,1972.61
,pants,Electronics,2063.6,FALSE,26.78,2418.17
,watch,Electronics,1727.47,TRUE,40.69,1157.63
,gloves,Electronics,646.23,FALSE,75.75,1105.86
,scarf,Sports Equipment,2863.75,TRUE,64.54,1138.26
,pants,Toys,217.46,TRUE,86.82,3649.29
,belt,Toys,4196.96,FALSE,34.57,4634.26
,watch,Toys,3977.76,FALSE,84.88,4257.63
,gloves,Clothing,2579.64,TRUE,71.23,4123.41
,hat,Home Decor,3673.55,FALSE,80.43,1226.63
,socks,Electronics,3498.28,FALSE,53.74,269.1
,shoes,Home Decor,4897.58,FALSE,34.79,3030.8
,pants,Electronics,2413.32,TRUE,72.85,3098.87
,scarf,Books,390.72,FALSE,61.4,3466.85
,gloves,Sports Equipment,513.84,FALSE,26.51,52.91
,hat,Books,2542.03,FALSE,23.53,3065.61
,scarf,Sports Equipment,157.1,TRUE,84.31,2349.52
,shoes,Sports Equipment,3911.32,FALSE,89.79,4504.65
,hat,Books,4076.86,TRUE,76.55,74.21
,belt,Home Decor,476.42,FALSE,72.83,2955.85
,scarf,Clothing,4498.99,TRUE,91.32,1234.98
,pants,Clothing,313.15,TRUE,31.34,1336.72
,gloves,Clothing,2289.51,FALSE,75.75,3007.92
,watch,Electronics,2565,FALSE,57.13,4135.44
,watch,Clothing,978.87,FALSE,68.25,3135.51
,socks,Electronics,4607.04,FALSE,79.39,3394.1
,scarf,Toys,2476.36,FALSE,85.32,4981.81
,jacket,Clothing,2572.66,TRUE,16.59,44.71
,belt,Sports Equipment,3063.28,TRUE,7.68,1222.79
,scarf,Home Decor,1331.96,FALSE,80.57,2818.32
,shoes,Electronics,575.08,FALSE,10.16,4226.64
,belt,Home Decor,569.84,TRUE,66.48,2871.93
,jacket,Clothing,4032.83,TRUE,34.34,230.12
,pants,Electronics,1649.86,FALSE,43.94,1564.2
,belt,Electronics,4311.33,FALSE,91.97,4231.06
,shoes,Home Decor,1355.27,FALSE,1.31,4088.43
,gloves,Electronics,2302.79,TRUE,45.8,1924.72
,watch,Books,865.45,FALSE,45.72,938.71
,socks,Sports Equipment,4657.92,TRUE,53.87,1790.78
,socks,Electronics,976.55,FALSE,59.45,2235.99
,shirt,Clothing,559.37,FALSE,25.82,3890.18
,shirt,Books,2331.35,FALSE,8.31,3228.23
,pants,Toys,4018.89,FALSE,32.97,2553.49
,hat,Home Decor,4896.13,FALSE,55.85,2236.32
,shoes,Sports Equipment,2717.29,TRUE,33.28,225.05
,shoes,Clothing,2890.54,TRUE,4.05,4730.74
,hat,Sports Equipment,4162.4,TRUE,76.68,3557.44
,pants,Toys,4740.81,FALSE,81.29,4652.27
,shoes,Home Decor,1157.83,TRUE,49.64,2000.11
,scarf,Books,1040.82,FALSE,69.23,3211.35
,watch,Toys,14.63,FALSE,10.16,246.38
,socks,Toys,373.41,FALSE,64.77,4583.93
,shirt,Electronics,3076.74,FALSE,30.96,494.22
,jacket,Sports Equipment,1370.71,FALSE,99.63,546.02
,belt,Books,2079.64,TRUE,14.07,448.91
,jacket,Sports Equipment,2877.41,FALSE,69.56,4292.62
,watch,Electronics,4083.5,FALSE,3.59,2509.22
,scarf,Clothing,1362.27,FALSE,36.01,1109.84
,socks,Sports Equipment,3085.39,FALSE,25.43,1544.75
,watch,Toys,2454.14,FALSE,35.94,3630.63
,belt,Books,880.1,TRUE,91.99,2569.35
,belt,Books,1491.19,FALSE,96.75,2657.34
,gloves,Clothing,209.48,FALSE,35.57,95.22
,hat,Electronics,95.77,FALSE,81.2,1948.35
,gloves,Electronics,3746.59,TRUE,40.74,1707.73
,socks,Electronics,1737.27,TRUE,83.33,4456.05
,belt,Home Decor,3446.96,TRUE,53.07,3752.97
,watch,Electronics,1744.51,FALSE,84.84,3595.06
,belt,Home Decor,3425.42,TRUE,21.1,1815.25
,gloves,Clothing,4601.15,TRUE,78.48,1473.18
,belt,Electronics,4012.3,FALSE,63.99,4693.09
,shoes,Sports Equipment,2719.04,TRUE,63.02,2825.15
,gloves,Clothing,3152.79,TRUE,50.87,4101.33
,belt,Toys,535.77,TRUE,71.99,1723.52
,hat,Sports Equipment,2726.92,FALSE,39.41,4918.25
,jacket,Clothing,2085.41,FALSE,25.95,3587.75
,socks,Toys,1373.23,FALSE,81.95,1752.95
,hat,Electronics,2524.85,FALSE,43.93,2680.24
,hat,Sports Equipment,3806.8,TRUE,25.42,1381.63
,watch,Home Decor,4012.15,TRUE,37.31,2022.56
,watch,Clothing,4267.47,FALSE,85.23,795.92
,hat,Electronics,2238.36,FALSE,75.38,679.32
,socks,Electronics,3309.99,FALSE,62.79,607.36
,belt,Home Decor,1433.03,FALSE,58.42,563.54
,hat,Sports Equipment,3996.41,FALSE,47.54,2061.91
,jacket,Clothing,442.81,TRUE,72.6,2332.29
,watch,Electronics,2311.98,FALSE,67.09,3857.56
,watch,Electronics,4654,TRUE,63.52,3159.02
,hat,Toys,2845.39,TRUE,77.85,1269.65
,jacket,Toys,3038.34,FALSE,21.16,3671.62
,watch,Sports Equipment,4875.51,TRUE,28.46,1798.53
,scarf,Electronics,1203,TRUE,76.01,4476.86
,watch,Toys,2666.01,FALSE,79.19,2717.9
,watch,Electronics,785.3,TRUE,53.36,360.73
,jacket,Clothing,4875.88,FALSE,29.18,4569.58
,shoes,Home Decor,2123.02,TRUE,61.03,2091.48
,shirt,Sports Equipment,3968.09,TRUE,5.84,2820.49
,pants,Toys,2422.01,FALSE,44.44,4710.1
,hat,Books,3927.36,TRUE,29.8,525.97
,shoes,Toys,3937.63,FALSE,95.47,3624.15
,hat,Clothing,679.88,FALSE,54.46,2360.22
,pants,Toys,4026.69,FALSE,68.77,3933.34
,shoes,Books,3449.96,FALSE,70.22,4865.35
,belt,Sports Equipment,237.53,TRUE,80.88,1774.72
,belt,Books,4643.43,FALSE,37.32,3066.65
,shirt,Home Decor,4370.19,TRUE,3.22,1730.71
,shoes,Electronics,2163.78,FALSE,93.95,2181.87
,socks,Toys,665.61,FALSE,81.65,139.38
,watch,Books,2952.13,TRUE,29.9,2755.55
,scarf,Clothing,2118.71,TRUE,59.07,4563.16
,watch,Books,1969.03,TRUE,70.17,568.89
,shoes,Sports Equipment,4908.13,TRUE,90.88,1141.21
,shoes,Clothing,1086.91,TRUE,68.75,941.55
,jacket,Toys,2251.41,FALSE,97.29,2056.81
,gloves,Home Decor,2661.55,TRUE,49.47,4085.83
,hat,Toys,3580.69,TRUE,12.37,2415.6
,gloves,Electronics,2716.89,TRUE,72.37,4177.21
,socks,Toys,4345.65,FALSE,16.22,2772.08
,watch,Sports Equipment,4810.95,TRUE,51.67,3231.71
,hat,Clothing,1173.57,TRUE,26.03,1488.84
,scarf,Electronics,3915.52,FALSE,7.23,4198.6
,watch,Electronics,847.3,FALSE,62.67,2631.13
,hat,Home Decor,3155.22,FALSE,11.54,4187.53
,socks,Sports Equipment,3026.31,TRUE,51.35,4094.13
,shoes,Toys,138.08,TRUE,60.55,2860.55
,pants,Electronics,2109.51,FALSE,78.51,3798.44
,socks,Clothing,1141.17,FALSE,23.45,1309.95
,scarf,Books,414.06,TRUE,9.74,4264.5
,scarf,Electronics,2233.51,FALSE,93.56,2359.7
,shoes,Electronics,2621.96,TRUE,48.36,2397.46
,watch,Books,4694.03,FALSE,60.65,4686
,hat,Sports Equipment,196.05,TRUE,83.97,3005.95
,hat,Clothing,428.64,TRUE,62.43,777.81
,shoes,Home Decor,738.3,TRUE,64.71,590.8
,hat,Home Decor,582.07,TRUE,72.64,2748.2
,gloves,Toys,1959.28,FALSE,19.34,3630.42
,watch,Home Decor,3808.94,TRUE,89.94,1790.31
,belt,Books,1136.62,FALSE,52.9,1165
,shirt,Home Decor,2471.47,TRUE,36.9,1608.44
,shoes,Toys,1433.29,FALSE,3.79,436.68
,jacket,Sports Equipment,1195.08,FALSE,41.97,2588.72
,shoes,Books,604.8,FALSE,46.62,32.28
,scarf,Clothing,1775.14,FALSE,96.59,627.79
,jacket,Books,3076.77,FALSE,65.84,2135.03
,watch,Toys,4640.42,FALSE,41.33,1041.73
,scarf,Clothing,2594.06,TRUE,24.8,625.81
,pants,Electronics,3368.54,FALSE,4.21,2107.6
,belt,Toys,4247.77,FALSE,91.23,3727.92
,gloves,Books,1158.86,TRUE,68.16,4272.97
,shirt,Sports Equipment,4912.07,TRUE,59.89,4540.89
,shirt,Clothing,3376.46,FALSE,0.69,3246.83
,scarf,Clothing,3238.87,TRUE,18.67,2005.39
,hat,Toys,388.67,TRUE,60.18,3269.71
,hat,Toys,2250.33,FALSE,12.63,1152.93
,pants,Clothing,2252.24,TRUE,35.24,4117.18
,jacket,Home Decor,4744.65,FALSE,29.71,4270.13
,shirt,Electronics,363.48,FALSE,0.15,967.93
,belt,Home Decor,124.7,FALSE,6.53,541.77
,socks,Home Decor,4143.24,FALSE,21.93,4279.6
,watch,Clothing,1309.29,FALSE,83.87,34.13
,shirt,Home Decor,3989.49,FALSE,5.31,4680.27
,socks,Electronics,2344.86,FALSE,54.07,4171.59
,scarf,Toys,4992.13,FALSE,14.69,4755.86
,belt,Books,2750.39,TRUE,43.75,772.19
,jacket,Electronics,3865.25,TRUE,59.37,1153.15
,gloves,Electronics,597.56,TRUE,47.12,4323.73
,shoes,Clothing,3940.64,FALSE,95.88,3015.94
,watch,Clothing,3005.99,FALSE,33.97,3855.47
,scarf,Clothing,2164.68,FALSE,94.94,162.19
,hat,Home Decor,1743.23,TRUE,25.08,1892.98
,shoes,Books,2338.87,FALSE,31.82,1375.35
,hat,Toys,3628.59,FALSE,89.14,838.36
,gloves,Toys,826.82,TRUE,75.99,3625.85
,pants,Electronics,3887.65,TRUE,67.31,2509.96
,shoes,Books,1071.92,FALSE,99.91,4739.05
,scarf,Home Decor,2609.39,TRUE,85.28,384.07
,socks,Home Decor,4680.43,TRUE,67.57,2397.92
,shoes,Clothing,2889.94,TRUE,25.56,4725.01
,socks,Books,1706.06,FALSE,36.02,1002.76
,jacket,Clothing,4585.86,FALSE,15.98,373.8
,belt,Books,1407.97,TRUE,61.64,2882.96
,gloves,Toys,2475.47,FALSE,58.58,1496.89
,hat,Toys,3969.06,FALSE,62.29,1839.84
,pants,Books,416.6,TRUE,21.97,3913.38
,belt,Sports Equipment,4786.18,FALSE,85.74,1134.1
,pants,Home Decor,4982.29,FALSE,0.96,4480.72
,socks,Books,4439.53,TRUE,16.23,108.67
,gloves,Toys,4362.3,TRUE,86.58,2074.23
,watch,Sports Equipment,4958.53,TRUE,84.13,2246.32
,scarf,Toys,662.89,TRUE,76.42,673.74
,hat,Sports Equipment,150.34,FALSE,11.16,4020.98
,belt,Clothing,1403.05,TRUE,92.94,1127.69
,socks,Electronics,3916.84,FALSE,99.17,3525.6
,belt,Toys,4179.17,TRUE,95.61,599.94
,gloves,Books,24.93,FALSE,2.57,1359.7
,watch,Clothing,2258.39,FALSE,0.43,124.08
,jacket,Home Decor,3202.55,FALSE,10.51,4606.14
,scarf,Electronics,2103.97,TRUE,87.1,1223.9
,pants,Sports Equipment,2095.17,TRUE,1.35,2815.83
,shoes,Sports Equipment,3230.19,TRUE,75.38,465.2
,jacket,Toys,501.04,FALSE,33.92,3768.83
,watch,Clothing,2519.27,FALSE,15.01,1371.95
,jacket,Books,4311.6,FALSE,39.23,4289.07
,shirt,Books,3968.69,TRUE,17.3,4961.06
,pants,Electronics,3482.64,TRUE,37.14,510.3
,gloves,Home Decor,3895.5,FALSE,88.36,4167.94
,pants,Home Decor,236.14,FALSE,82.44,826.53
,gloves,Sports Equipment,1875.88,FALSE,7.78,3480.16
,shirt,Clothing,1443.1,FALSE,32.53,765.53
,shoes,Home Decor,1105.34,FALSE,32.9,773.48
,shirt,Toys,2394.82,TRUE,6.27,2785.22
,socks,Toys,2416.58,FALSE,27.12,4078.18
,hat,Home Decor,3267.16,FALSE,19.93,3760.65
,jacket,Electronics,3025.92,TRUE,88.05,1927.23
,belt,Toys,2015.38,TRUE,56.41,4126.57
,pants,Clothing,3638.26,TRUE,15.4,4555.83
,hat,Toys,1607.8,FALSE,17.04,3482.5
,jacket,Clothing,4925.23,TRUE,78.82,1736.4
,hat,Clothing,3342.58,TRUE,31.39,3872.96
,hat,Clothing,2572.19,TRUE,60.44,1594.24
,scarf,Sports Equipment,2274.89,FALSE,16.81,3369.02
,gloves,Electronics,4237.34,TRUE,98.69,4839.59
,jacket,Sports Equipment,2643.1,FALSE,68.46,3084.17
,shoes,Electronics,765.3,TRUE,93.03,1855.86
,belt,Clothing,2003.86,TRUE,5.28,255.01
,jacket,Electronics,681.03,TRUE,76.34,2142.18
,jacket,Clothing,145.2,TRUE,33.19,2240.3
,watch,Books,3253.73,FALSE,26.61,2805.08
,shirt,Clothing,4354.54,TRUE,17.16,864.02
,jacket,Clothing,3306.56,FALSE,96.63,2296.4
,belt,Home Decor,4590.5,FALSE,97,49.45
,hat,Sports Equipment,4317.85,FALSE,6.04,1136.41
,socks,Clothing,2539.95,FALSE,87.9,3389.8
,shoes,Clothing,3403.31,FALSE,62.68,2740.78
,shirt,Sports Equipment,3332.19,TRUE,42.9,300.21
,pants,Clothing,3369.33,TRUE,60.45,3383.04
,gloves,Clothing,4701.82,TRUE,84.93,910.09
,socks,Toys,4946.54,FALSE,15.46,2935.9
,gloves,Home Decor,359.07,FALSE,89.14,2526.77
,pants,Books,2491.81,TRUE,10.02,3612.38
,watch,Home Decor,1340.73,FALSE,44.81,209.44
,hat,Toys,726.43,TRUE,78.4,4967.94
,hat,Electronics,1371.76,FALSE,74.96,3797.2
,pants,Sports Equipment,4488.03,TRUE,35.43,2258.97
,jacket,Clothing,2029.08,TRUE,40.93,3216.68
,gloves,Electronics,1762.55,FALSE,78.14,2427.91
,pants,Sports Equipment,2572.85,TRUE,48.13,1066.04
,belt,Home Decor,3402.95,FALSE,24.49,2617.6
,watch,Books,1149.05,TRUE,96.84,4550.61
,shoes,Electronics,1201.76,TRUE,97.09,692.7
,hat,Books,2887.66,TRUE,55.78,1551.94
,pants,Clothing,2669.19,TRUE,29.17,1329.23
,gloves,Books,2709.99,FALSE,30.18,48.5
,scarf,Electronics,4925.65,FALSE,50.14,2072.67
,shirt,Books,2607.34,FALSE,76.05,2007.39
,watch,Clothing,366.86,FALSE,45.92,4802.4
,belt,Sports Equipment,4029.63,FALSE,75.13,1199.54
,watch,Electronics,483.44,FALSE,43.96,2682.56
,socks,Sports Equipment,3634,FALSE,39.34,102.86
,belt,Books,1257.8,TRUE,7.75,1877.3
,socks,Electronics,583.71,TRUE,68.74,4258.14
,belt,Home Decor,756.3,FALSE,4.28,899.72
,belt,Home Decor,830.49,TRUE,78.34,1683.51
,watch,Sports Equipment,3801.61,FALSE,36.11,126.76
,jacket,Home Decor,1085.05,FALSE,16,503.19
,scarf,Toys,650.72,FALSE,50.43,2078.8
,shirt,Books,2574.63,TRUE,34.4,4248.76
,hat,Sports Equipment,68.11,FALSE,14.52,3198.2
,belt,Toys,1624.13,TRUE,90.83,1566.56
,belt,Electronics,311.44,FALSE,73.06,4820.87
,gloves,Toys,1857.39,FALSE,7.34,4354.95
,belt,Sports Equipment,4061.3,TRUE,99.33,3878.71
,belt,Home Decor,842.79,FALSE,86.09,553.13
,jacket,Clothing,4379.17,TRUE,97.24,1690.88
,jacket,Electronics,749.43,TRUE,92.83,3058.98
,hat,Toys,2316.03,TRUE,99.3,2165.52
,hat,Books,743.01,FALSE,27.78,1068.99
,scarf,Home Decor,3388.34,TRUE,19.53,651.74
,shoes,Toys,627.22,TRUE,22.31,3672.92
,shirt,Clothing,2040.09,FALSE,46.81,4650.41
,shirt,Sports Equipment,4541.67,FALSE,48.22,3208.83
,belt,Home Decor,3830,TRUE,2.05,105.76
,pants,Electronics,1421.68,TRUE,19.33,2573.43
,hat,Toys,3310.02,FALSE,48.41,2407.28
,shirt,Toys,3113.4,TRUE,34.36,4322.15
,hat,Electronics,3891.33,TRUE,55.17,3153.65
,pants,Toys,435.25,FALSE,93.9,2961.5
,gloves,Toys,2271.63,FALSE,29.8,442.42
,belt,Electronics,2064.35,TRUE,18.34,2313.41
,jacket,Toys,1163.48,FALSE,33.83,4462.59
,gloves,Sports Equipment,249.66,TRUE,61.29,3618.05
,hat,Books,1255.76,FALSE,63.52,1854.83
,gloves,Sports Equipment,4854.12,TRUE,23.25,2330.45
,socks,Sports Equipment,4629.6,TRUE,25.94,2551.78
,shoes,Sports Equipment,20.51,FALSE,30.18,4432.95
,scarf,Books,4761.16,FALSE,26.17,4970.98
,shoes,Electronics,1693.82,TRUE,97.45,973.7
,belt,Clothing,1433.29,FALSE,98.08,1857.61
,shirt,Sports Equipment,363.52,FALSE,41.26,2737.86
,pants,Clothing,1020.96,TRUE,61.32,4398.94
,watch,Electronics,1765.27,TRUE,67.64,444.61
,shirt,Sports Equipment,4663.15,TRUE,14.88,1239.83
,shirt,Books,4606.06,FALSE,44.01,2183.85
,scarf,Electronics,303.53,FALSE,39.35,3838.47
,jacket,Home Decor,4051.77,TRUE,1.58,2657.4
,shirt,Electronics,3468.2,TRUE,37.72,323.97
,shirt,Toys,444.81,TRUE,28.66,628.95
,watch,Toys,2344.17,TRUE,43.82,4963.11
,pants,Sports Equipment,3629.75,FALSE,57.04,4374.96
,watch,Sports Equipment,4681.57,FALSE,43.83,4471.54
,scarf,Clothing,249.03,TRUE,42.23,4249.87
,belt,Clothing,2091.72,TRUE,31.66,2648.04
,hat,Books,2973.47,FALSE,83.93,2283.65
,scarf,Clothing,2023.95,FALSE,94.75,2140.93
,gloves,Clothing,602.09,FALSE,77.06,4699.17
,hat,Toys,160.28,TRUE,72.03,1512.53
,jacket,Books,128.59,FALSE,91.9,1011.1
,shoes,Sports Equipment,3284.27,FALSE,96.12,1678.78
,belt,Clothing,1241,FALSE,76.99,4225.7
,shirt,Sports Equipment,2475.27,FALSE,58.44,4411.88
,gloves,Toys,4706.6,FALSE,35.8,3606.24
,scarf,Toys,4442.25,FALSE,38.16,3544.62
,jacket,Home Decor,704.22,TRUE,73.73,524.87
,jacket,Clothing,3982.8,FALSE,39.26,1917.06
,shirt,Home Decor,4898.01,TRUE,22.46,4545.84
,belt,Clothing,3921.77,FALSE,52.71,4444.88
,socks,Books,2301.88,FALSE,37.36,27.15
,scarf,Toys,3944.57,FALSE,17.16,4744.68
,shirt,Books,1215.37,FALSE,82.83,4667.29
,scarf,Toys,1547.89,TRUE,25.51,3233.28
,socks,Toys,2215.63,TRUE,27.52,853.84
,scarf,Electronics,715.48,TRUE,13.43,3152.94
,gloves,Electronics,4274.1,FALSE,5.27,3644.04
,gloves,Clothing,418.75,FALSE,91.28,1289.46
,hat,Clothing,1523.65,TRUE,9.43,394.49
,hat,Home Decor,3937.84,FALSE,10.63,1397.64
,shirt,Clothing,2102.77,FALSE,73.78,767.03
,pants,Toys,2166.24,FALSE,63.54,1204.72
,shirt,Electronics,2809.41,FALSE,55.14,3519.36
,shirt,Sports Equipment,4439.83,FALSE,43.27,1192.37
,shirt,Books,2573.66,FALSE,28.92,4113.56
,scarf,Books,2134.06,TRUE,7.85,2111
,hat,Clothing,1134.51,TRUE,61.83,861.78
,socks,Electronics,1258.17,TRUE,48.61,4931.06
,belt,Sports Equipment,1662.17,FALSE,60.38,2709.24
,belt,Electronics,3253.59,FALSE,29.18,2323.31
,pants,Sports Equipment,2819.8,FALSE,58.93,2359.12
,jacket,Home Decor,965.65,FALSE,90.92,2862.72
,pants,Electronics,1942.46,TRUE,1.91,4959.96
,pants,Toys,4647.3,TRUE,32.21,4360.46
,gloves,Electronics,1671.06,FALSE,41.04,1202.65
,pants,Books,1803.99,TRUE,37.9,3681.09
,belt,Sports Equipment,2879.57,FALSE,10.07,1746.42
,socks,Home Decor,2451.83,FALSE,89.04,3703.96
,pants,Books,4338.19,FALSE,85.34,1963.71
,belt,Books,1217.87,FALSE,74.44,3823.26
,gloves,Books,3047.38,TRUE,4.73,4975.39
,shoes,Home Decor,3381.13,TRUE,82.64,4249.96
,shirt,Books,4695.98,TRUE,17.86,3267.21
,socks,Home Decor,593.81,FALSE,82.13,4434.3
,hat,Toys,1611.12,TRUE,53.39,4461.07
,scarf,Clothing,1849.3,TRUE,57.01,3751.59
,scarf,Electronics,256.62,FALSE,51.46,1845.28
,shoes,Clothing,125.16,FALSE,80.16,4577.87
,belt,Clothing,1237.21,FALSE,38.23,461.76
,shirt,Sports Equipment,2975.47,FALSE,77.86,3581.56
,hat,Home Decor,1464.59,FALSE,91.26,355.36
,watch,Toys,4992.11,TRUE,40.97,2623.92
,watch,Toys,3666.23,TRUE,49.34,4399.8
,scarf,Home Decor,1460.84,TRUE,43.5,3242.73
,pants,Books,1502.69,FALSE,86.25,2198.23
,shirt,Clothing,4866.5,TRUE,12.86,607.93
,hat,Sports Equipment,1754.54,FALSE,67.54,3612.83
,scarf,Clothing,1932.65,TRUE,33.69,1104.01
,watch,Clothing,3382.17,TRUE,29.11,2262.19
,pants,Books,2133.94,TRUE,62.31,1548.81
,shirt,Clothing,4684.44,FALSE,50.07,4120.03
,hat,Home Decor,4621.37,FALSE,1.4,1617.28
,hat,Books,4668.91,TRUE,66.32,3127.76
,watch,Sports Equipment,3909.02,TRUE,10.58,4476.9
,jacket,Clothing,1429.16,FALSE,85.51,1339.04
,jacket,Sports Equipment,1270.53,FALSE,89.06,2592.22
,shirt,Toys,2825.73,TRUE,53.19,3705.76
,scarf,Books,3369.27,TRUE,53.16,1982.03
,socks,Home Decor,4385.61,FALSE,78.88,331.08
,watch,Books,1671.94,FALSE,89.39,3354.39
,hat,Books,3279.72,FALSE,69.03,4932.85
,hat,Electronics,1955.94,FALSE,20.09,4291.48
,shirt,Sports Equipment,102.3,TRUE,20.01,434.28
,hat,Sports Equipment,2974.23,FALSE,98.36,3805.77
,jacket,Electronics,1620.23,FALSE,93.93,446.9
,shoes,Clothing,2668.26,TRUE,86.18,1670.62
,shirt,Books,503.12,FALSE,47.16,303.63
,gloves,Clothing,963.47,TRUE,24.72,83.79
,shoes,Clothing,228.5,FALSE,40.95,3813.12
,shoes,Electronics,1437.33,FALSE,1.13,4255.04
,socks,Electronics,1272.29,TRUE,35.75,4997.51
,shirt,Home Decor,1454.13,TRUE,19.97,197.32
,gloves,Clothing,2657.43,TRUE,31.69,387.85
,shoes,Books,2743.98,TRUE,89.8,3145.87
,jacket,Home Decor,3733.22,TRUE,98.88,4172.94
,socks,Sports Equipment,4713.07,TRUE,4.24,50.28
,watch,Home Decor,2449.64,TRUE,46.02,2413.82
,shoes,Sports Equipment,2707.84,FALSE,86.35,1115.42
,gloves,Home Decor,3899.63,TRUE,24.65,1565.5
,jacket,Sports Equipment,4615.28,TRUE,88.85,301.42
,belt,Toys,2070.48,TRUE,28.7,3970.85
,socks,Books,1755.61,FALSE,71.57,754.69
,watch,Clothing,2558.31,TRUE,83.44,1161.56
,shirt,Toys,1833.41,FALSE,84.24,4114.37
,scarf,Clothing,3216.61,TRUE,52.96,2560.84
,pants,Home Decor,4609.64,FALSE,94.69,4295.96
,scarf,Home Decor,2265.79,FALSE,71.25,155.97
,belt,Sports Equipment,1919.78,FALSE,55.79,2829.66
,gloves,Books,3477.36,FALSE,7.71,2057.43
,shoes,Home Decor,4333.92,TRUE,35.69,84.26
,scarf,Books,2189.65,FALSE,85.42,4699.56
,scarf,Toys,2973.85,TRUE,24.77,4562.16
,socks,Home Decor,4889.11,TRUE,67.83,1887.98
,jacket,Toys,30.9,FALSE,70.22,4228.18
,gloves,Books,4808.81,TRUE,84.75,4366.51
,hat,Clothing,4839.42,FALSE,34.69,567.89
,hat,Clothing,151.32,TRUE,7.43,4929.77
,pants,Electronics,3096.38,TRUE,21.34,4044.62
,pants,Home Decor,4406.25,FALSE,92.85,543.85
,jacket,Clothing,892.9,FALSE,90.94,3609.6
,jacket,Books,66.33,TRUE,39.11,2302.62
,socks,Home Decor,296.39,FALSE,95.7,1761.11
,shirt,Books,3176.68,TRUE,67.26,3337.79
,watch,Electronics,4278.13,FALSE,24.22,3290
,gloves,Toys,4914.43,TRUE,27.18,3708.93
,belt,Clothing,3167.32,FALSE,56.31,297.46
,jacket,Electronics,4019.16,TRUE,21.4,307.57
,scarf,Home Decor,1969.46,TRUE,39.81,2144.95
,gloves,Toys,1143.38,FALSE,94.12,186.74
,gloves,Electronics,422.53,TRUE,13.65,1928.05
,belt,Electronics,320.17,TRUE,1.85,2488
,watch,Toys,138.36,TRUE,91.57,119.82
,watch,Home Decor,3931.59,FALSE,81.14,4790.98
,pants,Toys,1736.93,TRUE,98.83,4412.02
,shoes,Sports Equipment,491.85,FALSE,51.02,4467.91
,jacket,Clothing,4484.97,FALSE,7.34,3867.16
,socks,Sports Equipment,3075,TRUE,7.75,1554.68
,shoes,Clothing,2544.17,TRUE,60.78,4317.76
,scarf,Sports Equipment,2141.13,FALSE,63.69,3723.16
,scarf,Electronics,3428.65,FALSE,84.09,2134.39
,socks,Home Decor,2308.29,TRUE,62.5,445.19
,hat,Sports Equipment,4471.81,TRUE,85.92,1032.03
,scarf,Clothing,264.8,FALSE,12.35,3187.56
,shirt,Books,1772.66,FALSE,40.93,564.27
,watch,Toys,1810.33,FALSE,46.64,3880.36
,watch,Clothing,1241.73,FALSE,80.34,4304.88
,shirt,Electronics,781.58,FALSE,82.58,2311.32
,socks,Books,4363.32,TRUE,25.23,2329.22
,jacket,Clothing,2080.8,TRUE,49.99,2410.03
,scarf,Sports Equipment,4601.43,TRUE,46.23,568.77
,scarf,Sports Equipment,4029.2,FALSE,29.52,4418.51
,hat,Clothing,1919.76,FALSE,22.96,3369.29
,shirt,Sports Equipment,2867.43,FALSE,64.28,3984.04
,gloves,Electronics,1709.97,FALSE,73.13,1587.38
,jacket,Home Decor,3180.48,TRUE,6.95,3877.42
,gloves,Sports Equipment,495.13,FALSE,17.03,955.73
,belt,Toys,1719.29,FALSE,70.41,225.93
,pants,Electronics,2564.31,FALSE,57.23,4721.35
,belt,Toys,4661.29,TRUE,8.07,647.41
,belt,Toys,2403.58,FALSE,19.18,733.68
,belt,Toys,4386.22,TRUE,31.98,1037.29
,socks,Sports Equipment,3017.07,FALSE,26.77,2196.69
,jacket,Sports Equipment,667.31,FALSE,58.57,3700.2
,scarf,Books,2782.6,TRUE,63.12,4439.58
,pants,Electronics,1849.82,FALSE,62.52,934.41
,watch,Toys,2070.3,TRUE,52.71,1045.13
,socks,Books,1853.3,TRUE,32.38,22.87
,shoes,Clothing,2193.21,TRUE,83.87,2772.56
,hat,Electronics,1661.75,FALSE,78.11,1193.31
,hat,Toys,4421.04,FALSE,52.33,4761.85
,shoes,Home Decor,112.25,TRUE,40.21,4106.88
,pants,Sports Equipment,4970.46,FALSE,66.26,1482.2
,scarf,Clothing,4680.93,FALSE,68.44,2745.87
,jacket,Home Decor,2163.39,FALSE,84.52,3822.26
,scarf,Books,3895.72,TRUE,52.45,945.91
,belt,Clothing,1109.02,FALSE,94.7,1918.22
,watch,Home Decor,3556.04,FALSE,82.35,1192.23
,shoes,Clothing,4826.4,FALSE,15.52,849.73
,socks,Home Decor,4063.16,TRUE,43.59,235.2
,scarf,Electronics,1575.41,TRUE,2.75,2728.79
,hat,Sports Equipment,4299.33,FALSE,55.84,2357.12
,shoes,Sports Equipment,4716.79,TRUE,25.89,4453.18
,pants,Books,945.71,FALSE,95.87,1055.73
,scarf,Home Decor,124,FALSE,89.56,4992.11
,gloves,Sports Equipment,3425.05,FALSE,17.45,4303.87
,jacket,Home Decor,3927.19,TRUE,45.26,2691.1
,hat,Sports Equipment,4262.22,TRUE,3.33,3349.86
,shoes,Electronics,4328.29,FALSE,78.73,4084.87
,hat,Home Decor,1793.87,FALSE,13.85,4622.18
,belt,Electronics,945.02,FALSE,65.45,3844.71
,pants,Electronics,2834.82,TRUE,19.3,4109.23
,hat,Toys,2713.31,FALSE,50.42,508.1
,shirt,Toys,3391.41,TRUE,96.88,4043.17
,hat,Toys,3626.45,FALSE,44.53,2777.92
,hat,Electronics,562.68,FALSE,30.15,1453.98
,pants,Electronics,4063.27,FALSE,6.69,19.43
,pants,Home Decor,2746.52,TRUE,84.04,2090.52
,belt,Clothing,235.19,TRUE,69.16,697.55
,watch,Home Decor,1534.76,FALSE,14.96,4713.99
,shirt,Sports Equipment,3957.17,TRUE,63.32,4555.96
,jacket,Home Decor,2052.33,FALSE,89.62,3737.16
,hat,Sports Equipment,4226.16,TRUE,31.27,3430.41
,socks,Home Decor,2810.1,TRUE,47.68,3207.29
,watch,Clothing,4539.77,FALSE,5.52,2977.7
,jacket,Sports Equipment,2768.16,TRUE,53.46,3189.82
,hat,Sports Equipment,4945.55,TRUE,0.98,4238.68
,gloves,Toys,2017.15,TRUE,14.16,4685.4
,shirt,Toys,4115.81,FALSE,38.3,2144.5
,hat,Books,4916.02,FALSE,66.84,4405.13
,gloves,Sports Equipment,3466.9,TRUE,34.63,2201.69
,scarf,Home Decor,3962.32,FALSE,92.71,3260.45
,gloves,Clothing,3174.44,FALSE,71.4,1436.95
,gloves,Home Decor,4409.36,TRUE,99.37,222.52
,scarf,Electronics,3797.42,FALSE,3.41,1524.48
,hat,Electronics,3550.91,TRUE,57.34,424.93
,shoes,Electronics,67.75,TRUE,34.78,4613.3
,jacket,Clothing,320.46,FALSE,90.21,1758.89
,pants,Toys,189.67,FALSE,85.36,4330.21
,socks,Electronics,4209.71,TRUE,45.43,3185.44
,belt,Home Decor,2408.39,FALSE,21.61,2580.09
,shirt,Toys,2908.83,FALSE,52.07,1711.11
,pants,Electronics,3712.03,TRUE,98.99,2304.07
,watch,Toys,543.94,TRUE,89.73,4803.86
,watch,Sports Equipment,595.76,FALSE,15.46,1199.55
,shirt,Home Decor,3360.85,TRUE,73.94,3097.24
,watch,Home Decor,3186.67,TRUE,48.05,4124.05
,belt,Home Decor,2130.57,FALSE,40,140.22
,gloves,Clothing,4130.06,FALSE,77.53,3835.17
,watch,Electronics,4044.76,TRUE,92.83,4932.34
,jacket,Electronics,3845.14,FALSE,51.06,3691.95
,watch,Books,256.33,FALSE,70.39,2358.79
,belt,Books,1966.6,TRUE,64.49,3691.31
,shirt,Electronics,1058.26,TRUE,78.85,2095.01
,jacket,Books,2111.55,FALSE,23.71,3864.69
,belt,Toys,3549.98,FALSE,66.57,1231.16
,shirt,Toys,780.3,TRUE,92.31,2115.67
,belt,Sports Equipment,4039.66,FALSE,2.17,3281.58
,shoes,Books,3606.23,FALSE,33.72,4980.35
,socks,Books,2199.33,TRUE,8.65,2215.85
,belt,Toys,3104.32,TRUE,4.3,3830.74
,scarf,Books,2460.09,TRUE,83.36,28.72
,watch,Sports Equipment,4976.26,TRUE,40.57,1905.52
,shoes,Clothing,1190.84,TRUE,86.45,599.16
,gloves,Electronics,3253.74,FALSE,96.43,1146.29
,watch,Electronics,4988.67,FALSE,47.05,1408.46
,gloves,Home Decor,1221.16,TRUE,99.35,4042.81
,pants,Home Decor,3327.35,TRUE,19.54,4883.41
,shirt,Electronics,2849.85,TRUE,97.74,1135.25
,watch,Clothing,4557.39,FALSE,10.44,1387.65
,watch,Sports Equipment,4593.71,TRUE,57.75,291.01
,shoes,Home Decor,2487.73,TRUE,42.08,4688.75
,hat,Clothing,1689.59,FALSE,69.57,2720.99
,belt,Home Decor,1304.77,TRUE,67.77,1182.79
,jacket,Clothing,3178.82,FALSE,98.86,1166.07
,watch,Books,4319.51,TRUE,70.57,1414.99
,belt,Clothing,3720.92,TRUE,36.72,2225.85
,scarf,Toys,2638,FALSE,22.38,3074.24
,hat,Toys,4440.34,FALSE,88.39,3003.85
,gloves,Toys,2673.2,FALSE,93.05,835.01
,shoes,Books,3231.24,FALSE,65.53,4068.65
,belt,Toys,130.34,FALSE,4.92,4555.25
,socks,Electronics,4671.21,FALSE,44.05,2468.12
,shirt,Electronics,2046.92,TRUE,30.71,1863.5
,shoes,Toys,2473.1,TRUE,77.44,2472.32
,shoes,Sports Equipment,744.22,TRUE,78.1,1598.97
,belt,Electronics,2955.13,TRUE,59.91,1822.05
,shoes,Home Decor,1849.5,FALSE,31.21,1913.61
,belt,Toys,906.92,FALSE,47.05,3566.83
,socks,Books,2003.13,TRUE,75.29,3245.07
,hat,Books,2438.84,FALSE,71.39,863.74
,pants,Home Decor,1936.02,FALSE,62.63,1601.62
,pants,Books,1672.63,TRUE,44.66,2378.31
,socks,Clothing,1248.03,TRUE,64.19,3094.57
,pants,Clothing,4620.37,FALSE,82.84,4157.17
,scarf,Electronics,934.03,FALSE,54.46,4437.84
,socks,Books,262.57,TRUE,68.1,2421.5
,socks,Books,3624.8,FALSE,58.23,1255.28
,watch,Home Decor,3976.46,FALSE,83.11,2012.45
,hat,Books,86.42,TRUE,21.3,2617.1
,pants,Home Decor,2631.37,FALSE,67.88,1120.91
,socks,Books,2351.94,FALSE,18.23,2304.42
,watch,Clothing,1949.27,TRUE,97.03,2740.46
,socks,Books,2557.78,FALSE,66.68,1788.46
,jacket,Home Decor,3987.6,TRUE,0.19,4075.34
,shoes,Sports Equipment,790.98,TRUE,64.28,2479.72
,jacket,Clothing,156.78,TRUE,17.55,2952.37
,gloves,Clothing,2225.54,TRUE,51.19,3676.1
,watch,Electronics,3544.35,TRUE,45.39,916.59
,gloves,Toys,4296.57,TRUE,35.04,4251.46
,scarf,Toys,856.79,TRUE,58.03,3687.15
,scarf,Clothing,2076.22,FALSE,91.69,860.71
,socks,Toys,2242.16,FALSE,86.97,2966.65
,socks,Books,2776.48,TRUE,26.67,4257.81
,gloves,Electronics,3015.79,TRUE,13.58,4802.19
,shoes,Books,446.91,FALSE,16.69,1605.5
,hat,Electronics,2113.55,FALSE,27.55,2674.96
,watch,Electronics,2394.38,TRUE,18.29,1130.72
,scarf,Toys,2799.21,FALSE,10.54,877.67
,shoes,Sports Equipment,1676.99,TRUE,83.17,1500.15
,scarf,Toys,1394.27,TRUE,51.17,3975.97
,shoes,Books,2627.53,TRUE,47.86,873.79
,hat,Clothing,1532.39,TRUE,71.17,1339.27
,watch,Toys,2137.57,FALSE,70.65,1988.13
,belt,Toys,1933.39,FALSE,81.82,4154.72
,scarf,Home Decor,2556.07,TRUE,23.85,1017.27
,scarf,Books,3529.66,FALSE,64.1,124.86
,belt,Toys,1112.46,TRUE,48.53,4746.21
,pants,Clothing,318.3,FALSE,79.91,2214.57
,jacket,Toys,62.63,FALSE,79.4,1188.5
,gloves,Books,2465.63,FALSE,14.98,3312.18
,shoes,Books,2759.11,TRUE,39.58,2993.16
,scarf,Home Decor,1070.69,TRUE,0.68,3151.57
,scarf,Electronics,4638.97,FALSE,79.61,2115.52
,scarf,Electronics,4958.22,TRUE,26.47,2543.7
,gloves,Home Decor,2394.37,FALSE,83.6,1737.57
,watch,Books,1098.23,TRUE,42.12,2194.62
,belt,Books,649.65,FALSE,63.89,4848.73
,scarf,Home Decor,4895.14,FALSE,18.61,3569.37
,socks,Books,292.35,FALSE,45.37,1329.86
,pants,Toys,2223.22,TRUE,83.25,2604.77
,scarf,Electronics,880.26,TRUE,22.52,2429.08
,belt,Home Decor,3531.69,FALSE,0.7,1591.12
,shirt,Electronics,2166.7,TRUE,49.78,3614.24
,shirt,Sports Equipment,3217.63,FALSE,74.48,147.42
,socks,Clothing,4386.54,FALSE,25.14,1887.97
,shoes,Toys,2302.44,FALSE,53.66,131.57
,scarf,Toys,4987.56,TRUE,47.61,1684.57
,scarf,Books,4926.19,FALSE,26.16,2711.04
,socks,Clothing,4171.64,FALSE,5.01,2310.5
,gloves,Home Decor,3219.74,FALSE,2.88,136.17
,scarf,Electronics,2530.35,FALSE,92.76,2622.34
,jacket,Clothing,1174.11,FALSE,20.55,3387.63
,belt,Home Decor,1305.58,FALSE,10.11,4121.87
,watch,Toys,4502.66,TRUE,40.56,2649.25
,watch,Toys,2154.83,FALSE,87.3,2129.04
,shoes,Toys,1863.32,TRUE,77.22,3654.91
,gloves,Sports Equipment,4856.89,TRUE,83.58,751.51
,pants,Electronics,1327.01,TRUE,57.54,629.21
,watch,Home Decor,1913.83,TRUE,30.54,2851.41
,gloves,Clothing,186.28,TRUE,65.59,2638.08
,gloves,Books,3147.58,TRUE,41.66,1528.76
,socks,Sports Equipment,1903.44,FALSE,38.57,1373.94
,watch,Home Decor,581.85,TRUE,26.5,2341.24
,scarf,Clothing,2765.64,FALSE,17.52,2615.47
,hat,Sports Equipment,697.25,FALSE,89.7,1607.71
,watch,Sports Equipment,1263.45,FALSE,29.23,4107.01
,watch,Clothing,2619.87,TRUE,47.31,1358.26
,jacket,Toys,1460.04,FALSE,71.54,229.24
,watch,Sports Equipment,4997.55,FALSE,41.88,2967.93
,watch,Sports Equipment,2887.37,FALSE,20.99,4612.61
,watch,Home Decor,1112.08,FALSE,7.36,2389.13
,jacket,Toys,3244.67,TRUE,42.61,2723.85
,hat,Books,2061.22,FALSE,48.11,1337.86
,belt,Toys,3682.61,FALSE,96.29,2393.44
,jacket,Clothing,4790.12,FALSE,69.71,286.92
,hat,Sports Equipment,243.66,FALSE,93.16,552.81
,shirt,Clothing,1771.67,FALSE,90.53,1134.08
,shirt,Home Decor,3542.37,TRUE,3.39,285.06
,gloves,Home Decor,2412.28,TRUE,82.57,758.61
,hat,Books,3509.16,TRUE,71.13,2923
,jacket,Toys,3953.63,FALSE,25.69,3590.47
,shoes,Clothing,1300.19,TRUE,67.94,2251.06
,belt,Toys,3145.61,TRUE,95.02,2340.47
,belt,Sports Equipment,606.62,FALSE,82.26,4961.52
,shoes,Home Decor,2915.96,FALSE,90.34,2540.11
,gloves,Electronics,2840.16,FALSE,95.95,1346.53
,belt,Electronics,324.86,FALSE,35.62,1132.19
,watch,Home Decor,1559.38,TRUE,97.24,2342.96
,gloves,Sports Equipment,2308.48,TRUE,99.99,1043.63
,socks,Home Decor,3306.4,TRUE,57.97,455.47
,shirt,Books,1562.5,TRUE,90.33,152.53
,jacket,Books,530.95,FALSE,85.27,344.45
,jacket,Electronics,983.73,TRUE,94.02,3386.73
,hat,Electronics,2601.11,TRUE,1.93,4420.38
,shirt,Clothing,3897.63,TRUE,14.7,1043.95
,belt,Toys,1316.56,FALSE,15.57,149.64
,socks,Home Decor,201.52,TRUE,8.26,2317.6
,hat,Sports Equipment,1588.5,FALSE,44.33,2016.05
,jacket,Sports Equipment,4776.54,TRUE,92.38,3959.02
,watch,Toys,4220.26,FALSE,3.35,3809.12
,belt,Books,3829.4,TRUE,21.67,3662.6
,pants,Electronics,4763.69,TRUE,1.74,3865.57
,shirt,Electronics,1124.58,TRUE,57.96,2243.41
,shoes,Sports Equipment,2916.25,FALSE,13.01,3818.03
,socks,Clothing,4119.96,TRUE,98.28,1992.32
,hat,Toys,3161.57,TRUE,53.22,1381.42
,scarf,Books,3137.3,FALSE,98.83,2859.87
,socks,Books,940.52,FALSE,73.64,1268.12
,watch,Home Decor,4308.22,FALSE,81.4,1450.21
,gloves,Electronics,4971.22,FALSE,87.66,111.92
,watch,Home Decor,885.14,TRUE,77.09,1821.02
,hat,Electronics,4933.08,FALSE,48.43,1368.6
,belt,Toys,3310.17,FALSE,51.95,4352.49
,socks,Clothing,4255.1,FALSE,66.24,4900.25
,hat,Clothing,2389.68,TRUE,26.28,903.39
,scarf,Home Decor,2805.88,TRUE,81.36,1303.66
,scarf,Sports Equipment,2629.4,FALSE,30.9,244.23
,gloves,Home Decor,3974.17,FALSE,71.24,1758.44
,jacket,Sports Equipment,2302.61,FALSE,68.78,210.08
,hat,Books,3827.13,TRUE,74.65,1536.27
,belt,Books,2262.44,TRUE,62.88,3529.63
,scarf,Books,4125.98,TRUE,16.36,596.1
,pants,Clothing,2930.36,FALSE,47.94,4413.21
,scarf,Clothing,2103.06,TRUE,28.16,1589.72
,pants,Toys,3229.8,TRUE,21.22,4964.06
,socks,Clothing,120,FALSE,83.8,1121.9
,jacket,Clothing,4880.44,TRUE,7.76,2343.95
,watch,Toys,4883.87,FALSE,83.74,4392.36
,shoes,Toys,3237.53,FALSE,94.17,3215.69
,jacket,Clothing,1919.79,FALSE,39.25,4072.68
,gloves,Sports Equipment,3387.74,FALSE,19.46,4288.2
,shirt,Sports Equipment,2138.71,FALSE,75.54,716.79
,scarf,Home Decor,3923.1,TRUE,84.47,4846.33
,jacket,Toys,2142.2,FALSE,3.8,4560.37
,belt,Electronics,4450.07,TRUE,67.64,4682.59
,scarf,Books,1395.19,FALSE,28.06,1713.35
,socks,Clothing,540.1,TRUE,19.86,4949.64
,belt,Toys,2424.85,TRUE,71.3,2225.44
,scarf,Clothing,609.86,TRUE,47.78,4926.4
,hat,Books,186.69,FALSE,57.29,3041.62
,jacket,Home Decor,2317.13,TRUE,57.55,1774.46
,scarf,Books,2566.17,FALSE,95.02,3132.55
,watch,Clothing,1536.44,FALSE,50.15,156.87
,scarf,Electronics,3587.09,FALSE,31.82,3224.39
,pants,Electronics,2193.16,FALSE,20.85,3680.82
,socks,Electronics,128.68,TRUE,62.69,283.49
,scarf,Clothing,4961.73,FALSE,62.68,4521.31
,watch,Home Decor,2331.6,FALSE,67.87,4599.73
,watch,Clothing,4457.26,TRUE,99.66,2115.22
,socks,Books,518.93,FALSE,8.32,4108.95
,hat,Sports Equipment,389.47,TRUE,82.68,2653.25
,watch,Home Decor,4001.79,FALSE,85.8,1191.68
,pants,Electronics,3852.45,FALSE,46.78,1507.14
,gloves,Home Decor,1158.62,TRUE,22.93,3149.91
,hat,Books,2910.76,TRUE,36.34,1096.62
,shoes,Toys,3462.83,TRUE,3.28,3885.96
,pants,Clothing,3923.66,TRUE,29.66,3858.49
,pants,Sports Equipment,4882.86,TRUE,31.57,4730.29
,shirt,Toys,626.65,TRUE,47.79,4444.36
,socks,Books,2646.58,FALSE,99.54,1050.08
,shoes,Clothing,2457.01,FALSE,94.54,650.31
,belt,Sports Equipment,4220.32,FALSE,90.86,2089.78
,socks,Sports Equipment,2929.3,FALSE,18.52,1050.8
,hat,Home Decor,4374.21,FALSE,99.38,715.34
,gloves,Electronics,1454.19,FALSE,91.45,4216.78
,shirt,Books,1197.39,TRUE,48.77,1559.9
,gloves,Electronics,3956.31,FALSE,14.27,4825.1
,hat,Clothing,844.14,FALSE,86.87,1239.23
,hat,Books,320.29,TRUE,41.29,216.93
,socks,Books,4027.53,TRUE,23.52,4993.09
,belt,Home Decor,1481.99,TRUE,74.22,3334.37
,gloves,Books,1223.36,TRUE,57.95,1522.91
,jacket,Sports Equipment,2278.01,TRUE,90.97,211.62
,belt,Sports Equipment,965.84,TRUE,77.1,135.72
,hat,Electronics,3037.77,TRUE,36.26,2159.24
,socks,Toys,2608.45,FALSE,80.15,1775.93
,watch,Home Decor,2768.46,FALSE,25.12,4354.63
,scarf,Electronics,2994.9,TRUE,41.16,1038.12
,shoes,Books,2072.94,FALSE,54.88,2450.13
,pants,Toys,3780.56,FALSE,37.16,270.1
,scarf,Sports Equipment,256.18,FALSE,34.98,687.28
,belt,Sports Equipment,1152.84,TRUE,58.4,2493.63
,shirt,Sports Equipment,4490.35,TRUE,39.76,4977.13
,socks,Toys,3891.97,TRUE,27.42,2095.03
,socks,Sports Equipment,4794.83,FALSE,68.63,3277.36
,shoes,Electronics,3323.31,TRUE,2.49,3601.76
,belt,Home Decor,2429.53,TRUE,35.56,4911.37
,gloves,Books,1674.39,FALSE,56.38,2544.13
,belt,Clothing,1970.52,FALSE,76.3,475.88
,shoes,Home Decor,1080.75,TRUE,25.05,2952.2
,scarf,Clothing,333.3,FALSE,84.06,1650.53
,scarf,Books,2527.56,TRUE,4.8,869.16
,hat,Sports Equipment,2941.91,TRUE,78.94,1036.14
,jacket,Toys,4395.16,FALSE,81.39,4487.15
,pants,Home Decor,2585.64,FALSE,52.27,119.63
,gloves,Sports Equipment,4810.88,FALSE,75.1,405.56
,jacket,Books,1561.49,FALSE,93.09,2326.01
,pants,Books,1857.04,TRUE,89.6,2529.32
,shirt,Toys,4890.74,FALSE,45.13,3290.65
,gloves,Home Decor,4849.57,TRUE,2.24,2354.31
,pants,Electronics,2269.56,TRUE,48.06,4060.34
,shoes,Home Decor,1040.35,FALSE,40.33,1052.54
,hat,Electronics,2772.62,TRUE,89.25,4313.9
,scarf,Home Decor,572.65,FALSE,12.23,3092.43
,hat,Home Decor,1564.53,TRUE,13.17,3531.72
,pants,Toys,1305.02,FALSE,86.02,1861.32
,shoes,Toys,1491.62,TRUE,70.35,4833.59
,scarf,Clothing,3307.32,TRUE,77.17,2019.55
,shirt,Home Decor,3266.93,FALSE,29.78,2654.61
,hat,Home Decor,2206.69,FALSE,36.75,1662.1
,shoes,Clothing,1427.41,TRUE,44.41,4344.4
,socks,Toys,2552.23,FALSE,78.59,2142.91
,gloves,Books,957.57,FALSE,45.29,3832.31
,watch,Electronics,850.47,FALSE,61.58,3463.28
,scarf,Electronics,4229.6,FALSE,24.1,152.86
,socks,Toys,3245.15,TRUE,83.11,1366.75
,hat,Books,1128.68,TRUE,75.82,1818.74
,jacket,Clothing,1023,TRUE,8.03,3149.86
,hat,Books,1004.34,FALSE,18.59,4884.7
,socks,Home Decor,4309.25,FALSE,12.86,823.88
,belt,Electronics,2787.91,FALSE,29.57,1150.57
,shoes,Sports Equipment,2499,TRUE,15,3349.76
,belt,Sports Equipment,327.77,TRUE,0.06,3811.64
,socks,Home Decor,648.09,FALSE,34.3,2142.97
,jacket,Sports Equipment,2230.8,FALSE,42.09,2854.55
,jacket,Toys,2561.6,TRUE,14.68,2207.81
,hat,Toys,1528.59,FALSE,38,3207.28
,hat,Home Decor,1280.87,TRUE,99.4,1451.64
,jacket,Electronics,1289.91,TRUE,93.3,3719.25
,socks,Toys,2124.73,TRUE,93.32,683.11
,belt,Toys,3541.5,TRUE,85.46,39.66
,socks,Clothing,2598.75,FALSE,78.69,529.71
,pants,Clothing,2222.44,FALSE,38.55,371.67
,jacket,Toys,4669.42,FALSE,85.26,2384.95
,watch,Sports Equipment,1542.58,TRUE,66.24,840.87
,watch,Clothing,4911.59,FALSE,68.14,1176.52
,socks,Sports Equipment,3564.4,FALSE,26.48,2884.02
,gloves,Sports Equipment,4219.34,FALSE,25.68,1035.57
,jacket,Toys,3011.51,FALSE,80.38,3908.25
,gloves,Home Decor,1125.49,FALSE,31.81,3098.03
,jacket,Toys,4231.68,FALSE,13.37,4497.4
,gloves,Toys,2974.46,TRUE,94.54,965.41
,shoes,Toys,3025.5,FALSE,15.64,3556.99
,belt,Electronics,1858.02,TRUE,5.22,1146.09
,hat,Sports Equipment,2585.25,TRUE,99.25,1698.87
,scarf,Home Decor,2.64,FALSE,58.84,4779.22
,gloves,Clothing,1927.08,FALSE,32.14,1882.53
,scarf,Home Decor,2271.34,TRUE,20.61,3708.9
,hat,Electronics,4343.51,TRUE,47.23,3285.44
,pants,Sports Equipment,466.62,FALSE,5.15,1492.1
,pants,Clothing,229.26,FALSE,70,1386.86
,shirt,Toys,2947.2,TRUE,96.19,1285.58
,shirt,Sports Equipment,3457.99,TRUE,59.94,529.95
,pants,Books,301.72,TRUE,12.7,2480.45
,belt,Sports Equipment,2893.37,FALSE,33.89,4412.67
,shirt,Sports Equipment,2716.63,FALSE,23.77,1193.63
,hat,Sports Equipment,818.3,TRUE,23.6,4141.63
,shoes,Home Decor,3083.54,FALSE,88.38,1649.28
,jacket,Toys,2900.23,TRUE,31.72,4026.2
,hat,Home Decor,3751.61,TRUE,82.98,60.73
,shoes,Home Decor,3709.65,FALSE,54.38,169.3
,watch,Sports Equipment,298.07,TRUE,91.82,187.79
,gloves,Toys,1067.81,TRUE,14.81,3939.33
,belt,Clothing,2095.62,TRUE,12.67,3180.36
,pants,Sports Equipment,4449.83,TRUE,23.6,322.66
,pants,Sports Equipment,3351.75,TRUE,68.34,3496.66
,gloves,Books,1529.14,TRUE,30.22,3057.12
,gloves,Home Decor,1858.15,TRUE,51.91,535.28
,jacket,Electronics,4925.34,TRUE,39.24,1353.32
,gloves,Sports Equipment,1842.3,FALSE,49.88,1101.91
,shirt,Toys,4219.77,FALSE,13.81,4856.44
,gloves,Clothing,2269.77,TRUE,88.83,1981.47
,jacket,Home Decor,4682.5,TRUE,50.2,4154.27
,pants,Sports Equipment,2693.23,TRUE,3.73,1907.81
,pants,Toys,71.85,TRUE,12.45,2477.37
,shoes,Clothing,932.55,FALSE,42.12,128.8
,pants,Electronics,3186.84,FALSE,95.41,2657.62
,socks,Toys,3228.11,TRUE,39.01,4523.1
,jacket,Clothing,4994.7,FALSE,63.98,3275.43
,shirt,Books,2335.4,TRUE,28.34,2227.09
,shoes,Sports Equipment,4802.04,TRUE,42.42,541.79
,shirt,Clothing,3015.47,TRUE,52.77,4655.24
,scarf,Books,3824.04,TRUE,77,1267.12
,belt,Clothing,784.31,TRUE,73.14,793.75
,socks,Electronics,1081.05,TRUE,87.5,3556.55
,hat,Books,4304.1,FALSE,74.92,104.77
,scarf,Home Decor,4635.38,TRUE,41.9,840.18
,gloves,Clothing,4242.65,TRUE,92.9,3669.39
,socks,Electronics,4984.43,TRUE,77.75,920.93
,shoes,Toys,1401.4,FALSE,77.02,3213.79
,jacket,Home Decor,4941.73,FALSE,50.03,3138.13
,shoes,Electronics,439.36,TRUE,88.52,4572.85
,pants,Books,1424.54,FALSE,15.23,1380.58
,watch,Home Decor,707.24,FALSE,41.97,3786.56
,pants,Home Decor,3868.58,FALSE,9.1,900.04
,hat,Toys,1660.65,TRUE,63.03,3844.72
,gloves,Clothing,2384.54,TRUE,99.53,402.59
,socks,Home Decor,480.31,TRUE,33.62,4012.63
,socks,Home Decor,1487.75,TRUE,87.87,3896.46
,shirt,Home Decor,2634.48,FALSE,51.21,1793.6
,watch,Sports Equipment,1571.4,TRUE,29.6,137.19
,hat,Toys,3786.83,TRUE,16.2,275.65
,jacket,Toys,3513.59,FALSE,25.95,4676.6
,watch,Toys,583.31,TRUE,94.65,4967.34
,watch,Clothing,100.04,FALSE,54.66,1245.78
,belt,Electronics,1099.09,FALSE,18.97,3483.99
,shirt,Books,4201.04,TRUE,74.36,1483.72
,watch,Sports Equipment,2687.91,FALSE,26,2663.83
,belt,Electronics,2296.66,FALSE,89.78,913.22
,pants,Home Decor,3336.44,TRUE,61.96,2305.48
,hat,Toys,6.62,TRUE,64.3,242.21
,shirt,Home Decor,2701.5,TRUE,22.53,4090.46
,shirt,Toys,345.31,TRUE,18.89,978.07
,watch,Books,3652.78,FALSE,27.07,4187.55
,hat,Home Decor,1342.76,TRUE,37.55,4697.18
,belt,Toys,762.03,TRUE,80.2,1897.78
,shoes,Books,3897.67,FALSE,79.81,1632.65
,scarf,Clothing,2498.62,TRUE,48.48,4329.16
,shirt,Books,2947.73,TRUE,83.1,2632.63
,watch,Clothing,4502.68,TRUE,25.92,732.04
,watch,Electronics,1573.52,FALSE,1.12,3078.83
,jacket,Clothing,753.19,TRUE,3.92,1815.75
,shoes,Home Decor,2828.86,FALSE,67.42,2010.63
,shoes,Clothing,2752.49,TRUE,20.57,1745.74
,shirt,Toys,965.35,FALSE,9.05,1322.27
,socks,Sports Equipment,772.22,TRUE,71.49,796.44
,hat,Sports Equipment,2143.16,TRUE,69.26,3774.5
,scarf,Home Decor,2440.78,TRUE,24.71,4886.22
,scarf,Books,4604.55,FALSE,86.85,4019.82
,shoes,Toys,403.8,FALSE,12.34,4915.08
,gloves,Electronics,4542.44,TRUE,94.44,1267.02
,socks,Electronics,3153.16,FALSE,55.52,2982.08
,watch,Books,261.24,FALSE,75.88,2845.87
,belt,Toys,1970.92,FALSE,52.1,4399.22
,jacket,Electronics,1255.18,TRUE,11.83,4511.91
,socks,Home Decor,3308.52,TRUE,35.43,1473.26
,gloves,Clothing,4872.95,FALSE,24.03,4226
,shoes,Books,718.36,TRUE,67.98,4726.74
,jacket,Clothing,4404.5,TRUE,80.69,3650.64
,shirt,Books,614.08,TRUE,65.5,4614.8
,shirt,Toys,3644.06,TRUE,19.92,3939.73
,shoes,Sports Equipment,3017.1,TRUE,54.65,1590.08
,shoes,Home Decor,3326.54,TRUE,85.78,4658.59
,shoes,Electronics,2923.21,TRUE,89.41,4430.66
,shoes,Clothing,3045.67,FALSE,3.27,2235.85
,scarf,Sports Equipment,4823.78,FALSE,16.42,1513.44
,shoes,Clothing,4566.61,FALSE,27.29,745.6
,hat,Books,1087.32,FALSE,26.62,324.73
,watch,Books,2144.66,FALSE,93.26,120.76
,jacket,Toys,589.78,TRUE,34.53,4067.2
,watch,Home Decor,1183.63,FALSE,24.38,991.44
,shirt,Clothing,1543.96,FALSE,96.34,3989.1
,jacket,Home Decor,2486.68,TRUE,76.04,2719.21
,shoes,Home Decor,3607.36,FALSE,91.3,3855.37
,scarf,Electronics,1904.46,TRUE,77.53,3329.94
,belt,Books,3495.42,TRUE,59.32,457.72
,scarf,Toys,1554.8,TRUE,64.86,4760.56
,socks,Home Decor,2072,FALSE,24.32,2682.32
,jacket,Electronics,2996.55,TRUE,94.64,1417.29
,belt,Books,2625.88,TRUE,65.8,3814.76
,pants,Books,4081.55,FALSE,41.43,4011.29
,jacket,Toys,983.48,TRUE,56.2,1663.24
,socks,Sports Equipment,2778.57,TRUE,18.86,3148.76
,socks,Sports Equipment,1660.24,FALSE,81,733.72
,jacket,Toys,2076.04,TRUE,98.59,4508.56
,gloves,Home Decor,4079.78,FALSE,78.53,1589.63
,pants,Clothing,3345.47,FALSE,54.47,793.04
,scarf,Sports Equipment,2147.13,FALSE,57.25,301.04
,watch,Home Decor,1490.61,TRUE,78.86,2220.33
,watch,Books,4287.94,TRUE,54.95,646.74
,shoes,Books,4902.53,TRUE,10.98,4954.63
,belt,Clothing,2159.59,FALSE,53.55,4058.72
,hat,Electronics,1968.86,TRUE,42.58,2333.96
,gloves,Electronics,1607.48,TRUE,56.94,911.89
,shoes,Home Decor,270.43,FALSE,3.86,1555.85
,shirt,Home Decor,613.97,FALSE,10.65,3440.08
,gloves,Sports Equipment,868.74,FALSE,96.88,1214.87
,belt,Electronics,1460.63,TRUE,14.29,2753.73
,jacket,Books,1997.81,FALSE,36.46,1331.56
,jacket,Electronics,1937.87,FALSE,98.9,3522.48
,belt,Home Decor,988.57,FALSE,81.21,437.8
,watch,Books,751.8,TRUE,17.85,2032.14
,shirt,Toys,4126,FALSE,82.19,3824.23
,gloves,Electronics,3977.38,FALSE,89.56,4864.99
,hat,Electronics,689.57,FALSE,71.47,4038.15
,scarf,Toys,238.29,FALSE,96.31,4902.01
,gloves,Electronics,1136.1,TRUE,12.28,2964.21
,jacket,Electronics,4522.16,FALSE,53.69,237.17
,jacket,Sports Equipment,3076.34,FALSE,39.95,3456.52
,scarf,Home Decor,817.62,TRUE,57.8,4950.36
,hat,Home Decor,332.96,TRUE,17.16,950.92
,shoes,Home Decor,1457.04,TRUE,77.13,3964.43
,jacket,Clothing,3640.23,FALSE,1.85,4970.14
,hat,Sports Equipment,3239.8,TRUE,73.08,2086.56
,watch,Home Decor,4658.12,TRUE,1.81,1192.52
,socks,Books,3098.97,FALSE,5.96,4121.32
,hat,Clothing,1879.87,TRUE,71.74,954.43
,shirt,Clothing,431.51,TRUE,66.18,2664.67
,belt,Home Decor,227.73,TRUE,6.6,91.07
,belt,Home Decor,356.25,TRUE,82.95,2392.13
,jacket,Clothing,1940.02,TRUE,60.04,2964.47
,watch,Sports Equipment,3705.08,TRUE,11.77,359.93
,shoes,Home Decor,4837.52,FALSE,88.71,4490
,hat,Books,4605.6,TRUE,90.54,814.2
,jacket,Clothing,2017.72,TRUE,5.16,734.07
,belt,Books,3199.82,TRUE,53.74,4968.49
,jacket,Electronics,550.22,FALSE,59.65,610.82
,hat,Books,1245.34,TRUE,92.28,3030.73
,socks,Home Decor,964.7,TRUE,41.19,2725.24
,hat,Sports Equipment,4509.3,FALSE,4.63,3779.85
,socks,Sports Equipment,2447.15,FALSE,9.14,3078.89
,pants,Toys,4831,TRUE,45.37,4941.38
,pants,Books,4458.4,TRUE,0.5,1571.82
,hat,Toys,3557.03,TRUE,96.13,1629.11
,socks,Clothing,2533.4,TRUE,70.42,2809.97
,hat,Books,2194.89,TRUE,2.05,1029.47
,socks,Sports Equipment,4626.79,TRUE,64.03,1114.4
,socks,Clothing,3477.71,FALSE,19.65,4187.39
,pants,Toys,3018.54,TRUE,12.71,1066.61
,hat,Books,1069.84,FALSE,83.73,1092
,scarf,Toys,2001.05,TRUE,95.45,2108.71
,shirt,Toys,2719.06,FALSE,56.35,4297.9
,belt,Home Decor,3347.84,TRUE,26.15,2117.16
,socks,Sports Equipment,1606.81,TRUE,25.29,1744.34
,hat,Clothing,2430.49,FALSE,10.04,3882.3
,gloves,Electronics,3776.31,TRUE,37.73,1980.64
,watch,Clothing,2101.39,TRUE,84.76,2781.45
,belt,Clothing,3269.95,TRUE,4.76,1802.57
,gloves,Electronics,4072.85,TRUE,66.46,1019.89
,belt,Toys,1474.32,TRUE,47.77,692.41
,shoes,Books,280.03,TRUE,32.25,3855.15
,shirt,Sports Equipment,2741.64,FALSE,19.64,4539.3
,shirt,Electronics,3490.79,FALSE,57.07,2272.22
,shirt,Electronics,1885.15,TRUE,67.59,3320.96
,gloves,Electronics,4101.58,FALSE,49.53,155.19
,shirt,Toys,2242.06,FALSE,18.93,3473.47
,hat,Books,3728.97,TRUE,16.39,3877.32
,shirt,Toys,121.16,TRUE,47.9,2139.68
,shoes,Electronics,4559.39,FALSE,64.69,3330.03
,watch,Electronics,2393.69,TRUE,73.13,4866.8
,shoes,Electronics,3689,FALSE,72.7,1041.29
,hat,Toys,3763.37,TRUE,11.02,639.4
,shoes,Electronics,1226.2,TRUE,21.56,2700.81
,belt,Toys,239.73,FALSE,65.43,2961.98
,pants,Books,3307.55,FALSE,48.79,1757.49
,scarf,Home Decor,1645.59,FALSE,98.71,738.49
,socks,Toys,3836.83,TRUE,2.64,3750.36
,jacket,Sports Equipment,4556.52,TRUE,4.16,87.95
,gloves,Home Decor,3514.79,TRUE,43.29,1828.13
,socks,Clothing,1014.08,TRUE,10.29,2689.23
,hat,Clothing,2716.83,FALSE,31.17,4614.46
,gloves,Toys,3863.85,TRUE,86.36,2194
,pants,Clothing,2958.23,FALSE,3.12,1447.02
,gloves,Books,2810.54,FALSE,20.52,917.4
,pants,Home Decor,1471.19,TRUE,40.02,2980.32
,shirt,Electronics,1641.7,TRUE,39.69,95.44
,shirt,Electronics,1573.77,FALSE,60.7,740.27
,scarf,Electronics,3620.46,TRUE,69.58,4574.39
,socks,Books,2578.9,FALSE,3.08,1585.69
,gloves,Sports Equipment,100.6,TRUE,32.93,3602.45
,jacket,Electronics,1738.16,TRUE,18.03,4918.18
,watch,Electronics,4122.61,TRUE,84.37,1137.65
,jacket,Sports Equipment,2878.59,TRUE,51.12,4835.15
,jacket,Toys,1510.41,TRUE,53.49,3159.94
,belt,Sports Equipment,2901.46,TRUE,98.08,2905.46
,scarf,Books,4148.27,TRUE,92.65,3306.15
,shirt,Books,3834.18,FALSE,48,469.08
,watch,Toys,2911.7,FALSE,79.26,2794.86
,hat,Toys,938.93,FALSE,95.16,3019.15
,gloves,Toys,1960.9,FALSE,57.2,3198.86
,pants,Home Decor,1083.74,TRUE,82.35,2748.97
,pants,Books,3785.73,FALSE,77.31,606.47
,socks,Electronics,1534.57,TRUE,73.8,2325.32
,jacket,Home Decor,899.23,FALSE,55.89,4313.94
,belt,Clothing,1899.23,TRUE,5.13,1160.68
,shoes,Home Decor,1033.34,TRUE,1.34,469.02
,gloves,Toys,4508.92,TRUE,6.53,618.63
,jacket,Electronics,1555.56,TRUE,20.27,1912.35
,socks,Home Decor,2826.66,FALSE,14.46,3169.92
,shoes,Sports Equipment,3270.92,FALSE,36.8,1712.84
,shirt,Books,601.31,TRUE,83.35,4716.7
,shirt,Electronics,2703.38,TRUE,6.34,3733.35
,gloves,Home Decor,3992.61,FALSE,26.43,1201.69
,gloves,Home Decor,4885.9,FALSE,2.59,4019.76
,jacket,Home Decor,2617.22,TRUE,78.64,950.85
,scarf,Clothing,251.17,TRUE,65.92,854.97
,watch,Books,2333.67,TRUE,68.15,3575.87
,shirt,Electronics,180.62,FALSE,51.24,2736.68
,belt,Toys,3081.71,TRUE,57.95,3684.94
,shirt,Home Decor,1497.1,TRUE,87.42,3428.41
,gloves,Electronics,1531.68,FALSE,11.61,1070.3
,jacket,Electronics,4845.47,FALSE,48.6,2690.29
,shirt,Home Decor,1466.16,FALSE,22.33,2546.67
,hat,Clothing,485.92,FALSE,98.17,4478.12
,gloves,Books,1852.87,FALSE,75.79,1661.08
,belt,Home Decor,473.88,FALSE,54.23,3392.71
,shirt,Electronics,800.46,FALSE,79.14,3277.56
,socks,Electronics,1493.26,TRUE,46.84,1636.95
,pants,Toys,558.66,FALSE,62.54,4518.3
,watch,Electronics,1679.25,TRUE,42.37,3283.3
,shirt,Clothing,1793.66,TRUE,21.48,4581.72
,socks,Electronics,217.47,TRUE,19.73,1966.61
,scarf,Books,4113.66,FALSE,95.91,1138.91
,belt,Books,3942.91,TRUE,94.78,4368.56
,hat,Books,3058.36,TRUE,22.65,3484.42
,shirt,Home Decor,4460.8,TRUE,13.22,4011.97
,scarf,Clothing,2220.39,TRUE,41.32,3328.63
,scarf,Toys,1455.59,FALSE,98.58,1383.65
,scarf,Books,4223.22,FALSE,30.08,2698.99
,shirt,Books,1872.81,TRUE,67.2,1469.52
,pants,Books,245.97,FALSE,94.77,2019.89
,shoes,Electronics,513.97,TRUE,96.56,2525.72
,scarf,Toys,4360.1,TRUE,32.69,1055.42
,jacket,Clothing,2597.61,FALSE,66,2773.68
,scarf,Home Decor,3915.48,TRUE,30.42,4383.59
,scarf,Toys,3007.13,FALSE,18.87,3325.93
,shirt,Books,3677.15,TRUE,19.1,1809.94
,pants,Sports Equipment,4836.09,TRUE,70.04,3882.41
,watch,Home Decor,3436.86,FALSE,77.67,3305.76
,jacket,Sports Equipment,2936.62,TRUE,74.79,820.65
,hat,Clothing,1316.58,FALSE,16.85,3393.11
,jacket,Books,4579.91,TRUE,55.37,1156.22
,belt,Electronics,4916.03,FALSE,44.96,4049.2
,shoes,Books,3058.68,TRUE,66.99,3977.21
,shirt,Books,569.72,FALSE,32.72,1585.18
,socks,Home Decor,1875.62,TRUE,3.01,234.43
,belt,Toys,421.9,TRUE,49.86,1237.72
,shirt,Books,1757.53,TRUE,73.15,776.8
,socks,Electronics,2894.76,FALSE,38.02,3530.64
,socks,Electronics,2342.79,FALSE,46.97,580.86
,shirt,Clothing,2392.82,FALSE,47.38,1510.61
,scarf,Electronics,2823.37,TRUE,60.96,1748.35
,socks,Toys,867.85,FALSE,58.78,3586.55
,scarf,Clothing,121.17,FALSE,56.69,631.12
,watch,Books,1987.62,FALSE,13.47,4625.83
,shirt,Home Decor,4612.17,TRUE,24.22,3323.99
,shoes,Home Decor,3389.84,TRUE,60.16,2210.49
,belt,Sports Equipment,4432.73,TRUE,97.71,378.7
,shoes,Electronics,1936.41,TRUE,23.19,3720.45
,shoes,Home Decor,3655.5,TRUE,28.33,3137.8
,shoes,Clothing,2965.44,FALSE,16.25,280.22
,shirt,Electronics,4935.31,TRUE,93.04,2271.97
,hat,Toys,2144.55,TRUE,32.21,1959.41
,belt,Clothing,4742.83,FALSE,15.52,3056.01
,gloves,Clothing,3950.96,TRUE,84.31,954.83
,shirt,Clothing,988.37,TRUE,2.2,1699.2
,belt,Home Decor,2578.78,TRUE,84.58,1677.46
,shoes,Books,3471.7,FALSE,29.79,975.97
,shirt,Toys,338.94,TRUE,47.08,2945.36
,gloves,Clothing,2677.02,FALSE,52.58,2964.12
,shoes,Electronics,3214.63,TRUE,75.48,660.82
,jacket,Sports Equipment,364.71,FALSE,14.41,4651.69
,pants,Home Decor,2512.92,TRUE,29.11,188.13
,watch,Home Decor,2042.52,FALSE,84.61,4129.82
,belt,Clothing,3492.94,FALSE,63.01,2695.93
,scarf,Home Decor,3818.8,FALSE,69.8,4069.76
,belt,Sports Equipment,3487.8,FALSE,77.89,3863.37
,jacket,Sports Equipment,401.97,FALSE,36.76,4428.8
,socks,Home Decor,1218.09,FALSE,74.74,3017.12
,shirt,Clothing,1724.54,TRUE,53.31,2680.97
,socks,Electronics,2525.87,TRUE,14.65,1761.83
,watch,Clothing,1429.95,FALSE,31.97,2200.23
,pants,Clothing,1701.36,FALSE,81.45,4191.32
,scarf,Sports Equipment,501.51,TRUE,90.05,1574.38
,shirt,Toys,1741.33,TRUE,62.74,4243.04
,watch,Clothing,767.91,FALSE,56.7,770.97
,hat,Sports Equipment,1268.39,FALSE,74.21,2464.92
,watch,Clothing,2037.59,TRUE,59.12,2907.08
,pants,Sports Equipment,1505.14,TRUE,17.94,1019.26
,belt,Toys,1507.31,FALSE,65.8,954.01
,shoes,Electronics,1599.65,TRUE,85.65,1230.22
,jacket,Clothing,4034.99,FALSE,17.88,3960.63
,socks,Home Decor,3881.99,FALSE,61.44,735.58
,pants,Home Decor,4323.06,TRUE,65.04,1903.78
,watch,Clothing,3039.53,FALSE,41.58,494.41
,gloves,Books,1871.6,FALSE,34.49,2155.5
,scarf,Books,2018.4,FALSE,10.45,4862.24
,scarf,Toys,4963.53,TRUE,29.18,4101.21
,hat,Clothing,4600.04,FALSE,60.76,2568.98
,scarf,Sports Equipment,629.4,TRUE,16.51,1196.28
,shirt,Clothing,1815.21,TRUE,48.4,4592.9
,watch,Sports Equipment,3186.61,TRUE,60.63,1634.98
,watch,Sports Equipment,2609.96,FALSE,30.02,2746.63
,pants,Books,2954.65,FALSE,40.92,1084.12
,shoes,Clothing,3003.01,TRUE,92.96,3961.35
,shirt,Sports Equipment,374.89,FALSE,41.52,2355.84
,shoes,Books,2725.61,TRUE,51.2,4022.68
,watch,Electronics,2474.72,FALSE,88.28,1293.95
,hat,Toys,2499.84,FALSE,47.05,4322.36
,shoes,Clothing,1274.39,FALSE,24.09,3305.14
,socks,Electronics,811.61,TRUE,62.76,4476.78
,watch,Books,3811.09,TRUE,36.64,3846.37
,scarf,Clothing,1473.1,TRUE,53.6,2074.57
,belt,Sports Equipment,3388.72,TRUE,3.97,4889.17
,pants,Electronics,1101.75,FALSE,67.93,1532.03
,gloves,Home Decor,4474.85,FALSE,6.4,3609.55
,pants,Toys,1702.45,TRUE,35.81,3133.84
,scarf,Toys,1003.62,FALSE,5.32,2126.64
,scarf,Home Decor,2335.81,TRUE,87.86,1409.53
,watch,Toys,3339.26,FALSE,31.75,381.58
,jacket,Electronics,3449.49,FALSE,93.08,4272.96
,belt,Toys,439.34,FALSE,31.49,1146.11
,socks,Books,804.63,TRUE,31.68,4276.7
,scarf,Sports Equipment,244.97,FALSE,23.05,3171.04
,pants,Sports Equipment,4715.72,FALSE,94.14,3440.17
,belt,Sports Equipment,4547.21,FALSE,56.98,1955.4
,hat,Books,2908.93,FALSE,73.14,2531.25
,jacket,Clothing,4041.8,TRUE,98.82,1667.5
,belt,Books,4028.16,FALSE,84.7,2548.68
,scarf,Clothing,1116.08,FALSE,1.82,1049.14
,jacket,Books,251.9,TRUE,93.47,2570.47
,watch,Books,1210.3,FALSE,98.44,3419.69
,socks,Home Decor,2616.21,TRUE,76.99,3370.34
,jacket,Sports Equipment,3578.16,FALSE,20.13,1499.78
,jacket,Books,4522.05,TRUE,46.16,1892.49
,belt,Toys,3634.94,FALSE,22.04,759.97
,socks,Home Decor,506.23,TRUE,8.35,3467.48
,shirt,Home Decor,472.37,TRUE,91.82,4707.83
,shirt,Sports Equipment,2290.13,FALSE,52.97,676.69
,shoes,Electronics,3349.03,FALSE,90.24,4530.92
,socks,Toys,1053.55,FALSE,9.21,1730.78
,watch,Sports Equipment,188.96,TRUE,30.64,4145.93
,gloves,Home Decor,2613.67,FALSE,21.78,3236.92
,watch,Clothing,2445,FALSE,10.54,1943.11
,shoes,Home Decor,1674.48,FALSE,90.41,1887.59
,shirt,Books,2769.37,TRUE,4.79,4292.04
,shoes,Home Decor,2094.75,TRUE,6.4,1892.31
,shirt,Electronics,4716.23,TRUE,50.57,3745.42
,gloves,Toys,334.26,TRUE,67.35,1856.13
,belt,Toys,1485.02,TRUE,90.8,667.06
,pants,Books,915,FALSE,87.09,2039.27
,shirt,Sports Equipment,2269.25,FALSE,71.46,3748.7
,socks,Toys,1461.94,FALSE,0.73,1983.65
,scarf,Electronics,2918.55,FALSE,38.63,2253.05
,belt,Home Decor,4740.74,FALSE,63.42,4808.17
,shirt,Home Decor,4602.79,FALSE,22.76,877.33
,jacket,Home Decor,3835.04,TRUE,97.24,3230.59
,watch,Sports Equipment,2723.27,FALSE,14.23,4299.8
,pants,Sports Equipment,4285.89,FALSE,32.53,1504.13
,scarf,Home Decor,1433.27,TRUE,81.31,2472.49
,watch,Books,3940.24,FALSE,61.68,3500.8
,shoes,Sports Equipment,4717.21,TRUE,68.39,854.44
,belt,Clothing,1052.79,TRUE,46.57,4588.53
,pants,Toys,3496.51,FALSE,94.5,1078.9
,watch,Electronics,2148.28,TRUE,53.13,3648.98
,scarf,Electronics,2975.38,TRUE,91.37,3956.72
,scarf,Home Decor,3970.93,FALSE,81.39,2141.09
,belt,Home Decor,3210.61,TRUE,23.48,4025.96
,hat,Electronics,4983.19,FALSE,51.03,481.76
,shoes,Electronics,4295.96,FALSE,16.88,303.32
,gloves,Books,967.31,TRUE,67.03,544.56
,shirt,Sports Equipment,4661.78,TRUE,97.2,27.04
,gloves,Home Decor,1165.45,TRUE,99,3448.91
,watch,Sports Equipment,836.56,TRUE,92.23,2663.58
,gloves,Clothing,4637.05,TRUE,92.45,1204.85
,gloves,Sports Equipment,4490.5,FALSE,81.25,799.19
,watch,Home Decor,1080.33,FALSE,20.18,611.51
,hat,Electronics,820.49,TRUE,6.28,3134.14
,belt,Clothing,3735.97,TRUE,64.21,4633.74
,socks,Electronics,2638.61,TRUE,63.19,3402.43
,hat,Home Decor,71.21,TRUE,55.82,2314.39
,hat,Home Decor,2764.23,FALSE,26.44,2157.83
,jacket,Home Decor,138.89,FALSE,42.36,2552.28
,shoes,Electronics,4205.32,TRUE,90.25,3179.86
,jacket,Electronics,2780.19,TRUE,19,2904.56
,jacket,Books,4928.95,TRUE,2.59,3308.09
,shoes,Clothing,656.49,TRUE,43.5,563.77
,belt,Toys,4166.24,FALSE,9.12,3472.2
,belt,Toys,3019.24,TRUE,27.59,3703.3
,watch,Clothing,4555.59,FALSE,86.04,1331.33
,belt,Home Decor,2670.67,TRUE,13.12,4501.61
,shirt,Toys,4725.46,FALSE,38.32,2730.96
,shoes,Sports Equipment,2932.62,TRUE,11.89,737.3
,watch,Clothing,4586.15,FALSE,8.36,850.72
,hat,Clothing,3101.74,FALSE,50.57,411.35
,jacket,Home Decor,2976.02,FALSE,88.13,4456.29
,shoes,Sports Equipment,4975.27,FALSE,50.81,2156.29
,scarf,Home Decor,4415.47,TRUE,30.16,1550.03
,watch,Electronics,3157.77,FALSE,74.07,170.07
,socks,Clothing,4328.39,FALSE,45.84,1062.6
,watch,Clothing,3400.49,FALSE,24.71,1724.09
,shoes,Sports Equipment,476.32,FALSE,25.23,4433.8
,socks,Clothing,1410.26,FALSE,52.26,168.16
,jacket,Clothing,2296.03,FALSE,3.95,2531.1
,shoes,Electronics,797.07,FALSE,29.52,838.9
,jacket,Electronics,2438.43,FALSE,36.39,364.45
,hat,Clothing,2354.82,TRUE,76.59,3570.27
,shirt,Clothing,1585.43,TRUE,5.66,4495.71
,socks,Clothing,623.8,TRUE,35.12,2360.41
,pants,Electronics,2686.05,FALSE,14.66,3916.85
,gloves,Sports Equipment,1173.93,TRUE,94.62,3455.65
,belt,Toys,4856.49,FALSE,36.31,1311.76
,jacket,Electronics,1323.79,FALSE,96.53,447.71
,socks,Clothing,3439.32,FALSE,62.01,47.32
,socks,Electronics,3641.19,TRUE,61.25,3823.97
,watch,Electronics,3548.18,FALSE,10.93,4058.18
,scarf,Electronics,3794.88,FALSE,56.66,1218.93
,socks,Home Decor,185.26,FALSE,70.48,610.6
,belt,Home Decor,2809.9,TRUE,39.22,3308.95
,jacket,Sports Equipment,4569.04,FALSE,86.67,1806.78
,watch,Home Decor,383.78,TRUE,99.73,4454.15
,shoes,Toys,3677.07,TRUE,87.71,1410.67
,jacket,Sports Equipment,1099.8,FALSE,92.17,56.96
,jacket,Toys,1247.34,TRUE,50.1,3135.35
,jacket,Electronics,2744.22,TRUE,41.24,1784.93
,socks,Books,3123.23,FALSE,35.2,1983.33
,hat,Clothing,4264.12,FALSE,46.65,1472.42
,jacket,Home Decor,11.54,TRUE,47.1,1767.53
,shoes,Home Decor,1227.65,TRUE,17.55,4574.18
,socks,Electronics,2632.2,FALSE,7.57,340.48
,scarf,Electronics,866.42,FALSE,45.68,1762.18
,socks,Home Decor,626.4,FALSE,67.24,2718.93
,watch,Clothing,555.75,FALSE,51.37,4395.37
,scarf,Toys,2027.67,TRUE,49.41,3143.49
,gloves,Electronics,1303.31,TRUE,2.19,452.39
,gloves,Sports Equipment,4436.88,TRUE,95.99,945.33
,shirt,Toys,2031.88,TRUE,96.87,3358.04
,belt,Sports Equipment,4575.76,FALSE,96.97,1554.74
,shirt,Toys,1322.69,TRUE,99.35,1747.57
,belt,Books,3358.9,TRUE,63.24,4976.09
,hat,Clothing,412.61,TRUE,21.63,2439.44
,gloves,Electronics,1915.72,FALSE,32.85,4733.65
,scarf,Books,1014.46,TRUE,87.92,248.24
,jacket,Home Decor,3597.71,TRUE,37.54,1915.37
,jacket,Clothing,3851.13,FALSE,38.39,4283.94
,shirt,Clothing,4504.89,FALSE,63.14,3242.18
,belt,Clothing,1308.65,TRUE,77.26,3266.86
,watch,Home Decor,4979.07,TRUE,35.21,3034.48
,belt,Clothing,524.94,FALSE,23.47,4819.29
,gloves,Home Decor,3136.3,TRUE,28.43,1603.25
,jacket,Home Decor,302.75,TRUE,69.42,4.44
,belt,Home Decor,1975.19,TRUE,72.59,4500.51
,gloves,Books,1565.46,FALSE,88.53,4061.13
,shoes,Electronics,425.07,FALSE,81.37,775.15
,hat,Home Decor,2851.76,FALSE,28.96,464.07
,shirt,Clothing,4142.78,FALSE,45.71,2285.19
,hat,Home Decor,2668.83,FALSE,67.64,488.33
,shirt,Books,18.84,TRUE,92.33,3516.1
,shirt,Home Decor,4748.71,FALSE,44.65,3774.12
,gloves,Books,3365.47,TRUE,0.58,3989.41
,gloves,Clothing,2714.23,FALSE,98.69,2374.01
,shoes,Books,2300.76,TRUE,92.37,2346.64
,socks,Books,4071.49,TRUE,38.76,1422.35
,gloves,Home Decor,944.54,TRUE,3.33,3547.76
,shoes,Clothing,2311.68,TRUE,78.03,2045.52
,shirt,Books,3901.74,TRUE,7.95,2755.88
,watch,Toys,2500.23,TRUE,24.3,1997.64
,watch,Toys,2194,FALSE,17.85,3618.95
,shirt,Electronics,1949.84,TRUE,41.44,638.01
,pants,Home Decor,3886.33,FALSE,5.3,3453.2
,scarf,Books,520.94,TRUE,31.24,1074.45
,hat,Toys,4161.17,FALSE,64.21,3666.96
,socks,Toys,1333.79,FALSE,0.93,2676.5
,pants,Sports Equipment,3133.37,TRUE,76.89,3676.67
,hat,Sports Equipment,2825.88,FALSE,8.71,1570.78
,gloves,Sports Equipment,110.88,FALSE,77.07,798.06
,shoes,Toys,453.28,TRUE,74.56,2762.37
,belt,Home Decor,30.1,TRUE,74.14,3665.27
,belt,Clothing,3512.56,FALSE,49.76,353.99
,scarf,Home Decor,3451.71,FALSE,43.84,201.33
,shoes,Electronics,289.8,TRUE,94.88,3077.3
,jacket,Sports Equipment,274.63,TRUE,76.65,4328.36
,scarf,Clothing,2096.02,TRUE,38.76,4202.91
,jacket,Toys,2935.2,FALSE,44.94,1376.93
,pants,Home Decor,2312.82,TRUE,72.05,2696.87
,socks,Home Decor,1466.25,TRUE,5.54,4575.47
,gloves,Home Decor,4259.44,FALSE,51.22,281.24
,watch,Sports Equipment,3312.88,FALSE,45.67,3803.53
,gloves,Books,2748.65,TRUE,13.49,3750.18
,socks,Toys,2384.98,TRUE,19.55,408.75
,shoes,Home Decor,2893.29,FALSE,11.27,3392.58
,scarf,Toys,687.5,FALSE,72.27,2935.47
,hat,Sports Equipment,2086.81,FALSE,68.48,3774.89
,scarf,Clothing,3492.48,TRUE,57.34,2754.73
,shoes,Toys,4617.53,FALSE,47.2,4067.59
,gloves,Electronics,2198.92,FALSE,33.18,3430.47
,scarf,Toys,2473.62,TRUE,20.49,2846.32
,gloves,Clothing,4716.98,FALSE,39.67,670.93
,scarf,Electronics,1421.6,FALSE,12.76,1603.07
,gloves,Toys,4202.45,FALSE,12.21,4025
,pants,Clothing,3985.88,FALSE,48.4,2852.84
,shoes,Books,3266.93,TRUE,23.29,312.25
,gloves,Home Decor,1868.45,TRUE,44.04,153.41
,gloves,Books,133.63,TRUE,73.63,3523.41
,watch,Books,4509.92,TRUE,24.48,470.55
,jacket,Home Decor,1518.96,FALSE,51.98,3998.74
,scarf,Home Decor,692.04,TRUE,1.4,4594.72
,hat,Electronics,3916.86,TRUE,90.29,370.59
,jacket,Home Decor,4641.5,TRUE,84.14,4730.1
,shirt,Books,2814.95,FALSE,73.68,3824.26
,shirt,Clothing,2180.27,FALSE,66.15,3875.56
,jacket,Toys,803.82,TRUE,49.05,2125.63
,watch,Toys,1874.76,TRUE,28.05,1784.59
,pants,Clothing,1300.75,TRUE,13.97,2605.78
,socks,Electronics,996.11,FALSE,22.46,3158.57
,gloves,Toys,1754.38,TRUE,38.51,446.64
,pants,Sports Equipment,2557.04,TRUE,36.83,308.41
,shirt,Electronics,283.6,FALSE,50.42,2446.19
,watch,Books,4904.43,TRUE,59.9,4916.86
,hat,Sports Equipment,4262.3,FALSE,45.17,461.27
,shirt,Toys,2448.47,FALSE,94.91,1047.27
,watch,Sports Equipment,1477.02,TRUE,53.71,3743.13
,belt,Sports Equipment,2192.19,FALSE,66.13,894.67
,gloves,Toys,270.36,TRUE,53.92,2759.18
,watch,Toys,3784.14,FALSE,88.77,3368.36
,jacket,Toys,2338.39,FALSE,65.64,3637.12
,shoes,Toys,3203.93,FALSE,60.51,1922.95
,scarf,Books,3627.59,FALSE,28.17,2514.82
,hat,Toys,3019.84,FALSE,47.04,4251.09
,jacket,Electronics,4029.16,FALSE,40.34,1713.39
,scarf,Home Decor,3246.37,TRUE,53.05,3793.78
,belt,Clothing,1266.25,FALSE,84.07,3888.84
,hat,Sports Equipment,4640.31,FALSE,43.13,1509.67
,shoes,Sports Equipment,1391,FALSE,47.62,4453.84
,shirt,Books,2463.74,FALSE,97.17,2092.76
,gloves,Toys,1364.56,FALSE,71.04,579.81
,socks,Sports Equipment,1001.33,TRUE,32.41,4892.02
,pants,Home Decor,3482.12,TRUE,39.25,2268.77
,belt,Electronics,3870.74,TRUE,70.62,3289.23
,watch,Books,3435.77,TRUE,4.21,681.29
,watch,Clothing,2143.92,TRUE,73.81,1347.07
,pants,Home Decor,725.53,TRUE,1.24,4011.29
,socks,Home Decor,3301.87,FALSE,6.84,1174.54
,watch,Electronics,758.53,FALSE,22.71,4731.22
,shoes,Clothing,3258.77,FALSE,81.61,3983.54
,hat,Sports Equipment,4704.47,TRUE,33.7,674.92
,shoes,Electronics,365.2,FALSE,80.49,4647.08
,watch,Sports Equipment,524.39,FALSE,52.42,2047.02
,socks,Clothing,3916.13,FALSE,3.39,1547.4
,shirt,Sports Equipment,3105.92,TRUE,47.68,4315.93
,scarf,Sports Equipment,2600.18,TRUE,28.12,3215.95
,jacket,Sports Equipment,977.53,FALSE,61.01,2003.98
,pants,Toys,3155.73,FALSE,22.63,3683.55
,gloves,Books,3603.7,FALSE,78.24,1238.86
,belt,Books,3389.42,TRUE,25.55,941.69
,shoes,Home Decor,3713.44,FALSE,92.91,2708.27
,belt,Clothing,4040.93,TRUE,80.14,2365.05
,belt,Sports Equipment,3152.64,TRUE,15.43,1510.16
,belt,Books,2658.2,FALSE,81.27,3277.58
,pants,Books,340.85,TRUE,20.7,2215.96
,scarf,Clothing,2538.51,FALSE,6.52,4860.13
,jacket,Home Decor,4956.21,FALSE,63.7,2537.82
,shirt,Clothing,418.74,FALSE,79.94,3942.3
,pants,Clothing,3906.88,TRUE,70.87,4132.4
,scarf,Home Decor,4034.1,FALSE,34.75,2520.41
,belt,Books,569.07,FALSE,95.46,1760.54
,jacket,Home Decor,206.76,TRUE,3.14,2503.4
,shirt,Sports Equipment,3201.21,TRUE,43.5,1387.06
,watch,Home Decor,1816.23,TRUE,99.59,828.95
,belt,Home Decor,2576.3,TRUE,53.15,580.58
,shoes,Sports Equipment,1899.04,FALSE,12.12,2890.02
,shoes,Toys,2646.96,FALSE,71.15,4720.53
,pants,Home Decor,3062.69,TRUE,75.91,723.36
,socks,Books,635.65,FALSE,54.44,4643.23
,socks,Clothing,2349.5,FALSE,24.84,3608.04
,socks,Books,1310.96,FALSE,28,4452.66
,gloves,Home Decor,1763.66,FALSE,9.09,2839.92
,jacket,Electronics,502.42,TRUE,25,2881.59
,watch,Home Decor,4515.57,FALSE,35.82,2234.23
,shoes,Books,812.71,FALSE,31.82,2115.19
,scarf,Home Decor,2867.48,TRUE,49.92,1442.16
,jacket,Electronics,3276.02,FALSE,92.45,714.56
,shirt,Toys,4322.1,FALSE,14.11,1212.17
,shirt,Clothing,1540.58,FALSE,50.46,1702.51
,shoes,Home Decor,1567.11,TRUE,87.12,4372.79
,jacket,Home Decor,2218.49,TRUE,15.72,813.43
,shirt,Electronics,574.43,TRUE,98.78,4468.86
,jacket,Home Decor,3888.62,FALSE,88,2980.99
,shoes,Electronics,2819.71,FALSE,15.72,715.94
,shirt,Toys,4040.97,TRUE,40.47,2408.79
,belt,Sports Equipment,1904.31,TRUE,80.35,4220.89
,pants,Toys,2856.81,TRUE,34.32,4911.33
,hat,Clothing,2634.04,TRUE,53.34,850.41
,shirt,Toys,3682.03,FALSE,11.78,72.72
,shirt,Books,194.77,FALSE,25.78,3433.1
,gloves,Clothing,3600.32,FALSE,40.83,2228.18
,shoes,Electronics,4675.7,TRUE,15.02,3879.79
,gloves,Toys,366.88,FALSE,84.93,4708.01
,socks,Books,3401.4,FALSE,50.33,29.17
,scarf,Sports Equipment,1213.25,FALSE,20.22,2091.73
,watch,Books,1766.11,FALSE,75.18,1931.81
,pants,Sports Equipment,2719.39,FALSE,68.76,1908.49
,belt,Electronics,3936.56,FALSE,38.14,4733.01
,socks,Clothing,1911.56,FALSE,73,4642.46
,jacket,Books,3281.5,TRUE,74.53,1938.42
,hat,Toys,172.24,FALSE,34.56,3650.14
,socks,Home Decor,2193.18,FALSE,71.49,4306.5
,hat,Clothing,1992.61,TRUE,16.74,813.43
,watch,Sports Equipment,1477.38,TRUE,6.82,4136.55
,jacket,Books,1183.48,TRUE,41.99,3927.92
,socks,Toys,3337.87,FALSE,42.18,382.91
,belt,Clothing,4947,TRUE,52.09,4137.27
,gloves,Electronics,1000.67,TRUE,93.12,1639.29
,socks,Home Decor,4852.95,TRUE,30.99,4243.56
,socks,Clothing,4871.51,TRUE,15.96,2417.63
,socks,Clothing,3759.15,FALSE,47.24,516.15
,watch,Books,4870.62,TRUE,25.95,888.09
,shoes,Home Decor,2544.42,FALSE,49.05,2484.79
,jacket,Toys,2040.36,FALSE,16.24,4047.75
,shirt,Home Decor,122.27,TRUE,71.97,1664.52
,scarf,Books,1969.95,TRUE,86.74,4438.39
,watch,Books,2568.57,FALSE,59.7,810.69
,scarf,Sports Equipment,1439.52,TRUE,81.02,4250.32
,scarf,Sports Equipment,1093.36,FALSE,35.5,4473
,shirt,Sports Equipment,1835.96,TRUE,50.09,2817.55
,jacket,Books,4461.14,TRUE,5.67,3343.57
,belt,Sports Equipment,1963.94,TRUE,52.73,960.45
,gloves,Sports Equipment,1193.54,TRUE,78.66,2640.74
,hat,Toys,4517.41,FALSE,24.31,63.45
,socks,Clothing,4885.03,TRUE,32.23,4824.88
,watch,Toys,2755.6,FALSE,86.73,3838.14
,jacket,Clothing,4256.13,TRUE,39.27,4426.84
,jacket,Sports Equipment,4065.82,FALSE,24.24,3997.7
,shoes,Home Decor,266.22,FALSE,60.87,4318.71
,socks,Electronics,4338.28,TRUE,27.3,1599.36
,gloves,Sports Equipment,3050.17,TRUE,10.12,1252.01
,socks,Home Decor,3817.18,TRUE,92.33,1655.49
,belt,Toys,4804.18,TRUE,55.09,2184.32
,watch,Toys,3065.66,TRUE,96.1,4065.98
,scarf,Books,4578.84,FALSE,78.59,1920.55
,gloves,Clothing,3617.72,TRUE,50.65,46.1
,gloves,Sports Equipment,4345.44,FALSE,25.69,1928.47
,shoes,Toys,2684.24,FALSE,21.01,244.89
,jacket,Clothing,4414.25,FALSE,60.77,1750.2
,belt,Home Decor,4123.3,TRUE,42.7,1561.11
,pants,Home Decor,4218.22,FALSE,25.12,4764.31
,gloves,Toys,2459.65,FALSE,7.86,410.46
,shoes,Home Decor,4904.28,TRUE,52.58,1612.31
,socks,Toys,4077.89,TRUE,9.33,4816.78
,shoes,Sports Equipment,749.88,FALSE,67.99,442.71
,belt,Toys,1647.42,TRUE,60.91,4672.28
,pants,Clothing,3298.85,FALSE,59.79,3382.19
,socks,Home Decor,4274.98,FALSE,47.73,4652.27
,belt,Electronics,2444.22,TRUE,74.54,2185.57
,jacket,Clothing,1214.28,TRUE,31.58,4013.51
,socks,Toys,3419.11,TRUE,34.31,4731.42
,jacket,Books,2230.19,FALSE,72.85,591.43
,socks,Home Decor,212.24,TRUE,77.52,3361.89
,socks,Sports Equipment,2041.67,TRUE,49.29,181.39
,shirt,Electronics,1929.82,TRUE,94.99,1311.19
,socks,Clothing,1612.14,FALSE,16.57,4365.98
,shoes,Toys,3047.92,FALSE,97.47,4448.18
,gloves,Electronics,4229.17,FALSE,64.5,4806.03
,socks,Home Decor,2740,FALSE,24.37,2571.91
,belt,Sports Equipment,1162.05,TRUE,75.23,3513.37
,scarf,Books,427.68,FALSE,56.5,4177.71
,gloves,Toys,1486.64,FALSE,90.78,750.92
,shoes,Sports Equipment,3944.09,FALSE,51.04,3903.84
,gloves,Home Decor,886.82,TRUE,49.4,2518.76
,shirt,Home Decor,4221.94,TRUE,20.99,3946.8
,jacket,Home Decor,1174.26,TRUE,94.98,789.91
,pants,Sports Equipment,2465.46,TRUE,1.28,4470.89
,shoes,Toys,3336.57,TRUE,62.77,311.15
,shoes,Toys,3579.46,TRUE,90.35,34.56
,scarf,Sports Equipment,1521.87,FALSE,59.63,4734.68
,shirt,Toys,3921.27,TRUE,64.06,873.21
,pants,Sports Equipment,1201.74,TRUE,40.01,4273.44
,gloves,Home Decor,1286.79,FALSE,91.16,3159.8
,pants,Electronics,29.58,FALSE,37.25,3772.52
,pants,Clothing,3738.35,FALSE,1.31,4974.32
,hat,Books,4029.07,FALSE,93.81,3548.24
,hat,Books,1562.11,FALSE,62.18,930.72
,gloves,Electronics,4716.37,TRUE,17.13,659.24
,hat,Home Decor,4594.87,FALSE,27.89,4660.09
,shirt,Clothing,1249.57,TRUE,2.58,4493.96
,gloves,Books,4907.65,FALSE,89.28,3756.81
,watch,Sports Equipment,2903.36,FALSE,56.37,3274.84
,jacket,Clothing,4936.23,TRUE,73.21,1026.72
,jacket,Sports Equipment,447.91,FALSE,32,4290.32
,socks,Sports Equipment,1813.22,TRUE,9.67,2557.72
,belt,Electronics,3484.42,TRUE,26.34,1364.63
,jacket,Home Decor,3186.81,TRUE,12.29,3529.03
,pants,Electronics,512.58,TRUE,80.35,3014.2
,jacket,Clothing,716.71,TRUE,91.97,346.39
,shoes,Home Decor,1617.93,TRUE,96.81,10.42
,jacket,Sports Equipment,4226.63,TRUE,28.13,2944.45
,scarf,Clothing,897.62,FALSE,47.78,1818.54
,watch,Home Decor,4092.08,TRUE,22.78,115.73
,hat,Toys,4863.44,TRUE,58.87,2368.08
,watch,Home Decor,4713.69,TRUE,40.81,4172.57
,shoes,Clothing,4365.23,TRUE,51.71,2633.14
,gloves,Books,1889.34,FALSE,36.9,1455.11
,pants,Toys,2417.08,FALSE,47.41,2235.65
,belt,Books,2282.85,TRUE,63.21,1723.25
,socks,Home Decor,2456.18,TRUE,76.59,3242.22
,jacket,Electronics,4956.76,FALSE,31.72,2016.94
,shirt,Electronics,4528.59,TRUE,27.27,209.99
,pants,Electronics,1286.49,FALSE,85.15,938.96
,pants,Books,3365.74,FALSE,15.49,4013.73
,watch,Home Decor,2571.08,TRUE,8.86,3613.55
,shirt,Toys,1575.22,TRUE,41.41,1358
,gloves,Home Decor,501.31,TRUE,28.77,864.41
,hat,Sports Equipment,3378.7,FALSE,74.85,2293.84
,watch,Clothing,4205.39,TRUE,65.19,3051.83
,socks,Sports Equipment,2481.75,FALSE,89.33,3531.35
,belt,Electronics,192.09,TRUE,18.48,3783.81
,jacket,Clothing,1310.2,FALSE,56.88,875.8
,belt,Books,2492.88,FALSE,33.5,506.85
,belt,Clothing,3000.65,TRUE,3.3,4675.85
,watch,Clothing,4904.37,FALSE,45.75,1009.05
,scarf,Electronics,3813.03,FALSE,27.82,2527.58
,jacket,Electronics,1655.05,TRUE,1.07,212.89
,hat,Home Decor,114.19,TRUE,24.16,1334.2
,socks,Sports Equipment,4501.25,TRUE,12.99,1457.07
,shirt,Toys,2318.2,FALSE,24.26,509.21
,pants,Electronics,2666.81,FALSE,11.24,3952.9
,scarf,Books,2174.01,FALSE,11.3,1892.92
,shirt,Electronics,4379.52,TRUE,32.72,4884.8
,belt,Sports Equipment,4298.51,TRUE,85.79,864.84
,hat,Clothing,2181.22,FALSE,54.91,3608.73
,jacket,Home Decor,1661.28,FALSE,57.8,4070.17
,belt,Books,2934.87,FALSE,23.18,1078.45
,hat,Home Decor,2274.47,TRUE,57.88,472.84
,pants,Home Decor,3619.07,TRUE,65.69,1850.48
,pants,Toys,1342.49,TRUE,50.65,1430.45
,socks,Books,734.88,FALSE,93.34,3264.01
,socks,Sports Equipment,4543.71,FALSE,26.2,1567.58
,scarf,Toys,1418.82,TRUE,29.87,3061.03
,jacket,Home Decor,167.63,TRUE,41.1,3252.3
,shirt,Books,568.95,FALSE,60.85,48.03
,pants,Toys,4314.13,TRUE,28.23,1023.82
,hat,Clothing,4291.48,TRUE,43.5,2406.32
,pants,Home Decor,337.98,FALSE,37.27,488.68
,shoes,Sports Equipment,2633.68,FALSE,24.26,4580.64
,pants,Books,4374.48,TRUE,74.82,139.7
,gloves,Books,1812.12,TRUE,80.47,510.56
,gloves,Electronics,4015.07,TRUE,2.96,3801.87
,pants,Electronics,2956.64,FALSE,24.81,1957.06
,gloves,Home Decor,4963.06,TRUE,9.78,4747.97
,watch,Electronics,1988.83,FALSE,33.77,2027.12
,gloves,Sports Equipment,600.96,FALSE,8.86,4256.2
,jacket,Sports Equipment,4785.78,TRUE,97.1,1346.45
,hat,Home Decor,2497.69,TRUE,38.56,3456.32
,watch,Clothing,2047.5,TRUE,97.97,3984.51
,watch,Clothing,1202.86,FALSE,36.46,3458.31
,shoes,Electronics,4238.65,TRUE,8.59,2432.84
,shoes,Books,4402.09,TRUE,69.35,2327.2
,belt,Clothing,3329.36,FALSE,83.49,693.17
,shirt,Toys,538.14,TRUE,77.62,3617.88
,shoes,Home Decor,1286.29,TRUE,44.63,1091.66
,shirt,Clothing,781.9,TRUE,1.8,4714.84
,hat,Books,341.57,TRUE,89.09,1909.56
,pants,Sports Equipment,1937.23,TRUE,32.47,2219.06
,watch,Toys,2492.11,FALSE,24.09,338.7
,shirt,Home Decor,3868.49,TRUE,18.56,364.05
,hat,Books,4053.41,TRUE,42.73,1089.66
,watch,Toys,1584.15,FALSE,67.34,4753.36
,watch,Clothing,2773.61,FALSE,38.85,1494.78
,shirt,Books,2196.54,TRUE,82.19,3392.96
,gloves,Clothing,3152.42,FALSE,45.35,3712.31
,jacket,Sports Equipment,3177.95,FALSE,86.23,1927.97
,pants,Sports Equipment,3509.02,FALSE,75.99,916.28
,scarf,Clothing,2036.33,FALSE,74.5,558.14
,pants,Home Decor,2814.52,FALSE,11.24,2782
,pants,Home Decor,2398.03,TRUE,73.02,4221.92
,belt,Books,4692.25,FALSE,40.18,1181.69
,socks,Sports Equipment,1339.33,FALSE,86.56,556.08
,belt,Books,4414.58,FALSE,55.95,411.23
,scarf,Books,3614.61,TRUE,84.43,3855.43
,shoes,Sports Equipment,4034.31,TRUE,13.15,3520.33
,shoes,Electronics,1384.66,FALSE,3.97,4147.57
,belt,Home Decor,3177.67,FALSE,8.69,3462.33
,jacket,Home Decor,2629.55,TRUE,37.46,2045.05
,jacket,Toys,2070.42,FALSE,18.58,866.22
,shirt,Sports Equipment,1396.83,TRUE,35.74,174.64
,socks,Clothing,141.57,FALSE,51.23,89.35
,hat,Home Decor,2614.97,TRUE,36.15,4065.93
,scarf,Sports Equipment,3738.65,FALSE,58.13,3675.32
,gloves,Toys,2949.98,TRUE,38.38,491.15
,socks,Electronics,434.43,TRUE,66.88,4335.61
,pants,Sports Equipment,864.22,TRUE,49.36,1315
,scarf,Toys,1871.67,FALSE,61.66,1405.97
,jacket,Sports Equipment,2365.79,FALSE,0.49,4212.25
,shoes,Books,4172.84,FALSE,77.98,369.88
,pants,Sports Equipment,2248.99,TRUE,79.85,4057.26
,socks,Home Decor,1262.34,FALSE,31.5,2510.54
,hat,Sports Equipment,2886.93,FALSE,33.98,4882.15
,hat,Books,2657.46,TRUE,96.63,1353.1
,gloves,Electronics,1649.06,TRUE,80.89,4228.14
,jacket,Toys,3744.45,FALSE,16.04,892.32
,pants,Clothing,1746.54,TRUE,71.9,1851.01
,belt,Home Decor,4644.16,FALSE,11.26,1529.8
,socks,Clothing,3575.92,FALSE,44.99,4079.92
,jacket,Home Decor,2818.02,FALSE,5.05,603.91
,gloves,Home Decor,2994.44,TRUE,73.61,773.31
,hat,Home Decor,2385.11,TRUE,82.47,4457.8
,pants,Clothing,4880.91,FALSE,4.41,1115.96
,watch,Electronics,3835.41,TRUE,13.53,1846.2
,belt,Clothing,436.92,FALSE,18.14,3252.78
,jacket,Toys,2008.43,FALSE,39.45,156.8
,hat,Home Decor,582.36,FALSE,67,3804.21
,watch,Home Decor,3166.6,TRUE,8.1,4325.64
,shoes,Sports Equipment,2093.95,FALSE,86.76,3705.3
,belt,Toys,4261.38,FALSE,87.84,911.99
,belt,Clothing,715.28,FALSE,8.56,1295.21
,jacket,Electronics,2266.21,FALSE,81.98,4134.91
,jacket,Home Decor,2808.65,FALSE,84.06,3890.28
,watch,Electronics,4756.94,FALSE,19.13,3397.06
,shoes,Books,3722.79,FALSE,64.02,3525.45
,shirt,Electronics,2174.58,TRUE,15.62,779.89
,pants,Books,4147.76,FALSE,68.05,4409.99
,watch,Electronics,3070.96,FALSE,65.74,1479.22
,shoes,Electronics,3896.73,FALSE,45.68,2552.46
,watch,Clothing,1297.37,FALSE,93.7,3091.89
,scarf,Clothing,1547.45,FALSE,12.99,2428.13
,socks,Sports Equipment,383.66,FALSE,79.17,1929.43
,socks,Sports Equipment,4306.15,TRUE,40.39,11.52
,scarf,Clothing,2915.01,TRUE,44.47,158.52
,watch,Clothing,2050.86,FALSE,87.37,2804.07
,scarf,Books,3737.46,FALSE,59.31,3405.32
,shirt,Electronics,837.36,FALSE,4.13,3873.74
,socks,Books,4208.48,FALSE,52.82,3372.92
,shirt,Books,1217.32,FALSE,25.25,1890.73
,hat,Clothing,2605.99,TRUE,54.38,110.7
,belt,Clothing,1585.35,FALSE,67.34,3641.86
,scarf,Clothing,537.31,TRUE,18.97,699.4
,hat,Sports Equipment,315.76,FALSE,64.36,2539.43
,pants,Home Decor,3036.37,TRUE,99.13,1868.3
,jacket,Books,4600.07,TRUE,67.79,4895.19
,scarf,Books,1461.15,FALSE,63.3,1518.82
,belt,Home Decor,3260.09,FALSE,56.92,3311.38
,pants,Clothing,1197.16,TRUE,7.66,3186.11
,gloves,Sports Equipment,3630.48,TRUE,54.06,433.71
,watch,Clothing,3168.15,TRUE,52.21,3649.81
,jacket,Home Decor,1601.3,TRUE,6.56,2100.71
,belt,Toys,2946,FALSE,37.87,3075.51
,hat,Sports Equipment,830.32,FALSE,4.01,3018.16
,jacket,Home Decor,1731.58,TRUE,11.81,1492.53
,jacket,Toys,1026.82,FALSE,59.74,4193.7
,shirt,Clothing,2524.4,FALSE,83.47,1861.44
,pants,Electronics,1087.05,FALSE,61.25,457.95
,pants,Clothing,4547.47,TRUE,40.35,3254.53
,pants,Clothing,2007,FALSE,31.8,2752.91
,shoes,Home Decor,1431.97,TRUE,6.62,1817.91
,shirt,Home Decor,2053.78,FALSE,13.02,441.91
,pants,Books,4753.79,FALSE,6.43,2136.28
,scarf,Clothing,3113.23,TRUE,17.13,816.04
,shoes,Clothing,4951.33,TRUE,80.99,2479.7
,jacket,Electronics,4485.69,FALSE,23.26,756.2
,belt,Toys,602.22,TRUE,38.11,252.52
,pants,Clothing,1272.18,FALSE,54.22,3398.68
,jacket,Home Decor,3301.87,FALSE,72.67,1031.22
,hat,Toys,1745.71,TRUE,11.56,1540.88
,gloves,Home Decor,3691.18,TRUE,6.06,824
,belt,Toys,3150.33,FALSE,29.52,1535.48
,hat,Home Decor,619.5,TRUE,34.2,1420.95
,jacket,Books,250.1,TRUE,23.44,3044.64
,scarf,Electronics,3600.65,TRUE,34.62,3361.09
,shoes,Clothing,3794.12,FALSE,45.11,2134.61
,scarf,Clothing,450.91,FALSE,52.01,2768.67
,hat,Electronics,4732.98,FALSE,77.39,2617.22
,scarf,Electronics,359.16,TRUE,0.14,1651.43
,shoes,Electronics,1247.03,FALSE,75.34,4625.9
,scarf,Books,1951.06,FALSE,90.95,2190.59
,jacket,Toys,4757.21,TRUE,46.26,1323.85
,belt,Books,2002.14,TRUE,26.49,3280.28
,hat,Sports Equipment,1886.51,FALSE,43.55,932.67
,pants,Sports Equipment,1125.76,TRUE,47.77,3536.59
,shoes,Clothing,540.64,TRUE,44.34,3212.28
,hat,Books,2436.38,TRUE,34.84,4202.57
,watch,Home Decor,1207.72,FALSE,65.81,934.38
,belt,Sports Equipment,3416.58,TRUE,19.6,412.97
,jacket,Toys,437.74,TRUE,66.18,2053.79
,belt,Clothing,4232.83,TRUE,43.21,1700.99
,scarf,Books,4719.51,TRUE,25.49,994.74
,hat,Books,61.32,TRUE,46.64,1255.43
,shirt,Home Decor,2594.33,TRUE,35.41,1383.94
,shoes,Sports Equipment,3329.1,FALSE,97.03,1789.69
,pants,Electronics,2708.92,FALSE,19.5,1287.17
,gloves,Toys,1165.26,FALSE,95.05,4985.77
,jacket,Clothing,4942.02,TRUE,23.57,99.3
,hat,Toys,3214.6,FALSE,33.06,4509.88
,jacket,Clothing,4407.66,TRUE,89.61,2374.05
,shirt,Home Decor,3441.5,TRUE,50.01,19.44
,pants,Books,2447.13,TRUE,94.2,3678.76
,shoes,Books,679.28,FALSE,58.63,435.36
,watch,Sports Equipment,2719.28,FALSE,94.41,3926.14
,watch,Toys,1653.98,TRUE,40.52,1674.15
,scarf,Home Decor,830.25,TRUE,39.95,334.07
,belt,Books,1264.17,FALSE,50.98,1116.26
,pants,Electronics,3945.97,FALSE,97.96,4668.92
,hat,Clothing,455.75,TRUE,76.42,892.72
,scarf,Books,2950.02,TRUE,13.12,3541.72
,scarf,Electronics,4851.91,TRUE,28.64,1757.79
,watch,Sports Equipment,4183.39,FALSE,95.42,4223.5
,gloves,Clothing,3011.53,TRUE,62.15,379.97
,pants,Clothing,2027.58,TRUE,65.56,4666.48
,shoes,Electronics,4214.03,TRUE,37.79,2301.65
,shirt,Clothing,3491.95,FALSE,56.22,3223.92
,shirt,Books,1791.13,FALSE,36.77,3584.1
,hat,Electronics,4656.98,TRUE,23.83,4898.08
,shoes,Sports Equipment,2028.2,FALSE,29.45,95.87
,belt,Books,73.74,TRUE,26.21,3450.91
,hat,Toys,1739.7,TRUE,42.62,4987.95
,belt,Clothing,3035.92,FALSE,55.91,174.38
,shirt,Books,3100.23,FALSE,31.7,2688.03
,hat,Home Decor,3356.07,TRUE,10.32,4796.25
,belt,Home Decor,4358.67,TRUE,20.73,2168.51
,gloves,Clothing,2618.33,TRUE,24.16,1615.62
,watch,Electronics,2679.99,TRUE,78.47,1983.65
,belt,Sports Equipment,261.79,TRUE,46.14,2752.7
,belt,Electronics,3151.35,FALSE,67.09,1651.4
,gloves,Home Decor,2810.67,TRUE,28.53,1123.97
,jacket,Electronics,3635.65,TRUE,95.66,4508.95
,socks,Toys,4437.89,FALSE,28.01,2407.7
,gloves,Electronics,1999.65,TRUE,99.61,1239.43
,scarf,Home Decor,3815.41,TRUE,85.06,4275.78
,belt,Sports Equipment,4570.44,TRUE,33.94,3144.68
,hat,Clothing,3651.84,FALSE,4.69,2973.87
,jacket,Clothing,2080.11,TRUE,52.44,466.34
,hat,Toys,456.49,FALSE,79.61,3623.31
,gloves,Toys,1815.43,FALSE,74.88,849.49
,shoes,Toys,113.42,TRUE,29.92,1391.23
,pants,Clothing,3138.21,TRUE,52.41,987.17
,belt,Home Decor,253.64,TRUE,26.03,3398.05
,watch,Home Decor,3464.11,FALSE,21.05,1575.03
,watch,Sports Equipment,1323.62,FALSE,48.44,2319.43
,pants,Electronics,3007.71,TRUE,55.31,3169.32
,scarf,Sports Equipment,626.81,FALSE,16.41,4376.59
,shirt,Toys,931.73,TRUE,26.64,1118.22
,pants,Electronics,3576.18,FALSE,65.87,2185.02
,scarf,Toys,4500.23,TRUE,18.69,2946.95
,jacket,Books,4601.98,TRUE,76,831.83
,scarf,Clothing,766.05,FALSE,24.76,2165.49
,scarf,Clothing,3064.71,FALSE,74,1315.33
,watch,Electronics,240.15,FALSE,28.65,4263.71
,scarf,Sports Equipment,1187.35,FALSE,49.75,4819.49
,pants,Home Decor,4558.88,TRUE,87.24,331.07
,gloves,Sports Equipment,1539.52,FALSE,38.6,1155.64
,shirt,Electronics,509.51,TRUE,38.19,752.96
,shirt,Toys,2329.61,TRUE,99.67,3852.03
,pants,Electronics,1560.04,FALSE,0.7,1618.5
,pants,Toys,283.62,TRUE,11.61,2997.1
,scarf,Sports Equipment,3616.31,TRUE,12.37,4722.25
,socks,Electronics,235.2,TRUE,1.29,842.44
,pants,Books,4472.51,FALSE,95.39,2899.18
,gloves,Home Decor,272.16,FALSE,91.53,3442.23
,hat,Books,4381.17,FALSE,7.83,4204.55
,gloves,Clothing,560.77,TRUE,21.77,1793.66
,socks,Sports Equipment,46.02,FALSE,21.59,4340.09
,watch,Toys,424.27,TRUE,77.88,4647.15
,scarf,Toys,2845.51,TRUE,87.35,1220.55
,watch,Electronics,2809.8,TRUE,44,4598.43
,hat,Sports Equipment,4986.63,FALSE,48.84,4760.34
,belt,Toys,4666.9,FALSE,69.47,62.82
,jacket,Home Decor,4790.51,FALSE,6.58,4010.81
,belt,Clothing,2643.31,FALSE,35.93,1466.01
,hat,Sports Equipment,1247.56,TRUE,7.17,1912.58
,watch,Sports Equipment,2514.93,TRUE,58.36,2896.57
,socks,Clothing,3654.17,FALSE,61.08,3467.59
,jacket,Toys,4445.79,FALSE,96.04,4883.49
,shirt,Sports Equipment,4268.7,FALSE,90.17,808.46
,socks,Sports Equipment,4898.79,FALSE,31.92,2372.95
,shirt,Home Decor,1000.66,FALSE,10.87,3131.89
,jacket,Electronics,3758.69,FALSE,13.37,1925.72
,belt,Sports Equipment,1388.35,FALSE,7.83,2230.51
,watch,Home Decor,2049.33,TRUE,89.1,3316.33
,jacket,Clothing,401.24,TRUE,11.4,4733.81
,socks,Sports Equipment,2831.45,TRUE,15.47,4992.86
,gloves,Home Decor,3043.16,FALSE,64.86,2061.82
,socks,Home Decor,2325.34,FALSE,69.46,3790.4
,jacket,Clothing,1193.02,TRUE,77.17,3553.8
,hat,Home Decor,3777.34,FALSE,91.24,4973.58
,socks,Books,3433.24,TRUE,40.33,3846.43
,socks,Home Decor,1542.86,TRUE,57.85,435.93
,gloves,Books,2700.86,TRUE,61.54,3273.44
,belt,Electronics,4956.1,FALSE,29.98,4030.27
,gloves,Sports Equipment,3495.85,FALSE,93.57,3754.54
,watch,Toys,4146.98,FALSE,88.59,1024.28
,hat,Electronics,4453.79,FALSE,44.53,4505.64
,gloves,Toys,3304.94,TRUE,27.9,3223.21
,watch,Toys,2754.64,FALSE,62.31,4701.43
,hat,Electronics,3998.64,TRUE,75.81,2324.63
,shirt,Home Decor,623.09,FALSE,74.98,3669.14
,watch,Books,3374.14,TRUE,26.73,3309.02
,pants,Electronics,3234.89,TRUE,41.46,3996.5
,shoes,Toys,4547.01,TRUE,53.93,1750.95
,pants,Books,1308.27,TRUE,41.49,1313.82
,pants,Electronics,2449.57,FALSE,16.05,95.76
,pants,Books,3218.61,FALSE,73.9,1018.82
,pants,Clothing,374.09,FALSE,60.16,2621.4
,scarf,Home Decor,4485.34,FALSE,3.52,1808.42
,scarf,Books,307.21,TRUE,16.56,1029
,scarf,Sports Equipment,4961.12,FALSE,35.64,4424.12
,gloves,Clothing,4942.06,FALSE,6.04,4010.25
,scarf,Clothing,4002.14,TRUE,27.27,2280.9
,watch,Books,1566.95,TRUE,89.18,4048.88
,scarf,Clothing,2528.99,TRUE,36.87,2365.98
,jacket,Sports Equipment,4055.7,TRUE,28.76,474.87
,watch,Home Decor,868.34,FALSE,48.59,1821.56
,hat,Toys,521.63,TRUE,83.92,4370.52
,shoes,Sports Equipment,3157.87,TRUE,84.99,1346.77
,scarf,Clothing,1617.26,TRUE,86.3,1403.45
,belt,Electronics,2263.57,FALSE,91.74,2930.81
,hat,Toys,1288.69,FALSE,1.79,3783.68
,shoes,Electronics,2018.61,TRUE,19.84,957.82
,watch,Toys,534.71,FALSE,27.89,4237.63
,watch,Clothing,1916.71,TRUE,83.2,4818.87
,jacket,Home Decor,3531.36,TRUE,10.04,2719.03
,jacket,Sports Equipment,3214.48,TRUE,42.31,2509.84
,pants,Electronics,154.13,FALSE,4.5,2551.91
,hat,Clothing,4682.84,TRUE,62.08,2992.88
,jacket,Home Decor,3172.57,FALSE,0.36,3209
,scarf,Electronics,4015.02,TRUE,75.84,4837.85
,scarf,Toys,1163.58,FALSE,54.42,1937.8
,socks,Electronics,1255.07,FALSE,39.06,2405.8
,hat,Books,1368.58,TRUE,47.2,0.56
,socks,Sports Equipment,4928.84,TRUE,58.74,4473.29
,shoes,Clothing,1788.41,TRUE,20.35,4513.01
,watch,Sports Equipment,3251.54,FALSE,70.63,3773.05
,watch,Toys,2222.71,FALSE,52.35,4636.77
,jacket,Books,4869.56,TRUE,24.18,561.28
,shoes,Electronics,3899.96,FALSE,49.41,2362.41
,jacket,Toys,2573.93,FALSE,64.11,670.76
,socks,Home Decor,17.68,FALSE,37.7,2957.15
,shirt,Books,4323.62,TRUE,10.8,2831.58
,hat,Electronics,962.01,FALSE,10.16,4791.42
,shirt,Electronics,4109.81,TRUE,52.04,2672.37
,watch,Sports Equipment,4163.59,FALSE,88.81,1619.24
,scarf,Home Decor,2418.27,FALSE,69.35,304.19
,hat,Sports Equipment,3133.52,FALSE,41.82,3685.52
,gloves,Books,4810.83,FALSE,15.74,398.25
,hat,Books,384.08,TRUE,76.9,436.03
,watch,Sports Equipment,3108.77,TRUE,80.93,3484.16
,pants,Sports Equipment,2680.85,FALSE,72.71,1524.52
,jacket,Books,4310,TRUE,48.03,4640.16
,gloves,Toys,1909.93,TRUE,75.46,817.96
,shoes,Clothing,4120.72,FALSE,35.39,880.53
,watch,Electronics,843.6,TRUE,31.94,4571.43
,watch,Sports Equipment,4922.37,FALSE,88.02,1131.56
,gloves,Home Decor,3257.97,FALSE,4.85,3814.08
,jacket,Sports Equipment,1058.04,TRUE,30.93,4724.56
,shoes,Toys,1502.08,FALSE,46.46,529.21
,hat,Toys,2507.39,FALSE,63.69,2912.11
,hat,Sports Equipment,3931.04,FALSE,26.47,503.65
,watch,Electronics,4886.06,FALSE,54.48,144.49
,socks,Home Decor,2316.09,TRUE,30.16,2802.77
,belt,Electronics,4414.05,TRUE,4.17,2763.9
,socks,Sports Equipment,2903.97,FALSE,73.93,2401.33
,pants,Electronics,3432.91,FALSE,26.94,3555.36
,jacket,Electronics,2111.06,TRUE,78.25,3733.41
,scarf,Toys,1983.15,TRUE,22.05,1167.78
,watch,Home Decor,2365.65,FALSE,22.79,1926.84
,belt,Books,3942.2,FALSE,99.43,1670.92
,scarf,Clothing,4301.23,FALSE,16.89,3721.48
,belt,Books,3170.99,TRUE,63.62,3460.34
,socks,Clothing,229.49,TRUE,60.19,1436.75
,shoes,Electronics,1070.17,TRUE,81.62,3163.88
,belt,Electronics,4560.82,TRUE,80.1,4665.35
,watch,Toys,2059.67,TRUE,28.49,1355.82
,hat,Electronics,987.18,FALSE,8.5,853.62
,scarf,Sports Equipment,889.58,TRUE,75.23,482.77
,shoes,Sports Equipment,4124.05,FALSE,1.26,4082.74
,scarf,Books,2020.88,TRUE,92.44,129.23
,socks,Home Decor,4721.14,TRUE,83.49,564.55
,belt,Sports Equipment,4832.51,TRUE,50.22,1175.65
,shirt,Sports Equipment,3318.6,TRUE,23.67,4167.41
,shoes,Books,2912.89,TRUE,40.84,4799.77
,socks,Clothing,836.18,FALSE,40.6,3647.67
,shoes,Sports Equipment,3881.75,TRUE,66.61,3555.36
,scarf,Books,262.96,FALSE,48.8,3488.92
,hat,Books,3260.23,TRUE,89.48,3740.9
,jacket,Clothing,370.26,FALSE,64.44,2103.43
,hat,Home Decor,1607,TRUE,67.72,1461.06
,socks,Books,119.6,FALSE,5.52,2779.17
,watch,Home Decor,3117.39,FALSE,0.79,1811.72
,gloves,Electronics,1951.24,FALSE,74.91,2578.83
,scarf,Toys,1091.61,TRUE,97.02,4709.9
,jacket,Sports Equipment,1308.84,FALSE,58.25,3918.7
,belt,Books,4887.7,FALSE,97.58,1416.33
,jacket,Sports Equipment,2738.82,TRUE,2.65,4357.15
,jacket,Home Decor,3203.34,TRUE,87.11,3363.95
,jacket,Electronics,1288.47,TRUE,94.77,2555.86
,pants,Home Decor,982.83,FALSE,96.79,3629.39
,socks,Home Decor,3942.23,TRUE,35.23,2591.88
,shirt,Sports Equipment,3080.34,TRUE,84.14,2940.42
,pants,Sports Equipment,298.94,FALSE,80.74,3648.73
,gloves,Electronics,2567.09,TRUE,71.11,1809.15
,jacket,Books,1909.87,FALSE,34.26,575.07
,gloves,Electronics,87.79,TRUE,99.23,2629.79
,shoes,Home Decor,2741.24,TRUE,3.88,3794.48
,gloves,Toys,2239.27,TRUE,38.42,1576.35
,shoes,Toys,4964.59,TRUE,70.83,2462.27
,belt,Toys,3285.84,TRUE,37.17,2155.87
,scarf,Home Decor,253.83,FALSE,34.12,762.92
,gloves,Clothing,2515.22,TRUE,54.26,3635.99
,watch,Sports Equipment,1501.9,FALSE,60.32,1359.42
,scarf,Books,4309.8,TRUE,43.72,1643.65
,shirt,Home Decor,1956.96,FALSE,16.76,1997.2
,belt,Clothing,4578.03,TRUE,46.35,326.83
,watch,Sports Equipment,4687.84,FALSE,27.02,746.21
,watch,Home Decor,1385.15,FALSE,45.34,1703.72
,pants,Clothing,4735.3,FALSE,10.22,964.14
,socks,Electronics,908.13,FALSE,62.11,4462.2
,shoes,Toys,246.94,TRUE,62.5,543.82
,shoes,Home Decor,4509.43,TRUE,36.84,2197.07
,gloves,Clothing,3385.48,FALSE,35,3525.44
,jacket,Clothing,2408.73,TRUE,17.33,1565.06
,hat,Books,1846.05,FALSE,94.79,1513.5
,shirt,Electronics,1898.86,TRUE,97.65,3852.07
,belt,Clothing,4868.66,TRUE,22.48,2068.73
,jacket,Books,2334.92,FALSE,36.76,868.93
,watch,Electronics,2631.72,TRUE,24.88,2271.49
,shirt,Sports Equipment,37.36,FALSE,42.29,1088.89
,scarf,Books,2962.91,TRUE,40.77,4272.84
,jacket,Toys,3646.68,FALSE,88.88,3928.31
,gloves,Sports Equipment,3764.98,TRUE,86.16,1018.34
,belt,Electronics,798.82,FALSE,98.24,1552.85
,shoes,Clothing,944.61,FALSE,25.09,2368.71
,belt,Electronics,4679.51,TRUE,37.16,28.69
,pants,Toys,305.09,FALSE,5.76,2730.83
,socks,Home Decor,1530.89,TRUE,40.03,896.05
,watch,Clothing,2589.99,FALSE,49.51,3127.28
,jacket,Clothing,2899.78,FALSE,68.92,3043.13
,shirt,Sports Equipment,3491.32,TRUE,88.19,1972.61
,pants,Electronics,2063.6,FALSE,26.78,2418.17
,watch,Electronics,1727.47,TRUE,40.69,1157.63
,gloves,Electronics,646.23,FALSE,75.75,1105.86
,scarf,Sports Equipment,2863.75,TRUE,64.54,1138.26
,pants,Toys,217.46,TRUE,86.82,3649.29
,belt,Toys,4196.96,FALSE,34.57,4634.26
,watch,Toys,3977.76,FALSE,84.88,4257.63
,gloves,Clothing,2579.64,TRUE,71.23,4123.41
,hat,Home Decor,3673.55,FALSE,80.43,1226.63
,socks,Electronics,3498.28,FALSE,53.74,269.1
,shoes,Home Decor,4897.58,FALSE,34.79,3030.8
,pants,Electronics,2413.32,TRUE,72.85,3098.87
,scarf,Books,390.72,FALSE,61.4,3466.85
,gloves,Sports Equipment,513.84,FALSE,26.51,52.91
,hat,Books,2542.03,FALSE,23.53,3065.61
,scarf,Sports Equipment,157.1,TRUE,84.31,2349.52
,shoes,Sports Equipment,3911.32,FALSE,89.79,4504.65
,hat,Books,4076.86,TRUE,76.55,74.21
,belt,Home Decor,476.42,FALSE,72.83,2955.85
,scarf,Clothing,4498.99,TRUE,91.32,1234.98
,pants,Clothing,313.15,TRUE,31.34,1336.72
,gloves,Clothing,2289.51,FALSE,75.75,3007.92
,watch,Electronics,2565,FALSE,57.13,4135.44
,watch,Clothing,978.87,FALSE,68.25,3135.51
,socks,Electronics,4607.04,FALSE,79.39,3394.1
,scarf,Toys,2476.36,FALSE,85.32,4981.81
,jacket,Clothing,2572.66,TRUE,16.59,44.71
,belt,Sports Equipment,3063.28,TRUE,7.68,1222.79
,scarf,Home Decor,1331.96,FALSE,80.57,2818.32
,shoes,Electronics,575.08,FALSE,10.16,4226.64
,belt,Home Decor,569.84,TRUE,66.48,2871.93
,jacket,Clothing,4032.83,TRUE,34.34,230.12
,pants,Electronics,1649.86,FALSE,43.94,1564.2
,belt,Electronics,4311.33,FALSE,91.97,4231.06
,shoes,Home Decor,1355.27,FALSE,1.31,4088.43
,gloves,Electronics,2302.79,TRUE,45.8,1924.72
,watch,Books,865.45,FALSE,45.72,938.71
,socks,Sports Equipment,4657.92,TRUE,53.87,1790.78
,socks,Electronics,976.55,FALSE,59.45,2235.99
,shirt,Clothing,559.37,FALSE,25.82,3890.18
,shirt,Books,2331.35,FALSE,8.31,3228.23
,pants,Toys,4018.89,FALSE,32.97,2553.49
,hat,Home Decor,4896.13,FALSE,55.85,2236.32
,shoes,Sports Equipment,2717.29,TRUE,33.28,225.05
,shoes,Clothing,2890.54,TRUE,4.05,4730.74
,hat,Sports Equipment,4162.4,TRUE,76.68,3557.44
,pants,Toys,4740.81,FALSE,81.29,4652.27
,shoes,Home Decor,1157.83,TRUE,49.64,2000.11
,scarf,Books,1040.82,FALSE,69.23,3211.35
,watch,Toys,14.63,FALSE,10.16,246.38
,socks,Toys,373.41,FALSE,64.77,4583.93
,shirt,Electronics,3076.74,FALSE,30.96,494.22
,jacket,Sports Equipment,1370.71,FALSE,99.63,546.02
,belt,Books,2079.64,TRUE,14.07,448.91
,jacket,Sports Equipment,2877.41,FALSE,69.56,4292.62
,watch,Electronics,4083.5,FALSE,3.59,2509.22
,scarf,Clothing,1362.27,FALSE,36.01,1109.84
,socks,Sports Equipment,3085.39,FALSE,25.43,1544.75
,watch,Toys,2454.14,FALSE,35.94,3630.63
,belt,Books,880.1,TRUE,91.99,2569.35
,belt,Books,1491.19,FALSE,96.75,2657.34
,gloves,Clothing,209.48,FALSE,35.57,95.22
,hat,Electronics,95.77,FALSE,81.2,1948.35
,gloves,Electronics,3746.59,TRUE,40.74,1707.73
,socks,Electronics,1737.27,TRUE,83.33,4456.05
,belt,Home Decor,3446.96,TRUE,53.07,3752.97
,watch,Electronics,1744.51,FALSE,84.84,3595.06
,belt,Home Decor,3425.42,TRUE,21.1,1815.25
,gloves,Clothing,4601.15,TRUE,78.48,1473.18
,belt,Electronics,4012.3,FALSE,63.99,4693.09
,shoes,Sports Equipment,2719.04,TRUE,63.02,2825.15
,gloves,Clothing,3152.79,TRUE,50.87,4101.33
,belt,Toys,535.77,TRUE,71.99,1723.52
,hat,Sports Equipment,2726.92,FALSE,39.41,4918.25
,jacket,Clothing,2085.41,FALSE,25.95,3587.75
,socks,Toys,1373.23,FALSE,81.95,1752.95
,hat,Electronics,2524.85,FALSE,43.93,2680.24
,hat,Sports Equipment,3806.8,TRUE,25.42,1381.63
,watch,Home Decor,4012.15,TRUE,37.31,2022.56
,watch,Clothing,4267.47,FALSE,85.23,795.92
,hat,Electronics,2238.36,FALSE,75.38,679.32
,socks,Electronics,3309.99,FALSE,62.79,607.36
,belt,Home Decor,1433.03,FALSE,58.42,563.54
,hat,Sports Equipment,3996.41,FALSE,47.54,2061.91
,jacket,Clothing,442.81,TRUE,72.6,2332.29
,watch,Electronics,2311.98,FALSE,67.09,3857.56
,watch,Electronics,4654,TRUE,63.52,3159.02
,hat,Toys,2845.39,TRUE,77.85,1269.65
,jacket,Toys,3038.34,FALSE,21.16,3671.62
,watch,Sports Equipment,4875.51,TRUE,28.46,1798.53
,scarf,Electronics,1203,TRUE,76.01,4476.86
,watch,Toys,2666.01,FALSE,79.19,2717.9
,watch,Electronics,785.3,TRUE,53.36,360.73
,jacket,Clothing,4875.88,FALSE,29.18,4569.58
,shoes,Home Decor,2123.02,TRUE,61.03,2091.48
,shirt,Sports Equipment,3968.09,TRUE,5.84,2820.49
,pants,Toys,2422.01,FALSE,44.44,4710.1
,hat,Books,3927.36,TRUE,29.8,525.97
,shoes,Toys,3937.63,FALSE,95.47,3624.15
,hat,Clothing,679.88,FALSE,54.46,2360.22
,pants,Toys,4026.69,FALSE,68.77,3933.34
,shoes,Books,3449.96,FALSE,70.22,4865.35
,belt,Sports Equipment,237.53,TRUE,80.88,1774.72
,belt,Books,4643.43,FALSE,37.32,3066.65
,shirt,Home Decor,4370.19,TRUE,3.22,1730.71
,shoes,Electronics,2163.78,FALSE,93.95,2181.87
,socks,Toys,665.61,FALSE,81.65,139.38
,watch,Books,2952.13,TRUE,29.9,2755.55
,scarf,Clothing,2118.71,TRUE,59.07,4563.16
,watch,Books,1969.03,TRUE,70.17,568.89
,shoes,Sports Equipment,4908.13,TRUE,90.88,1141.21
,shoes,Clothing,1086.91,TRUE,68.75,941.55
,jacket,Toys,2251.41,FALSE,97.29,2056.81
,gloves,Home Decor,2661.55,TRUE,49.47,4085.83
,hat,Toys,3580.69,TRUE,12.37,2415.6
,gloves,Electronics,2716.89,TRUE,72.37,4177.21
,socks,Toys,4345.65,FALSE,16.22,2772.08
,watch,Sports Equipment,4810.95,TRUE,51.67,3231.71
,hat,Clothing,1173.57,TRUE,26.03,1488.84
,scarf,Electronics,3915.52,FALSE,7.23,4198.6
,watch,Electronics,847.3,FALSE,62.67,2631.13
,hat,Home Decor,3155.22,FALSE,11.54,4187.53
,socks,Sports Equipment,3026.31,TRUE,51.35,4094.13
,shoes,Toys,138.08,TRUE,60.55,2860.55
,pants,Electronics,2109.51,FALSE,78.51,3798.44
,socks,Clothing,1141.17,FALSE,23.45,1309.95
,scarf,Books,414.06,TRUE,9.74,4264.5
,scarf,Electronics,2233.51,FALSE,93.56,2359.7
,shoes,Electronics,2621.96,TRUE,48.36,2397.46
,watch,Books,4694.03,FALSE,60.65,4686
,hat,Sports Equipment,196.05,TRUE,83.97,3005.95
,hat,Clothing,428.64,TRUE,62.43,777.81
,shoes,Home Decor,738.3,TRUE,64.71,590.8
,hat,Home Decor,582.07,TRUE,72.64,2748.2
,gloves,Toys,1959.28,FALSE,19.34,3630.42
,watch,Home Decor,3808.94,TRUE,89.94,1790.31
,belt,Books,1136.62,FALSE,52.9,1165
,shirt,Home Decor,2471.47,TRUE,36.9,1608.44
,shoes,Toys,1433.29,FALSE,3.79,436.68
,jacket,Sports Equipment,1195.08,FALSE,41.97,2588.72
,shoes,Books,604.8,FALSE,46.62,32.28
,scarf,Clothing,1775.14,FALSE,96.59,627.79
,jacket,Books,3076.77,FALSE,65.84,2135.03
,watch,Toys,4640.42,FALSE,41.33,1041.73
,scarf,Clothing,2594.06,TRUE,24.8,625.81
,pants,Electronics,3368.54,FALSE,4.21,2107.6
,belt,Toys,4247.77,FALSE,91.23,3727.92
,gloves,Books,1158.86,TRUE,68.16,4272.97
,shirt,Sports Equipment,4912.07,TRUE,59.89,4540.89
,shirt,Clothing,3376.46,FALSE,0.69,3246.83
,scarf,Clothing,3238.87,TRUE,18.67,2005.39
,hat,Toys,388.67,TRUE,60.18,3269.71
,hat,Toys,2250.33,FALSE,12.63,1152.93
,pants,Clothing,2252.24,TRUE,35.24,4117.18
,jacket,Home Decor,4744.65,FALSE,29.71,4270.13
,shirt,Electronics,363.48,FALSE,0.15,967.93
,belt,Home Decor,124.7,FALSE,6.53,541.77
,socks,Home Decor,4143.24,FALSE,21.93,4279.6
,watch,Clothing,1309.29,FALSE,83.87,34.13
,shirt,Home Decor,3989.49,FALSE,5.31,4680.27
,socks,Electronics,2344.86,FALSE,54.07,4171.59
,scarf,Toys,4992.13,FALSE,14.69,4755.86
,belt,Books,2750.39,TRUE,43.75,772.19
,jacket,Electronics,3865.25,TRUE,59.37,1153.15
,gloves,Electronics,597.56,TRUE,47.12,4323.73
,shoes,Clothing,3940.64,FALSE,95.88,3015.94
,watch,Clothing,3005.99,FALSE,33.97,3855.47
,scarf,Clothing,2164.68,FALSE,94.94,162.19
,hat,Home Decor,1743.23,TRUE,25.08,1892.98
,shoes,Books,2338.87,FALSE,31.82,1375.35
,hat,Toys,3628.59,FALSE,89.14,838.36
,gloves,Toys,826.82,TRUE,75.99,3625.85
,pants,Electronics,3887.65,TRUE,67.31,2509.96
,shoes,Books,1071.92,FALSE,99.91,4739.05
,scarf,Home Decor,2609.39,TRUE,85.28,384.07
,socks,Home Decor,4680.43,TRUE,67.57,2397.92
,shoes,Clothing,2889.94,TRUE,25.56,4725.01
,socks,Books,1706.06,FALSE,36.02,1002.76
,jacket,Clothing,4585.86,FALSE,15.98,373.8
,belt,Books,1407.97,TRUE,61.64,2882.96
,gloves,Toys,2475.47,FALSE,58.58,1496.89
,hat,Toys,3969.06,FALSE,62.29,1839.84
,pants,Books,416.6,TRUE,21.97,3913.38
,belt,Sports Equipment,4786.18,FALSE,85.74,1134.1
,pants,Home Decor,4982.29,FALSE,0.96,4480.72
,socks,Books,4439.53,TRUE,16.23,108.67
,gloves,Toys,4362.3,TRUE,86.58,2074.23
,watch,Sports Equipment,4958.53,TRUE,84.13,2246.32
,scarf,Toys,662.89,TRUE,76.42,673.74
,hat,Sports Equipment,150.34,FALSE,11.16,4020.98
,belt,Clothing,1403.05,TRUE,92.94,1127.69
,socks,Electronics,3916.84,FALSE,99.17,3525.6
,belt,Toys,4179.17,TRUE,95.61,599.94
,gloves,Books,24.93,FALSE,2.57,1359.7
,watch,Clothing,2258.39,FALSE,0.43,124.08
,jacket,Home Decor,3202.55,FALSE,10.51,4606.14
,scarf,Electronics,2103.97,TRUE,87.1,1223.9
,pants,Sports Equipment,2095.17,TRUE,1.35,2815.83
,shoes,Sports Equipment,3230.19,TRUE,75.38,465.2
,jacket,Toys,501.04,FALSE,33.92,3768.83
,watch,Clothing,2519.27,FALSE,15.01,1371.95
,jacket,Books,4311.6,FALSE,39.23,4289.07
,shirt,Books,3968.69,TRUE,17.3,4961.06
,pants,Electronics,3482.64,TRUE,37.14,510.3
,gloves,Home Decor,3895.5,FALSE,88.36,4167.94
,pants,Home Decor,236.14,FALSE,82.44,826.53
,gloves,Sports Equipment,1875.88,FALSE,7.78,3480.16
,shirt,Clothing,1443.1,FALSE,32.53,765.53
,shoes,Home Decor,1105.34,FALSE,32.9,773.48
,shirt,Toys,2394.82,TRUE,6.27,2785.22
,socks,Toys,2416.58,FALSE,27.12,4078.18
,hat,Home Decor,3267.16,FALSE,19.93,3760.65
,jacket,Electronics,3025.92,TRUE,88.05,1927.23
,belt,Toys,2015.38,TRUE,56.41,4126.57
,pants,Clothing,3638.26,TRUE,15.4,4555.83
,hat,Toys,1607.8,FALSE,17.04,3482.5
,jacket,Clothing,4925.23,TRUE,78.82,1736.4
,hat,Clothing,3342.58,TRUE,31.39,3872.96
,hat,Clothing,2572.19,TRUE,60.44,1594.24
,scarf,Sports Equipment,2274.89,FALSE,16.81,3369.02
,gloves,Electronics,4237.34,TRUE,98.69,4839.59
,jacket,Sports Equipment,2643.1,FALSE,68.46,3084.17
,shoes,Electronics,765.3,TRUE,93.03,1855.86
,belt,Clothing,2003.86,TRUE,5.28,255.01
,jacket,Electronics,681.03,TRUE,76.34,2142.18
,jacket,Clothing,145.2,TRUE,33.19,2240.3
,watch,Books,3253.73,FALSE,26.61,2805.08
,shirt,Clothing,4354.54,TRUE,17.16,864.02
,jacket,Clothing,3306.56,FALSE,96.63,2296.4
,belt,Home Decor,4590.5,FALSE,97,49.45
,hat,Sports Equipment,4317.85,FALSE,6.04,1136.41
,socks,Clothing,2539.95,FALSE,87.9,3389.8
,shoes,Clothing,3403.31,FALSE,62.68,2740.78
,shirt,Sports Equipment,3332.19,TRUE,42.9,300.21
,pants,Clothing,3369.33,TRUE,60.45,3383.04
,gloves,Clothing,4701.82,TRUE,84.93,910.09
,socks,Toys,4946.54,FALSE,15.46,2935.9
,gloves,Home Decor,359.07,FALSE,89.14,2526.77
,pants,Books,2491.81,TRUE,10.02,3612.38
,watch,Home Decor,1340.73,FALSE,44.81,209.44
,hat,Toys,726.43,TRUE,78.4,4967.94
,hat,Electronics,1371.76,FALSE,74.96,3797.2
,pants,Sports Equipment,4488.03,TRUE,35.43,2258.97
,jacket,Clothing,2029.08,TRUE,40.93,3216.68
,gloves,Electronics,1762.55,FALSE,78.14,2427.91
,pants,Sports Equipment,2572.85,TRUE,48.13,1066.04
,belt,Home Decor,3402.95,FALSE,24.49,2617.6
,watch,Books,1149.05,TRUE,96.84,4550.61
,shoes,Electronics,1201.76,TRUE,97.09,692.7
,hat,Books,2887.66,TRUE,55.78,1551.94
,pants,Clothing,2669.19,TRUE,29.17,1329.23
,gloves,Books,2709.99,FALSE,30.18,48.5
,scarf,Electronics,4925.65,FALSE,50.14,2072.67
,shirt,Books,2607.34,FALSE,76.05,2007.39
,watch,Clothing,366.86,FALSE,45.92,4802.4
,belt,Sports Equipment,4029.63,FALSE,75.13,1199.54
,watch,Electronics,483.44,FALSE,43.96,2682.56
,socks,Sports Equipment,3634,FALSE,39.34,102.86
,belt,Books,1257.8,TRUE,7.75,1877.3
,socks,Electronics,583.71,TRUE,68.74,4258.14
,belt,Home Decor,756.3,FALSE,4.28,899.72
,belt,Home Decor,830.49,TRUE,78.34,1683.51
,watch,Sports Equipment,3801.61,FALSE,36.11,126.76
,jacket,Home Decor,1085.05,FALSE,16,503.19
,scarf,Toys,650.72,FALSE,50.43,2078.8
,shirt,Books,2574.63,TRUE,34.4,4248.76
,hat,Sports Equipment,68.11,FALSE,14.52,3198.2
,belt,Toys,1624.13,TRUE,90.83,1566.56
,belt,Electronics,311.44,FALSE,73.06,4820.87
,gloves,Toys,1857.39,FALSE,7.34,4354.95
,belt,Sports Equipment,4061.3,TRUE,99.33,3878.71
,belt,Home Decor,842.79,FALSE,86.09,553.13
,jacket,Clothing,4379.17,TRUE,97.24,1690.88
,jacket,Electronics,749.43,TRUE,92.83,3058.98
,hat,Toys,2316.03,TRUE,99.3,2165.52
,hat,Books,743.01,FALSE,27.78,1068.99
,scarf,Home Decor,3388.34,TRUE,19.53,651.74
,shoes,Toys,627.22,TRUE,22.31,3672.92
,shirt,Clothing,2040.09,FALSE,46.81,4650.41
,shirt,Sports Equipment,4541.67,FALSE,48.22,3208.83
,belt,Home Decor,3830,TRUE,2.05,105.76
,pants,Electronics,1421.68,TRUE,19.33,2573.43
,hat,Toys,3310.02,FALSE,48.41,2407.28
,shirt,Toys,3113.4,TRUE,34.36,4322.15
,hat,Electronics,3891.33,TRUE,55.17,3153.65
,pants,Toys,435.25,FALSE,93.9,2961.5
,gloves,Toys,2271.63,FALSE,29.8,442.42
,belt,Electronics,2064.35,TRUE,18.34,2313.41
,jacket,Toys,1163.48,FALSE,33.83,4462.59
,gloves,Sports Equipment,249.66,TRUE,61.29,3618.05
,hat,Books,1255.76,FALSE,63.52,1854.83
,gloves,Sports Equipment,4854.12,TRUE,23.25,2330.45
,socks,Sports Equipment,4629.6,TRUE,25.94,2551.78
,shoes,Sports Equipment,20.51,FALSE,30.18,4432.95
,scarf,Books,4761.16,FALSE,26.17,4970.98
,shoes,Electronics,1693.82,TRUE,97.45,973.7
,belt,Clothing,1433.29,FALSE,98.08,1857.61
,shirt,Sports Equipment,363.52,FALSE,41.26,2737.86
,pants,Clothing,1020.96,TRUE,61.32,4398.94
,watch,Electronics,1765.27,TRUE,67.64,444.61
,shirt,Sports Equipment,4663.15,TRUE,14.88,1239.83
,shirt,Books,4606.06,FALSE,44.01,2183.85
,scarf,Electronics,303.53,FALSE,39.35,3838.47
,jacket,Home Decor,4051.77,TRUE,1.58,2657.4
,shirt,Electronics,3468.2,TRUE,37.72,323.97
,shirt,Toys,444.81,TRUE,28.66,628.95
,watch,Toys,2344.17,TRUE,43.82,4963.11
,pants,Sports Equipment,3629.75,FALSE,57.04,4374.96
,watch,Sports Equipment,4681.57,FALSE,43.83,4471.54
,scarf,Clothing,249.03,TRUE,42.23,4249.87
,belt,Clothing,2091.72,TRUE,31.66,2648.04
,hat,Books,2973.47,FALSE,83.93,2283.65
,scarf,Clothing,2023.95,FALSE,94.75,2140.93
,gloves,Clothing,602.09,FALSE,77.06,4699.17
,hat,Toys,160.28,TRUE,72.03,1512.53
,jacket,Books,128.59,FALSE,91.9,1011.1
,shoes,Sports Equipment,3284.27,FALSE,96.12,1678.78
,belt,Clothing,1241,FALSE,76.99,4225.7
,shirt,Sports Equipment,2475.27,FALSE,58.44,4411.88
,gloves,Toys,4706.6,FALSE,35.8,3606.24
,scarf,Toys,4442.25,FALSE,38.16,3544.62
,jacket,Home Decor,704.22,TRUE,73.73,524.87
,jacket,Clothing,3982.8,FALSE,39.26,1917.06
,shirt,Home Decor,4898.01,TRUE,22.46,4545.84
,belt,Clothing,3921.77,FALSE,52.71,4444.88
,socks,Books,2301.88,FALSE,37.36,27.15
,scarf,Toys,3944.57,FALSE,17.16,4744.68
,shirt,Books,1215.37,FALSE,82.83,4667.29
,scarf,Toys,1547.89,TRUE,25.51,3233.28
,socks,Toys,2215.63,TRUE,27.52,853.84
,scarf,Electronics,715.48,TRUE,13.43,3152.94
,gloves,Electronics,4274.1,FALSE,5.27,3644.04
,gloves,Clothing,418.75,FALSE,91.28,1289.46
,hat,Clothing,1523.65,TRUE,9.43,394.49
,hat,Home Decor,3937.84,FALSE,10.63,1397.64
,shirt,Clothing,2102.77,FALSE,73.78,767.03
,pants,Toys,2166.24,FALSE,63.54,1204.72
,shirt,Electronics,2809.41,FALSE,55.14,3519.36
,shirt,Sports Equipment,4439.83,FALSE,43.27,1192.37
,shirt,Books,2573.66,FALSE,28.92,4113.56
,scarf,Books,2134.06,TRUE,7.85,2111
,hat,Clothing,1134.51,TRUE,61.83,861.78
,socks,Electronics,1258.17,TRUE,48.61,4931.06
,belt,Sports Equipment,1662.17,FALSE,60.38,2709.24
,belt,Electronics,3253.59,FALSE,29.18,2323.31
,pants,Sports Equipment,2819.8,FALSE,58.93,2359.12
,jacket,Home Decor,965.65,FALSE,90.92,2862.72
,pants,Electronics,1942.46,TRUE,1.91,4959.96
,pants,Toys,4647.3,TRUE,32.21,4360.46
,gloves,Electronics,1671.06,FALSE,41.04,1202.65
,pants,Books,1803.99,TRUE,37.9,3681.09
,belt,Sports Equipment,2879.57,FALSE,10.07,1746.42
,socks,Home Decor,2451.83,FALSE,89.04,3703.96
,pants,Books,4338.19,FALSE,85.34,1963.71
,belt,Books,1217.87,FALSE,74.44,3823.26
,gloves,Books,3047.38,TRUE,4.73,4975.39
,shoes,Home Decor,3381.13,TRUE,82.64,4249.96
,shirt,Books,4695.98,TRUE,17.86,3267.21
,socks,Home Decor,593.81,FALSE,82.13,4434.3
,hat,Toys,1611.12,TRUE,53.39,4461.07
,scarf,Clothing,1849.3,TRUE,57.01,3751.59
,scarf,Electronics,256.62,FALSE,51.46,1845.28
,shoes,Clothing,125.16,FALSE,80.16,4577.87
,belt,Clothing,1237.21,FALSE,38.23,461.76
,shirt,Sports Equipment,2975.47,FALSE,77.86,3581.56
,hat,Home Decor,1464.59,FALSE,91.26,355.36
,watch,Toys,4992.11,TRUE,40.97,2623.92
,watch,Toys,3666.23,TRUE,49.34,4399.8
,scarf,Home Decor,1460.84,TRUE,43.5,3242.73
,pants,Books,1502.69,FALSE,86.25,2198.23
,shirt,Clothing,4866.5,TRUE,12.86,607.93
,hat,Sports Equipment,1754.54,FALSE,67.54,3612.83
,scarf,Clothing,1932.65,TRUE,33.69,1104.01
,watch,Clothing,3382.17,TRUE,29.11,2262.19
,pants,Books,2133.94,TRUE,62.31,1548.81
,shirt,Clothing,4684.44,FALSE,50.07,4120.03
,hat,Home Decor,4621.37,FALSE,1.4,1617.28
,hat,Books,4668.91,TRUE,66.32,3127.76
,watch,Sports Equipment,3909.02,TRUE,10.58,4476.9
,jacket,Clothing,1429.16,FALSE,85.51,1339.04
,jacket,Sports Equipment,1270.53,FALSE,89.06,2592.22
,shirt,Toys,2825.73,TRUE,53.19,3705.76
,scarf,Books,3369.27,TRUE,53.16,1982.03
,socks,Home Decor,4385.61,FALSE,78.88,331.08
,watch,Books,1671.94,FALSE,89.39,3354.39
,hat,Books,3279.72,FALSE,69.03,4932.85
,hat,Electronics,1955.94,FALSE,20.09,4291.48
,shirt,Sports Equipment,102.3,TRUE,20.01,434.28
,hat,Sports Equipment,2974.23,FALSE,98.36,3805.77
,jacket,Electronics,1620.23,FALSE,93.93,446.9
,shoes,Clothing,2668.26,TRUE,86.18,1670.62
,shirt,Books,503.12,FALSE,47.16,303.63
,gloves,Clothing,963.47,TRUE,24.72,83.79
,shoes,Clothing,228.5,FALSE,40.95,3813.12
,shoes,Electronics,1437.33,FALSE,1.13,4255.04
,socks,Electronics,1272.29,TRUE,35.75,4997.51
,shirt,Home Decor,1454.13,TRUE,19.97,197.32
,gloves,Clothing,2657.43,TRUE,31.69,387.85
,shoes,Books,2743.98,TRUE,89.8,3145.87
,jacket,Home Decor,3733.22,TRUE,98.88,4172.94
,socks,Sports Equipment,4713.07,TRUE,4.24,50.28
,watch,Home Decor,2449.64,TRUE,46.02,2413.82
,shoes,Sports Equipment,2707.84,FALSE,86.35,1115.42
,gloves,Home Decor,3899.63,TRUE,24.65,1565.5
,jacket,Sports Equipment,4615.28,TRUE,88.85,301.42
,belt,Toys,2070.48,TRUE,28.7,3970.85
,socks,Books,1755.61,FALSE,71.57,754.69
,watch,Clothing,2558.31,TRUE,83.44,1161.56
,shirt,Toys,1833.41,FALSE,84.24,4114.37
,scarf,Clothing,3216.61,TRUE,52.96,2560.84
,pants,Home Decor,4609.64,FALSE,94.69,4295.96
,scarf,Home Decor,2265.79,FALSE,71.25,155.97
,belt,Sports Equipment,1919.78,FALSE,55.79,2829.66
,gloves,Books,3477.36,FALSE,7.71,2057.43
,shoes,Home Decor,4333.92,TRUE,35.69,84.26
,scarf,Books,2189.65,FALSE,85.42,4699.56
,scarf,Toys,2973.85,TRUE,24.77,4562.16
,socks,Home Decor,4889.11,TRUE,67.83,1887.98
,jacket,Toys,30.9,FALSE,70.22,4228.18
,gloves,Books,4808.81,TRUE,84.75,4366.51
,hat,Clothing,4839.42,FALSE,34.69,567.89
,hat,Clothing,151.32,TRUE,7.43,4929.77
,pants,Electronics,3096.38,TRUE,21.34,4044.62
,pants,Home Decor,4406.25,FALSE,92.85,543.85
,jacket,Clothing,892.9,FALSE,90.94,3609.6
,jacket,Books,66.33,TRUE,39.11,2302.62
,socks,Home Decor,296.39,FALSE,95.7,1761.11
,shirt,Books,3176.68,TRUE,67.26,3337.79
,watch,Electronics,4278.13,FALSE,24.22,3290
,gloves,Toys,4914.43,TRUE,27.18,3708.93
,belt,Clothing,3167.32,FALSE,56.31,297.46
,jacket,Electronics,4019.16,TRUE,21.4,307.57
,scarf,Home Decor,1969.46,TRUE,39.81,2144.95
,gloves,Toys,1143.38,FALSE,94.12,186.74
,gloves,Electronics,422.53,TRUE,13.65,1928.05
,belt,Electronics,320.17,TRUE,1.85,2488
,watch,Toys,138.36,TRUE,91.57,119.82
,watch,Home Decor,3931.59,FALSE,81.14,4790.98
,pants,Toys,1736.93,TRUE,98.83,4412.02
,shoes,Sports Equipment,491.85,FALSE,51.02,4467.91
,jacket,Clothing,4484.97,FALSE,7.34,3867.16
,socks,Sports Equipment,3075,TRUE,7.75,1554.68
,shoes,Clothing,2544.17,TRUE,60.78,4317.76
,scarf,Sports Equipment,2141.13,FALSE,63.69,3723.16
,scarf,Electronics,3428.65,FALSE,84.09,2134.39
,socks,Home Decor,2308.29,TRUE,62.5,445.19
,hat,Sports Equipment,4471.81,TRUE,85.92,1032.03
,scarf,Clothing,264.8,FALSE,12.35,3187.56
,shirt,Books,1772.66,FALSE,40.93,564.27
,watch,Toys,1810.33,FALSE,46.64,3880.36
,watch,Clothing,1241.73,FALSE,80.34,4304.88
,shirt,Electronics,781.58,FALSE,82.58,2311.32
,socks,Books,4363.32,TRUE,25.23,2329.22
,jacket,Clothing,2080.8,TRUE,49.99,2410.03
,scarf,Sports Equipment,4601.43,TRUE,46.23,568.77
,scarf,Sports Equipment,4029.2,FALSE,29.52,4418.51
,hat,Clothing,1919.76,FALSE,22.96,3369.29
,shirt,Sports Equipment,2867.43,FALSE,64.28,3984.04
,gloves,Electronics,1709.97,FALSE,73.13,1587.38
,jacket,Home Decor,3180.48,TRUE,6.95,3877.42
,gloves,Sports Equipment,495.13,FALSE,17.03,955.73
,belt,Toys,1719.29,FALSE,70.41,225.93
,pants,Electronics,2564.31,FALSE,57.23,4721.35
,belt,Toys,4661.29,TRUE,8.07,647.41
,belt,Toys,2403.58,FALSE,19.18,733.68
,belt,Toys,4386.22,TRUE,31.98,1037.29
,socks,Sports Equipment,3017.07,FALSE,26.77,2196.69
,jacket,Sports Equipment,667.31,FALSE,58.57,3700.2
,scarf,Books,2782.6,TRUE,63.12,4439.58
,pants,Electronics,1849.82,FALSE,62.52,934.41
,watch,Toys,2070.3,TRUE,52.71,1045.13
,socks,Books,1853.3,TRUE,32.38,22.87
,shoes,Clothing,2193.21,TRUE,83.87,2772.56
,hat,Electronics,1661.75,FALSE,78.11,1193.31
,hat,Toys,4421.04,FALSE,52.33,4761.85
,shoes,Home Decor,112.25,TRUE,40.21,4106.88
,pants,Sports Equipment,4970.46,FALSE,66.26,1482.2
,scarf,Clothing,4680.93,FALSE,68.44,2745.87
,jacket,Home Decor,2163.39,FALSE,84.52,3822.26
,scarf,Books,3895.72,TRUE,52.45,945.91
,belt,Clothing,1109.02,FALSE,94.7,1918.22
,watch,Home Decor,3556.04,FALSE,82.35,1192.23
,shoes,Clothing,4826.4,FALSE,15.52,849.73
,socks,Home Decor,4063.16,TRUE,43.59,235.2
,scarf,Electronics,1575.41,TRUE,2.75,2728.79
,hat,Sports Equipment,4299.33,FALSE,55.84,2357.12
,shoes,Sports Equipment,4716.79,TRUE,25.89,4453.18
,pants,Books,945.71,FALSE,95.87,1055.73
,scarf,Home Decor,124,FALSE,89.56,4992.11
,gloves,Sports Equipment,3425.05,FALSE,17.45,4303.87
,jacket,Home Decor,3927.19,TRUE,45.26,2691.1
,hat,Sports Equipment,4262.22,TRUE,3.33,3349.86
,shoes,Electronics,4328.29,FALSE,78.73,4084.87
,hat,Home Decor,1793.87,FALSE,13.85,4622.18
,belt,Electronics,945.02,FALSE,65.45,3844.71
,pants,Electronics,2834.82,TRUE,19.3,4109.23
,hat,Toys,2713.31,FALSE,50.42,508.1
,shirt,Toys,3391.41,TRUE,96.88,4043.17
,hat,Toys,3626.45,FALSE,44.53,2777.92
,hat,Electronics,562.68,FALSE,30.15,1453.98
,pants,Electronics,4063.27,FALSE,6.69,19.43
,pants,Home Decor,2746.52,TRUE,84.04,2090.52
,belt,Clothing,235.19,TRUE,69.16,697.55
,watch,Home Decor,1534.76,FALSE,14.96,4713.99
,shirt,Sports Equipment,3957.17,TRUE,63.32,4555.96
,jacket,Home Decor,2052.33,FALSE,89.62,3737.16
,hat,Sports Equipment,4226.16,TRUE,31.27,3430.41
,socks,Home Decor,2810.1,TRUE,47.68,3207.29
,watch,Clothing,4539.77,FALSE,5.52,2977.7
,jacket,Sports Equipment,2768.16,TRUE,53.46,3189.82
,hat,Sports Equipment,4945.55,TRUE,0.98,4238.68
,gloves,Toys,2017.15,TRUE,14.16,4685.4
,shirt,Toys,4115.81,FALSE,38.3,2144.5
,hat,Books,4916.02,FALSE,66.84,4405.13
,gloves,Sports Equipment,3466.9,TRUE,34.63,2201.69
,scarf,Home Decor,3962.32,FALSE,92.71,3260.45
,gloves,Clothing,3174.44,FALSE,71.4,1436.95
,gloves,Home Decor,4409.36,TRUE,99.37,222.52
,scarf,Electronics,3797.42,FALSE,3.41,1524.48
,hat,Electronics,3550.91,TRUE,57.34,424.93
,shoes,Electronics,67.75,TRUE,34.78,4613.3
,jacket,Clothing,320.46,FALSE,90.21,1758.89
,pants,Toys,189.67,FALSE,85.36,4330.21
,socks,Electronics,4209.71,TRUE,45.43,3185.44
,belt,Home Decor,2408.39,FALSE,21.61,2580.09
,shirt,Toys,2908.83,FALSE,52.07,1711.11
,pants,Electronics,3712.03,TRUE,98.99,2304.07
,watch,Toys,543.94,TRUE,89.73,4803.86
,watch,Sports Equipment,595.76,FALSE,15.46,1199.55
,shirt,Home Decor,3360.85,TRUE,73.94,3097.24
,watch,Home Decor,3186.67,TRUE,48.05,4124.05
,belt,Home Decor,2130.57,FALSE,40,140.22
,gloves,Clothing,4130.06,FALSE,77.53,3835.17
,watch,Electronics,4044.76,TRUE,92.83,4932.34
,jacket,Electronics,3845.14,FALSE,51.06,3691.95
,watch,Books,256.33,FALSE,70.39,2358.79
,belt,Books,1966.6,TRUE,64.49,3691.31
,shirt,Electronics,1058.26,TRUE,78.85,2095.01
,jacket,Books,2111.55,FALSE,23.71,3864.69
,belt,Toys,3549.98,FALSE,66.57,1231.16
,shirt,Toys,780.3,TRUE,92.31,2115.67
,belt,Sports Equipment,4039.66,FALSE,2.17,3281.58
,shoes,Books,3606.23,FALSE,33.72,4980.35
,socks,Books,2199.33,TRUE,8.65,2215.85
,belt,Toys,3104.32,TRUE,4.3,3830.74
,scarf,Books,2460.09,TRUE,83.36,28.72
,watch,Sports Equipment,4976.26,TRUE,40.57,1905.52
,shoes,Clothing,1190.84,TRUE,86.45,599.16
,gloves,Electronics,3253.74,FALSE,96.43,1146.29
,watch,Electronics,4988.67,FALSE,47.05,1408.46
,gloves,Home Decor,1221.16,TRUE,99.35,4042.81
,pants,Home Decor,3327.35,TRUE,19.54,4883.41
,shirt,Electronics,2849.85,TRUE,97.74,1135.25
,watch,Clothing,4557.39,FALSE,10.44,1387.65
,watch,Sports Equipment,4593.71,TRUE,57.75,291.01
,shoes,Home Decor,2487.73,TRUE,42.08,4688.75
,hat,Clothing,1689.59,FALSE,69.57,2720.99
,belt,Home Decor,1304.77,TRUE,67.77,1182.79
,jacket,Clothing,3178.82,FALSE,98.86,1166.07
,watch,Books,4319.51,TRUE,70.57,1414.99
,belt,Clothing,3720.92,TRUE,36.72,2225.85
,scarf,Toys,2638,FALSE,22.38,3074.24
,hat,Toys,4440.34,FALSE,88.39,3003.85
,gloves,Toys,2673.2,FALSE,93.05,835.01
,shoes,Books,3231.24,FALSE,65.53,4068.65
,belt,Toys,130.34,FALSE,4.92,4555.25
,socks,Electronics,4671.21,FALSE,44.05,2468.12
,shirt,Electronics,2046.92,TRUE,30.71,1863.5
,shoes,Toys,2473.1,TRUE,77.44,2472.32
,shoes,Sports Equipment,744.22,TRUE,78.1,1598.97
,belt,Electronics,2955.13,TRUE,59.91,1822.05
,shoes,Home Decor,1849.5,FALSE,31.21,1913.61
,belt,Toys,906.92,FALSE,47.05,3566.83
,socks,Books,2003.13,TRUE,75.29,3245.07
,hat,Books,2438.84,FALSE,71.39,863.74
,pants,Home Decor,1936.02,FALSE,62.63,1601.62
,pants,Books,1672.63,TRUE,44.66,2378.31
,socks,Clothing,1248.03,TRUE,64.19,3094.57
,pants,Clothing,4620.37,FALSE,82.84,4157.17
,scarf,Electronics,934.03,FALSE,54.46,4437.84
,socks,Books,262.57,TRUE,68.1,2421.5
,socks,Books,3624.8,FALSE,58.23,1255.28
,watch,Home Decor,3976.46,FALSE,83.11,2012.45
,hat,Books,86.42,TRUE,21.3,2617.1
,pants,Home Decor,2631.37,FALSE,67.88,1120.91
,socks,Books,2351.94,FALSE,18.23,2304.42
,watch,Clothing,1949.27,TRUE,97.03,2740.46
,socks,Books,2557.78,FALSE,66.68,1788.46
,jacket,Home Decor,3987.6,TRUE,0.19,4075.34
,shoes,Sports Equipment,790.98,TRUE,64.28,2479.72
,jacket,Clothing,156.78,TRUE,17.55,2952.37
,gloves,Clothing,2225.54,TRUE,51.19,3676.1
,watch,Electronics,3544.35,TRUE,45.39,916.59
,gloves,Toys,4296.57,TRUE,35.04,4251.46
,scarf,Toys,856.79,TRUE,58.03,3687.15
,scarf,Clothing,2076.22,FALSE,91.69,860.71
,socks,Toys,2242.16,FALSE,86.97,2966.65
,socks,Books,2776.48,TRUE,26.67,4257.81
,gloves,Electronics,3015.79,TRUE,13.58,4802.19
,shoes,Books,446.91,FALSE,16.69,1605.5
,hat,Electronics,2113.55,FALSE,27.55,2674.96
,watch,Electronics,2394.38,TRUE,18.29,1130.72
,scarf,Toys,2799.21,FALSE,10.54,877.67
,shoes,Sports Equipment,1676.99,TRUE,83.17,1500.15
,scarf,Toys,1394.27,TRUE,51.17,3975.97
,shoes,Books,2627.53,TRUE,47.86,873.79
,hat,Clothing,1532.39,TRUE,71.17,1339.27
,watch,Toys,2137.57,FALSE,70.65,1988.13
,belt,Toys,1933.39,FALSE,81.82,4154.72
,scarf,Home Decor,2556.07,TRUE,23.85,1017.27
,scarf,Books,3529.66,FALSE,64.1,124.86
,belt,Toys,1112.46,TRUE,48.53,4746.21
,pants,Clothing,318.3,FALSE,79.91,2214.57
,jacket,Toys,62.63,FALSE,79.4,1188.5
,gloves,Books,2465.63,FALSE,14.98,3312.18
,shoes,Books,2759.11,TRUE,39.58,2993.16
,scarf,Home Decor,1070.69,TRUE,0.68,3151.57
,scarf,Electronics,4638.97,FALSE,79.61,2115.52
,scarf,Electronics,4958.22,TRUE,26.47,2543.7
,gloves,Home Decor,2394.37,FALSE,83.6,1737.57
,watch,Books,1098.23,TRUE,42.12,2194.62
,belt,Books,649.65,FALSE,63.89,4848.73
,scarf,Home Decor,4895.14,FALSE,18.61,3569.37
,socks,Books,292.35,FALSE,45.37,1329.86
,pants,Toys,2223.22,TRUE,83.25,2604.77
,scarf,Electronics,880.26,TRUE,22.52,2429.08
,belt,Home Decor,3531.69,FALSE,0.7,1591.12
,shirt,Electronics,2166.7,TRUE,49.78,3614.24
,shirt,Sports Equipment,3217.63,FALSE,74.48,147.42
,socks,Clothing,4386.54,FALSE,25.14,1887.97
,shoes,Toys,2302.44,FALSE,53.66,131.57
,scarf,Toys,4987.56,TRUE,47.61,1684.57
,scarf,Books,4926.19,FALSE,26.16,2711.04
,socks,Clothing,4171.64,FALSE,5.01,2310.5
,gloves,Home Decor,3219.74,FALSE,2.88,136.17
,scarf,Electronics,2530.35,FALSE,92.76,2622.34
,jacket,Clothing,1174.11,FALSE,20.55,3387.63
,belt,Home Decor,1305.58,FALSE,10.11,4121.87
,watch,Toys,4502.66,TRUE,40.56,2649.25
,watch,Toys,2154.83,FALSE,87.3,2129.04
,shoes,Toys,1863.32,TRUE,77.22,3654.91
,gloves,Sports Equipment,4856.89,TRUE,83.58,751.51
,pants,Electronics,1327.01,TRUE,57.54,629.21
,watch,Home Decor,1913.83,TRUE,30.54,2851.41
,gloves,Clothing,186.28,TRUE,65.59,2638.08
,gloves,Books,3147.58,TRUE,41.66,1528.76
,socks,Sports Equipment,1903.44,FALSE,38.57,1373.94
,watch,Home Decor,581.85,TRUE,26.5,2341.24
,scarf,Clothing,2765.64,FALSE,17.52,2615.47
,hat,Sports Equipment,697.25,FALSE,89.7,1607.71
,watch,Sports Equipment,1263.45,FALSE,29.23,4107.01
,watch,Clothing,2619.87,TRUE,47.31,1358.26
,jacket,Toys,1460.04,FALSE,71.54,229.24
,watch,Sports Equipment,4997.55,FALSE,41.88,2967.93
,watch,Sports Equipment,2887.37,FALSE,20.99,4612.61
,watch,Home Decor,1112.08,FALSE,7.36,2389.13
,jacket,Toys,3244.67,TRUE,42.61,2723.85
,hat,Books,2061.22,FALSE,48.11,1337.86
,belt,Toys,3682.61,FALSE,96.29,2393.44
,jacket,Clothing,4790.12,FALSE,69.71,286.92
,hat,Sports Equipment,243.66,FALSE,93.16,552.81
,shirt,Clothing,1771.67,FALSE,90.53,1134.08
,shirt,Home Decor,3542.37,TRUE,3.39,285.06
,gloves,Home Decor,2412.28,TRUE,82.57,758.61
,hat,Books,3509.16,TRUE,71.13,2923
,jacket,Toys,3953.63,FALSE,25.69,3590.47
,shoes,Clothing,1300.19,TRUE,67.94,2251.06
,belt,Toys,3145.61,TRUE,95.02,2340.47
,belt,Sports Equipment,606.62,FALSE,82.26,4961.52
,shoes,Home Decor,2915.96,FALSE,90.34,2540.11
,gloves,Electronics,2840.16,FALSE,95.95,1346.53
,belt,Electronics,324.86,FALSE,35.62,1132.19
,watch,Home Decor,1559.38,TRUE,97.24,2342.96
,gloves,Sports Equipment,2308.48,TRUE,99.99,1043.63
,socks,Home Decor,3306.4,TRUE,57.97,455.47
,shirt,Books,1562.5,TRUE,90.33,152.53
,jacket,Books,530.95,FALSE,85.27,344.45
,jacket,Electronics,983.73,TRUE,94.02,3386.73
,hat,Electronics,2601.11,TRUE,1.93,4420.38
,shirt,Clothing,3897.63,TRUE,14.7,1043.95
,belt,Toys,1316.56,FALSE,15.57,149.64
,socks,Home Decor,201.52,TRUE,8.26,2317.6
,hat,Sports Equipment,1588.5,FALSE,44.33,2016.05
,jacket,Sports Equipment,4776.54,TRUE,92.38,3959.02
,watch,Toys,4220.26,FALSE,3.35,3809.12
,belt,Books,3829.4,TRUE,21.67,3662.6
,pants,Electronics,4763.69,TRUE,1.74,3865.57
,shirt,Electronics,1124.58,TRUE,57.96,2243.41
,shoes,Sports Equipment,2916.25,FALSE,13.01,3818.03
,socks,Clothing,4119.96,TRUE,98.28,1992.32
,hat,Toys,3161.57,TRUE,53.22,1381.42
,scarf,Books,3137.3,FALSE,98.83,2859.87
,socks,Books,940.52,FALSE,73.64,1268.12
,watch,Home Decor,4308.22,FALSE,81.4,1450.21
,gloves,Electronics,4971.22,FALSE,87.66,111.92
,watch,Home Decor,885.14,TRUE,77.09,1821.02
,hat,Electronics,4933.08,FALSE,48.43,1368.6
,belt,Toys,3310.17,FALSE,51.95,4352.49
,socks,Clothing,4255.1,FALSE,66.24,4900.25
,hat,Clothing,2389.68,TRUE,26.28,903.39
,scarf,Home Decor,2805.88,TRUE,81.36,1303.66
,scarf,Sports Equipment,2629.4,FALSE,30.9,244.23
,gloves,Home Decor,3974.17,FALSE,71.24,1758.44
,jacket,Sports Equipment,2302.61,FALSE,68.78,210.08
,hat,Books,3827.13,TRUE,74.65,1536.27
,belt,Books,2262.44,TRUE,62.88,3529.63
,scarf,Books,4125.98,TRUE,16.36,596.1
,pants,Clothing,2930.36,FALSE,47.94,4413.21
,scarf,Clothing,2103.06,TRUE,28.16,1589.72
,pants,Toys,3229.8,TRUE,21.22,4964.06
,socks,Clothing,120,FALSE,83.8,1121.9
,jacket,Clothing,4880.44,TRUE,7.76,2343.95
,watch,Toys,4883.87,FALSE,83.74,4392.36
,shoes,Toys,3237.53,FALSE,94.17,3215.69
,jacket,Clothing,1919.79,FALSE,39.25,4072.68
,gloves,Sports Equipment,3387.74,FALSE,19.46,4288.2
,shirt,Sports Equipment,2138.71,FALSE,75.54,716.79
,scarf,Home Decor,3923.1,TRUE,84.47,4846.33
,jacket,Toys,2142.2,FALSE,3.8,4560.37
,belt,Electronics,4450.07,TRUE,67.64,4682.59
,scarf,Books,1395.19,FALSE,28.06,1713.35
,socks,Clothing,540.1,TRUE,19.86,4949.64
,belt,Toys,2424.85,TRUE,71.3,2225.44
,scarf,Clothing,609.86,TRUE,47.78,4926.4
,hat,Books,186.69,FALSE,57.29,3041.62
,jacket,Home Decor,2317.13,TRUE,57.55,1774.46
,scarf,Books,2566.17,FALSE,95.02,3132.55
,watch,Clothing,1536.44,FALSE,50.15,156.87
,scarf,Electronics,3587.09,FALSE,31.82,3224.39
,pants,Electronics,2193.16,FALSE,20.85,3680.82
,socks,Electronics,128.68,TRUE,62.69,283.49
,scarf,Clothing,4961.73,FALSE,62.68,4521.31
,watch,Home Decor,2331.6,FALSE,67.87,4599.73
,watch,Clothing,4457.26,TRUE,99.66,2115.22
,socks,Books,518.93,FALSE,8.32,4108.95
,hat,Sports Equipment,389.47,TRUE,82.68,2653.25
,watch,Home Decor,4001.79,FALSE,85.8,1191.68
,pants,Electronics,3852.45,FALSE,46.78,1507.14
,gloves,Home Decor,1158.62,TRUE,22.93,3149.91
,hat,Books,2910.76,TRUE,36.34,1096.62
,shoes,Toys,3462.83,TRUE,3.28,3885.96
,pants,Clothing,3923.66,TRUE,29.66,3858.49
,pants,Sports Equipment,4882.86,TRUE,31.57,4730.29
,shirt,Toys,626.65,TRUE,47.79,4444.36
,socks,Books,2646.58,FALSE,99.54,1050.08
,shoes,Clothing,2457.01,FALSE,94.54,650.31
,belt,Sports Equipment,4220.32,FALSE,90.86,2089.78
,socks,Sports Equipment,2929.3,FALSE,18.52,1050.8
,hat,Home Decor,4374.21,FALSE,99.38,715.34
,gloves,Electronics,1454.19,FALSE,91.45,4216.78
,shirt,Books,1197.39,TRUE,48.77,1559.9
,gloves,Electronics,3956.31,FALSE,14.27,4825.1
,hat,Clothing,844.14,FALSE,86.87,1239.23
,hat,Books,320.29,TRUE,41.29,216.93
,socks,Books,4027.53,TRUE,23.52,4993.09
,belt,Home Decor,1481.99,TRUE,74.22,3334.37
,gloves,Books,1223.36,TRUE,57.95,1522.91
,jacket,Sports Equipment,2278.01,TRUE,90.97,211.62
,belt,Sports Equipment,965.84,TRUE,77.1,135.72
,hat,Electronics,3037.77,TRUE,36.26,2159.24
,socks,Toys,2608.45,FALSE,80.15,1775.93
,watch,Home Decor,2768.46,FALSE,25.12,4354.63
,scarf,Electronics,2994.9,TRUE,41.16,1038.12
,shoes,Books,2072.94,FALSE,54.88,2450.13
,pants,Toys,3780.56,FALSE,37.16,270.1
,scarf,Sports Equipment,256.18,FALSE,34.98,687.28
,belt,Sports Equipment,1152.84,TRUE,58.4,2493.63
,shirt,Sports Equipment,4490.35,TRUE,39.76,4977.13
,socks,Toys,3891.97,TRUE,27.42,2095.03
,socks,Sports Equipment,4794.83,FALSE,68.63,3277.36
,shoes,Electronics,3323.31,TRUE,2.49,3601.76
,belt,Home Decor,2429.53,TRUE,35.56,4911.37
,gloves,Books,1674.39,FALSE,56.38,2544.13
,belt,Clothing,1970.52,FALSE,76.3,475.88
,shoes,Home Decor,1080.75,TRUE,25.05,2952.2
,scarf,Clothing,333.3,FALSE,84.06,1650.53
,scarf,Books,2527.56,TRUE,4.8,869.16
,hat,Sports Equipment,2941.91,TRUE,78.94,1036.14
,jacket,Toys,4395.16,FALSE,81.39,4487.15
,pants,Home Decor,2585.64,FALSE,52.27,119.63
,gloves,Sports Equipment,4810.88,FALSE,75.1,405.56
,jacket,Books,1561.49,FALSE,93.09,2326.01
,pants,Books,1857.04,TRUE,89.6,2529.32
,shirt,Toys,4890.74,FALSE,45.13,3290.65
,gloves,Home Decor,4849.57,TRUE,2.24,2354.31
,pants,Electronics,2269.56,TRUE,48.06,4060.34
,shoes,Home Decor,1040.35,FALSE,40.33,1052.54
,hat,Electronics,2772.62,TRUE,89.25,4313.9
,scarf,Home Decor,572.65,FALSE,12.23,3092.43
,hat,Home Decor,1564.53,TRUE,13.17,3531.72
,pants,Toys,1305.02,FALSE,86.02,1861.32
,shoes,Toys,1491.62,TRUE,70.35,4833.59
,scarf,Clothing,3307.32,TRUE,77.17,2019.55
,shirt,Home Decor,3266.93,FALSE,29.78,2654.61
,hat,Home Decor,2206.69,FALSE,36.75,1662.1
,shoes,Clothing,1427.41,TRUE,44.41,4344.4
,socks,Toys,2552.23,FALSE,78.59,2142.91
,gloves,Books,957.57,FALSE,45.29,3832.31
,watch,Electronics,850.47,FALSE,61.58,3463.28
,scarf,Electronics,4229.6,FALSE,24.1,152.86
,socks,Toys,3245.15,TRUE,83.11,1366.75
,hat,Books,1128.68,TRUE,75.82,1818.74
,jacket,Clothing,1023,TRUE,8.03,3149.86
,hat,Books,1004.34,FALSE,18.59,4884.7
,socks,Home Decor,4309.25,FALSE,12.86,823.88
,belt,Electronics,2787.91,FALSE,29.57,1150.57
,shoes,Sports Equipment,2499,TRUE,15,3349.76
,belt,Sports Equipment,327.77,TRUE,0.06,3811.64
,socks,Home Decor,648.09,FALSE,34.3,2142.97
,jacket,Sports Equipment,2230.8,FALSE,42.09,2854.55
,jacket,Toys,2561.6,TRUE,14.68,2207.81
,hat,Toys,1528.59,FALSE,38,3207.28
,hat,Home Decor,1280.87,TRUE,99.4,1451.64
,jacket,Electronics,1289.91,TRUE,93.3,3719.25
,socks,Toys,2124.73,TRUE,93.32,683.11
,belt,Toys,3541.5,TRUE,85.46,39.66
,socks,Clothing,2598.75,FALSE,78.69,529.71
,pants,Clothing,2222.44,FALSE,38.55,371.67
,jacket,Toys,4669.42,FALSE,85.26,2384.95
,watch,Sports Equipment,1542.58,TRUE,66.24,840.87
,watch,Clothing,4911.59,FALSE,68.14,1176.52
,socks,Sports Equipment,3564.4,FALSE,26.48,2884.02
,gloves,Sports Equipment,4219.34,FALSE,25.68,1035.57
,jacket,Toys,3011.51,FALSE,80.38,3908.25
,gloves,Home Decor,1125.49,FALSE,31.81,3098.03
,jacket,Toys,4231.68,FALSE,13.37,4497.4
,gloves,Toys,2974.46,TRUE,94.54,965.41
,shoes,Toys,3025.5,FALSE,15.64,3556.99
,belt,Electronics,1858.02,TRUE,5.22,1146.09
,hat,Sports Equipment,2585.25,TRUE,99.25,1698.87
,scarf,Home Decor,2.64,FALSE,58.84,4779.22
,gloves,Clothing,1927.08,FALSE,32.14,1882.53
,scarf,Home Decor,2271.34,TRUE,20.61,3708.9
,hat,Electronics,4343.51,TRUE,47.23,3285.44
,pants,Sports Equipment,466.62,FALSE,5.15,1492.1
,pants,Clothing,229.26,FALSE,70,1386.86
,shirt,Toys,2947.2,TRUE,96.19,1285.58
,shirt,Sports Equipment,3457.99,TRUE,59.94,529.95
,pants,Books,301.72,TRUE,12.7,2480.45
,belt,Sports Equipment,2893.37,FALSE,33.89,4412.67
,shirt,Sports Equipment,2716.63,FALSE,23.77,1193.63
,hat,Sports Equipment,818.3,TRUE,23.6,4141.63
,shoes,Home Decor,3083.54,FALSE,88.38,1649.28
,jacket,Toys,2900.23,TRUE,31.72,4026.2
,hat,Home Decor,3751.61,TRUE,82.98,60.73
,shoes,Home Decor,3709.65,FALSE,54.38,169.3
,watch,Sports Equipment,298.07,TRUE,91.82,187.79
,gloves,Toys,1067.81,TRUE,14.81,3939.33
,belt,Clothing,2095.62,TRUE,12.67,3180.36
,pants,Sports Equipment,4449.83,TRUE,23.6,322.66
,pants,Sports Equipment,3351.75,TRUE,68.34,3496.66
,gloves,Books,1529.14,TRUE,30.22,3057.12
,gloves,Home Decor,1858.15,TRUE,51.91,535.28
,jacket,Electronics,4925.34,TRUE,39.24,1353.32
,gloves,Sports Equipment,1842.3,FALSE,49.88,1101.91
,shirt,Toys,4219.77,FALSE,13.81,4856.44
,gloves,Clothing,2269.77,TRUE,88.83,1981.47
,jacket,Home Decor,4682.5,TRUE,50.2,4154.27
,pants,Sports Equipment,2693.23,TRUE,3.73,1907.81
,pants,Toys,71.85,TRUE,12.45,2477.37
,shoes,Clothing,932.55,FALSE,42.12,128.8
,pants,Electronics,3186.84,FALSE,95.41,2657.62
,socks,Toys,3228.11,TRUE,39.01,4523.1
,jacket,Clothing,4994.7,FALSE,63.98,3275.43
,shirt,Books,2335.4,TRUE,28.34,2227.09
,shoes,Sports Equipment,4802.04,TRUE,42.42,541.79
,shirt,Clothing,3015.47,TRUE,52.77,4655.24
,scarf,Books,3824.04,TRUE,77,1267.12
,belt,Clothing,784.31,TRUE,73.14,793.75
,socks,Electronics,1081.05,TRUE,87.5,3556.55
,hat,Books,4304.1,FALSE,74.92,104.77
,scarf,Home Decor,4635.38,TRUE,41.9,840.18
,gloves,Clothing,4242.65,TRUE,92.9,3669.39
,socks,Electronics,4984.43,TRUE,77.75,920.93
,shoes,Toys,1401.4,FALSE,77.02,3213.79
,jacket,Home Decor,4941.73,FALSE,50.03,3138.13
,shoes,Electronics,439.36,TRUE,88.52,4572.85
,pants,Books,1424.54,FALSE,15.23,1380.58
,watch,Home Decor,707.24,FALSE,41.97,3786.56
,pants,Home Decor,3868.58,FALSE,9.1,900.04
,hat,Toys,1660.65,TRUE,63.03,3844.72
,gloves,Clothing,2384.54,TRUE,99.53,402.59
,socks,Home Decor,480.31,TRUE,33.62,4012.63
,socks,Home Decor,1487.75,TRUE,87.87,3896.46
,shirt,Home Decor,2634.48,FALSE,51.21,1793.6
,watch,Sports Equipment,1571.4,TRUE,29.6,137.19
,hat,Toys,3786.83,TRUE,16.2,275.65
,jacket,Toys,3513.59,FALSE,25.95,4676.6
,watch,Toys,583.31,TRUE,94.65,4967.34
,watch,Clothing,100.04,FALSE,54.66,1245.78
,belt,Electronics,1099.09,FALSE,18.97,3483.99
,shirt,Books,4201.04,TRUE,74.36,1483.72
,watch,Sports Equipment,2687.91,FALSE,26,2663.83
,belt,Electronics,2296.66,FALSE,89.78,913.22
,pants,Home Decor,3336.44,TRUE,61.96,2305.48
,hat,Toys,6.62,TRUE,64.3,242.21
,shirt,Home Decor,2701.5,TRUE,22.53,4090.46
,shirt,Toys,345.31,TRUE,18.89,978.07
,watch,Books,3652.78,FALSE,27.07,4187.55
,hat,Home Decor,1342.76,TRUE,37.55,4697.18
,belt,Toys,762.03,TRUE,80.2,1897.78
,shoes,Books,3897.67,FALSE,79.81,1632.65
,scarf,Clothing,2498.62,TRUE,48.48,4329.16
,shirt,Books,2947.73,TRUE,83.1,2632.63
,watch,Clothing,4502.68,TRUE,25.92,732.04
,watch,Electronics,1573.52,FALSE,1.12,3078.83
,jacket,Clothing,753.19,TRUE,3.92,1815.75
,shoes,Home Decor,2828.86,FALSE,67.42,2010.63
,shoes,Clothing,2752.49,TRUE,20.57,1745.74
,shirt,Toys,965.35,FALSE,9.05,1322.27
,socks,Sports Equipment,772.22,TRUE,71.49,796.44
,hat,Sports Equipment,2143.16,TRUE,69.26,3774.5
,scarf,Home Decor,2440.78,TRUE,24.71,4886.22
,scarf,Books,4604.55,FALSE,86.85,4019.82
,shoes,Toys,403.8,FALSE,12.34,4915.08
,gloves,Electronics,4542.44,TRUE,94.44,1267.02
,socks,Electronics,3153.16,FALSE,55.52,2982.08
,watch,Books,261.24,FALSE,75.88,2845.87
,belt,Toys,1970.92,FALSE,52.1,4399.22
,jacket,Electronics,1255.18,TRUE,11.83,4511.91
,socks,Home Decor,3308.52,TRUE,35.43,1473.26
,gloves,Clothing,4872.95,FALSE,24.03,4226
,shoes,Books,718.36,TRUE,67.98,4726.74
,jacket,Clothing,4404.5,TRUE,80.69,3650.64
,shirt,Books,614.08,TRUE,65.5,4614.8
,shirt,Toys,3644.06,TRUE,19.92,3939.73
,shoes,Sports Equipment,3017.1,TRUE,54.65,1590.08
,shoes,Home Decor,3326.54,TRUE,85.78,4658.59
,shoes,Electronics,2923.21,TRUE,89.41,4430.66
,shoes,Clothing,3045.67,FALSE,3.27,2235.85
,scarf,Sports Equipment,4823.78,FALSE,16.42,1513.44
,shoes,Clothing,4566.61,FALSE,27.29,745.6
,hat,Books,1087.32,FALSE,26.62,324.73
,watch,Books,2144.66,FALSE,93.26,120.76
,jacket,Toys,589.78,TRUE,34.53,4067.2
,watch,Home Decor,1183.63,FALSE,24.38,991.44
,shirt,Clothing,1543.96,FALSE,96.34,3989.1
,jacket,Home Decor,2486.68,TRUE,76.04,2719.21
,shoes,Home Decor,3607.36,FALSE,91.3,3855.37
,scarf,Electronics,1904.46,TRUE,77.53,3329.94
,belt,Books,3495.42,TRUE,59.32,457.72
,scarf,Toys,1554.8,TRUE,64.86,4760.56
,socks,Home Decor,2072,FALSE,24.32,2682.32
,jacket,Electronics,2996.55,TRUE,94.64,1417.29
,belt,Books,2625.88,TRUE,65.8,3814.76
,pants,Books,4081.55,FALSE,41.43,4011.29
,jacket,Toys,983.48,TRUE,56.2,1663.24
,socks,Sports Equipment,2778.57,TRUE,18.86,3148.76
,socks,Sports Equipment,1660.24,FALSE,81,733.72
,jacket,Toys,2076.04,TRUE,98.59,4508.56
,gloves,Home Decor,4079.78,FALSE,78.53,1589.63
,pants,Clothing,3345.47,FALSE,54.47,793.04
,scarf,Sports Equipment,2147.13,FALSE,57.25,301.04
,watch,Home Decor,1490.61,TRUE,78.86,2220.33
,watch,Books,4287.94,TRUE,54.95,646.74
,shoes,Books,4902.53,TRUE,10.98,4954.63
,belt,Clothing,2159.59,FALSE,53.55,4058.72
,hat,Electronics,1968.86,TRUE,42.58,2333.96
,gloves,Electronics,1607.48,TRUE,56.94,911.89
,shoes,Home Decor,270.43,FALSE,3.86,1555.85
,shirt,Home Decor,613.97,FALSE,10.65,3440.08
,gloves,Sports Equipment,868.74,FALSE,96.88,1214.87
,belt,Electronics,1460.63,TRUE,14.29,2753.73
,jacket,Books,1997.81,FALSE,36.46,1331.56
,jacket,Electronics,1937.87,FALSE,98.9,3522.48
,belt,Home Decor,988.57,FALSE,81.21,437.8
,watch,Books,751.8,TRUE,17.85,2032.14
,shirt,Toys,4126,FALSE,82.19,3824.23
,gloves,Electronics,3977.38,FALSE,89.56,4864.99
,hat,Electronics,689.57,FALSE,71.47,4038.15
,scarf,Toys,238.29,FALSE,96.31,4902.01
,gloves,Electronics,1136.1,TRUE,12.28,2964.21
,jacket,Electronics,4522.16,FALSE,53.69,237.17
,jacket,Sports Equipment,3076.34,FALSE,39.95,3456.52
,scarf,Home Decor,817.62,TRUE,57.8,4950.36
,hat,Home Decor,332.96,TRUE,17.16,950.92
,shoes,Home Decor,1457.04,TRUE,77.13,3964.43
,jacket,Clothing,3640.23,FALSE,1.85,4970.14
,hat,Sports Equipment,3239.8,TRUE,73.08,2086.56
,watch,Home Decor,4658.12,TRUE,1.81,1192.52
,socks,Books,3098.97,FALSE,5.96,4121.32
,hat,Clothing,1879.87,TRUE,71.74,954.43
,shirt,Clothing,431.51,TRUE,66.18,2664.67
,belt,Home Decor,227.73,TRUE,6.6,91.07
,belt,Home Decor,356.25,TRUE,82.95,2392.13
,jacket,Clothing,1940.02,TRUE,60.04,2964.47
,watch,Sports Equipment,3705.08,TRUE,11.77,359.93
,shoes,Home Decor,4837.52,FALSE,88.71,4490
,hat,Books,4605.6,TRUE,90.54,814.2
,jacket,Clothing,2017.72,TRUE,5.16,734.07
,belt,Books,3199.82,TRUE,53.74,4968.49
,jacket,Electronics,550.22,FALSE,59.65,610.82
,hat,Books,1245.34,TRUE,92.28,3030.73
,socks,Home Decor,964.7,TRUE,41.19,2725.24
,hat,Sports Equipment,4509.3,FALSE,4.63,3779.85
,socks,Sports Equipment,2447.15,FALSE,9.14,3078.89
,pants,Toys,4831,TRUE,45.37,4941.38
,pants,Books,4458.4,TRUE,0.5,1571.82
,hat,Toys,3557.03,TRUE,96.13,1629.11
,socks,Clothing,2533.4,TRUE,70.42,2809.97
,hat,Books,2194.89,TRUE,2.05,1029.47
,socks,Sports Equipment,4626.79,TRUE,64.03,1114.4
,socks,Clothing,3477.71,FALSE,19.65,4187.39
,pants,Toys,3018.54,TRUE,12.71,1066.61
,hat,Books,1069.84,FALSE,83.73,1092
,scarf,Toys,2001.05,TRUE,95.45,2108.71
,shirt,Toys,2719.06,FALSE,56.35,4297.9
,belt,Home Decor,3347.84,TRUE,26.15,2117.16
,socks,Sports Equipment,1606.81,TRUE,25.29,1744.34
,hat,Clothing,2430.49,FALSE,10.04,3882.3
,gloves,Electronics,3776.31,TRUE,37.73,1980.64
,watch,Clothing,2101.39,TRUE,84.76,2781.45
,belt,Clothing,3269.95,TRUE,4.76,1802.57
,gloves,Electronics,4072.85,TRUE,66.46,1019.89
,belt,Toys,1474.32,TRUE,47.77,692.41
,shoes,Books,280.03,TRUE,32.25,3855.15
,shirt,Sports Equipment,2741.64,FALSE,19.64,4539.3
,shirt,Electronics,3490.79,FALSE,57.07,2272.22
,shirt,Electronics,1885.15,TRUE,67.59,3320.96
,gloves,Electronics,4101.58,FALSE,49.53,155.19
,shirt,Toys,2242.06,FALSE,18.93,3473.47
,hat,Books,3728.97,TRUE,16.39,3877.32
,shirt,Toys,121.16,TRUE,47.9,2139.68
,shoes,Electronics,4559.39,FALSE,64.69,3330.03
,watch,Electronics,2393.69,TRUE,73.13,4866.8
,shoes,Electronics,3689,FALSE,72.7,1041.29
,hat,Toys,3763.37,TRUE,11.02,639.4
,shoes,Electronics,1226.2,TRUE,21.56,2700.81
,belt,Toys,239.73,FALSE,65.43,2961.98
,pants,Books,3307.55,FALSE,48.79,1757.49
,scarf,Home Decor,1645.59,FALSE,98.71,738.49
,socks,Toys,3836.83,TRUE,2.64,3750.36
,jacket,Sports Equipment,4556.52,TRUE,4.16,87.95
,gloves,Home Decor,3514.79,TRUE,43.29,1828.13
,socks,Clothing,1014.08,TRUE,10.29,2689.23
,hat,Clothing,2716.83,FALSE,31.17,4614.46
,gloves,Toys,3863.85,TRUE,86.36,2194
,pants,Clothing,2958.23,FALSE,3.12,1447.02
,gloves,Books,2810.54,FALSE,20.52,917.4
,pants,Home Decor,1471.19,TRUE,40.02,2980.32
,shirt,Electronics,1641.7,TRUE,39.69,95.44
,shirt,Electronics,1573.77,FALSE,60.7,740.27
,scarf,Electronics,3620.46,TRUE,69.58,4574.39
,socks,Books,2578.9,FALSE,3.08,1585.69
,gloves,Sports Equipment,100.6,TRUE,32.93,3602.45
,jacket,Electronics,1738.16,TRUE,18.03,4918.18
,watch,Electronics,4122.61,TRUE,84.37,1137.65
,jacket,Sports Equipment,2878.59,TRUE,51.12,4835.15
,jacket,Toys,1510.41,TRUE,53.49,3159.94
,belt,Sports Equipment,2901.46,TRUE,98.08,2905.46
,scarf,Books,4148.27,TRUE,92.65,3306.15
,shirt,Books,3834.18,FALSE,48,469.08
,watch,Toys,2911.7,FALSE,79.26,2794.86
,hat,Toys,938.93,FALSE,95.16,3019.15
,gloves,Toys,1960.9,FALSE,57.2,3198.86
,pants,Home Decor,1083.74,TRUE,82.35,2748.97
,pants,Books,3785.73,FALSE,77.31,606.47
,socks,Electronics,1534.57,TRUE,73.8,2325.32
,jacket,Home Decor,899.23,FALSE,55.89,4313.94
,belt,Clothing,1899.23,TRUE,5.13,1160.68
,shoes,Home Decor,1033.34,TRUE,1.34,469.02
,gloves,Toys,4508.92,TRUE,6.53,618.63
,jacket,Electronics,1555.56,TRUE,20.27,1912.35
,socks,Home Decor,2826.66,FALSE,14.46,3169.92
,shoes,Sports Equipment,3270.92,FALSE,36.8,1712.84
,shirt,Books,601.31,TRUE,83.35,4716.7
,shirt,Electronics,2703.38,TRUE,6.34,3733.35
,gloves,Home Decor,3992.61,FALSE,26.43,1201.69
,gloves,Home Decor,4885.9,FALSE,2.59,4019.76
,jacket,Home Decor,2617.22,TRUE,78.64,950.85
,scarf,Clothing,251.17,TRUE,65.92,854.97
,watch,Books,2333.67,TRUE,68.15,3575.87
,shirt,Electronics,180.62,FALSE,51.24,2736.68
,belt,Toys,3081.71,TRUE,57.95,3684.94
,shirt,Home Decor,1497.1,TRUE,87.42,3428.41
,gloves,Electronics,1531.68,FALSE,11.61,1070.3
,jacket,Electronics,4845.47,FALSE,48.6,2690.29
,shirt,Home Decor,1466.16,FALSE,22.33,2546.67
,hat,Clothing,485.92,FALSE,98.17,4478.12
,gloves,Books,1852.87,FALSE,75.79,1661.08
,belt,Home Decor,473.88,FALSE,54.23,3392.71
,shirt,Electronics,800.46,FALSE,79.14,3277.56
,socks,Electronics,1493.26,TRUE,46.84,1636.95
,pants,Toys,558.66,FALSE,62.54,4518.3
,watch,Electronics,1679.25,TRUE,42.37,3283.3
,shirt,Clothing,1793.66,TRUE,21.48,4581.72
,socks,Electronics,217.47,TRUE,19.73,1966.61
,scarf,Books,4113.66,FALSE,95.91,1138.91
,belt,Books,3942.91,TRUE,94.78,4368.56
,hat,Books,3058.36,TRUE,22.65,3484.42
,shirt,Home Decor,4460.8,TRUE,13.22,4011.97
,scarf,Clothing,2220.39,TRUE,41.32,3328.63
,scarf,Toys,1455.59,FALSE,98.58,1383.65
,scarf,Books,4223.22,FALSE,30.08,2698.99
,shirt,Books,1872.81,TRUE,67.2,1469.52
,pants,Books,245.97,FALSE,94.77,2019.89
,shoes,Electronics,513.97,TRUE,96.56,2525.72
,scarf,Toys,4360.1,TRUE,32.69,1055.42
,jacket,Clothing,2597.61,FALSE,66,2773.68
,scarf,Home Decor,3915.48,TRUE,30.42,4383.59
,scarf,Toys,3007.13,FALSE,18.87,3325.93
,shirt,Books,3677.15,TRUE,19.1,1809.94
,pants,Sports Equipment,4836.09,TRUE,70.04,3882.41
,watch,Home Decor,3436.86,FALSE,77.67,3305.76
,jacket,Sports Equipment,2936.62,TRUE,74.79,820.65
,hat,Clothing,1316.58,FALSE,16.85,3393.11
,jacket,Books,4579.91,TRUE,55.37,1156.22
,belt,Electronics,4916.03,FALSE,44.96,4049.2
,shoes,Books,3058.68,TRUE,66.99,3977.21
,shirt,Books,569.72,FALSE,32.72,1585.18
,socks,Home Decor,1875.62,TRUE,3.01,234.43
,belt,Toys,421.9,TRUE,49.86,1237.72
,shirt,Books,1757.53,TRUE,73.15,776.8
,socks,Electronics,2894.76,FALSE,38.02,3530.64
,socks,Electronics,2342.79,FALSE,46.97,580.86
,shirt,Clothing,2392.82,FALSE,47.38,1510.61
,scarf,Electronics,2823.37,TRUE,60.96,1748.35
,socks,Toys,867.85,FALSE,58.78,3586.55
,scarf,Clothing,121.17,FALSE,56.69,631.12
,watch,Books,1987.62,FALSE,13.47,4625.83
,shirt,Home Decor,4612.17,TRUE,24.22,3323.99
,shoes,Home Decor,3389.84,TRUE,60.16,2210.49
,belt,Sports Equipment,4432.73,TRUE,97.71,378.7
,shoes,Electronics,1936.41,TRUE,23.19,3720.45
,shoes,Home Decor,3655.5,TRUE,28.33,3137.8
,shoes,Clothing,2965.44,FALSE,16.25,280.22
,shirt,Electronics,4935.31,TRUE,93.04,2271.97
,hat,Toys,2144.55,TRUE,32.21,1959.41
,belt,Clothing,4742.83,FALSE,15.52,3056.01
,gloves,Clothing,3950.96,TRUE,84.31,954.83
,shirt,Clothing,988.37,TRUE,2.2,1699.2
,belt,Home Decor,2578.78,TRUE,84.58,1677.46
,shoes,Books,3471.7,FALSE,29.79,975.97
,shirt,Toys,338.94,TRUE,47.08,2945.36
,gloves,Clothing,2677.02,FALSE,52.58,2964.12
,shoes,Electronics,3214.63,TRUE,75.48,660.82
,jacket,Sports Equipment,364.71,FALSE,14.41,4651.69
,pants,Home Decor,2512.92,TRUE,29.11,188.13
,watch,Home Decor,2042.52,FALSE,84.61,4129.82
,belt,Clothing,3492.94,FALSE,63.01,2695.93
,scarf,Home Decor,3818.8,FALSE,69.8,4069.76
,belt,Sports Equipment,3487.8,FALSE,77.89,3863.37
,jacket,Sports Equipment,401.97,FALSE,36.76,4428.8
,socks,Home Decor,1218.09,FALSE,74.74,3017.12
,shirt,Clothing,1724.54,TRUE,53.31,2680.97
,socks,Electronics,2525.87,TRUE,14.65,1761.83
,watch,Clothing,1429.95,FALSE,31.97,2200.23
,pants,Clothing,1701.36,FALSE,81.45,4191.32
,scarf,Sports Equipment,501.51,TRUE,90.05,1574.38
,shirt,Toys,1741.33,TRUE,62.74,4243.04
,watch,Clothing,767.91,FALSE,56.7,770.97
,hat,Sports Equipment,1268.39,FALSE,74.21,2464.92
,watch,Clothing,2037.59,TRUE,59.12,2907.08
,pants,Sports Equipment,1505.14,TRUE,17.94,1019.26
,belt,Toys,1507.31,FALSE,65.8,954.01
,shoes,Electronics,1599.65,TRUE,85.65,1230.22
,jacket,Clothing,4034.99,FALSE,17.88,3960.63
,socks,Home Decor,3881.99,FALSE,61.44,735.58
,pants,Home Decor,4323.06,TRUE,65.04,1903.78
,watch,Clothing,3039.53,FALSE,41.58,494.41
,gloves,Books,1871.6,FALSE,34.49,2155.5
,scarf,Books,2018.4,FALSE,10.45,4862.24
,scarf,Toys,4963.53,TRUE,29.18,4101.21
,hat,Clothing,4600.04,FALSE,60.76,2568.98
,scarf,Sports Equipment,629.4,TRUE,16.51,1196.28
,shirt,Clothing,1815.21,TRUE,48.4,4592.9
,watch,Sports Equipment,3186.61,TRUE,60.63,1634.98
,watch,Sports Equipment,2609.96,FALSE,30.02,2746.63
,pants,Books,2954.65,FALSE,40.92,1084.12
,shoes,Clothing,3003.01,TRUE,92.96,3961.35
,shirt,Sports Equipment,374.89,FALSE,41.52,2355.84
,shoes,Books,2725.61,TRUE,51.2,4022.68
,watch,Electronics,2474.72,FALSE,88.28,1293.95
,hat,Toys,2499.84,FALSE,47.05,4322.36
,shoes,Clothing,1274.39,FALSE,24.09,3305.14
,socks,Electronics,811.61,TRUE,62.76,4476.78
,watch,Books,3811.09,TRUE,36.64,3846.37
,scarf,Clothing,1473.1,TRUE,53.6,2074.57
,belt,Sports Equipment,3388.72,TRUE,3.97,4889.17
,pants,Electronics,1101.75,FALSE,67.93,1532.03
,gloves,Home Decor,4474.85,FALSE,6.4,3609.55
,pants,Toys,1702.45,TRUE,35.81,3133.84
,scarf,Toys,1003.62,FALSE,5.32,2126.64
,scarf,Home Decor,2335.81,TRUE,87.86,1409.53
,watch,Toys,3339.26,FALSE,31.75,381.58
,jacket,Electronics,3449.49,FALSE,93.08,4272.96
,belt,Toys,439.34,FALSE,31.49,1146.11
,socks,Books,804.63,TRUE,31.68,4276.7
,scarf,Sports Equipment,244.97,FALSE,23.05,3171.04
,pants,Sports Equipment,4715.72,FALSE,94.14,3440.17
,belt,Sports Equipment,4547.21,FALSE,56.98,1955.4
,hat,Books,2908.93,FALSE,73.14,2531.25
,jacket,Clothing,4041.8,TRUE,98.82,1667.5
,belt,Books,4028.16,FALSE,84.7,2548.68
,scarf,Clothing,1116.08,FALSE,1.82,1049.14
,jacket,Books,251.9,TRUE,93.47,2570.47
,watch,Books,1210.3,FALSE,98.44,3419.69
,socks,Home Decor,2616.21,TRUE,76.99,3370.34
,jacket,Sports Equipment,3578.16,FALSE,20.13,1499.78
,jacket,Books,4522.05,TRUE,46.16,1892.49
,belt,Toys,3634.94,FALSE,22.04,759.97
,socks,Home Decor,506.23,TRUE,8.35,3467.48
,shirt,Home Decor,472.37,TRUE,91.82,4707.83
,shirt,Sports Equipment,2290.13,FALSE,52.97,676.69
,shoes,Electronics,3349.03,FALSE,90.24,4530.92
,socks,Toys,1053.55,FALSE,9.21,1730.78
,watch,Sports Equipment,188.96,TRUE,30.64,4145.93
,gloves,Home Decor,2613.67,FALSE,21.78,3236.92
,watch,Clothing,2445,FALSE,10.54,1943.11
,shoes,Home Decor,1674.48,FALSE,90.41,1887.59
,shirt,Books,2769.37,TRUE,4.79,4292.04
,shoes,Home Decor,2094.75,TRUE,6.4,1892.31
,shirt,Electronics,4716.23,TRUE,50.57,3745.42
,gloves,Toys,334.26,TRUE,67.35,1856.13
,belt,Toys,1485.02,TRUE,90.8,667.06
,pants,Books,915,FALSE,87.09,2039.27
,shirt,Sports Equipment,2269.25,FALSE,71.46,3748.7
,socks,Toys,1461.94,FALSE,0.73,1983.65
,scarf,Electronics,2918.55,FALSE,38.63,2253.05
,belt,Home Decor,4740.74,FALSE,63.42,4808.17
,shirt,Home Decor,4602.79,FALSE,22.76,877.33
,jacket,Home Decor,3835.04,TRUE,97.24,3230.59
,watch,Sports Equipment,2723.27,FALSE,14.23,4299.8
,pants,Sports Equipment,4285.89,FALSE,32.53,1504.13
,scarf,Home Decor,1433.27,TRUE,81.31,2472.49
,watch,Books,3940.24,FALSE,61.68,3500.8
,shoes,Sports Equipment,4717.21,TRUE,68.39,854.44
,belt,Clothing,1052.79,TRUE,46.57,4588.53
,pants,Toys,3496.51,FALSE,94.5,1078.9
,watch,Electronics,2148.28,TRUE,53.13,3648.98
,scarf,Electronics,2975.38,TRUE,91.37,3956.72
,scarf,Home Decor,3970.93,FALSE,81.39,2141.09
,belt,Home Decor,3210.61,TRUE,23.48,4025.96
,hat,Electronics,4983.19,FALSE,51.03,481.76
,shoes,Electronics,4295.96,FALSE,16.88,303.32
,gloves,Books,967.31,TRUE,67.03,544.56
,shirt,Sports Equipment,4661.78,TRUE,97.2,27.04
,gloves,Home Decor,1165.45,TRUE,99,3448.91
,watch,Sports Equipment,836.56,TRUE,92.23,2663.58
,gloves,Clothing,4637.05,TRUE,92.45,1204.85
,gloves,Sports Equipment,4490.5,FALSE,81.25,799.19
,watch,Home Decor,1080.33,FALSE,20.18,611.51
,hat,Electronics,820.49,TRUE,6.28,3134.14
,belt,Clothing,3735.97,TRUE,64.21,4633.74
,socks,Electronics,2638.61,TRUE,63.19,3402.43
,hat,Home Decor,71.21,TRUE,55.82,2314.39
,hat,Home Decor,2764.23,FALSE,26.44,2157.83
,jacket,Home Decor,138.89,FALSE,42.36,2552.28
,shoes,Electronics,4205.32,TRUE,90.25,3179.86
,jacket,Electronics,2780.19,TRUE,19,2904.56
,jacket,Books,4928.95,TRUE,2.59,3308.09
,shoes,Clothing,656.49,TRUE,43.5,563.77
,belt,Toys,4166.24,FALSE,9.12,3472.2
,belt,Toys,3019.24,TRUE,27.59,3703.3
,watch,Clothing,4555.59,FALSE,86.04,1331.33
,belt,Home Decor,2670.67,TRUE,13.12,4501.61
,shirt,Toys,4725.46,FALSE,38.32,2730.96
,shoes,Sports Equipment,2932.62,TRUE,11.89,737.3
,watch,Clothing,4586.15,FALSE,8.36,850.72
,hat,Clothing,3101.74,FALSE,50.57,411.35
,jacket,Home Decor,2976.02,FALSE,88.13,4456.29
,shoes,Sports Equipment,4975.27,FALSE,50.81,2156.29
,scarf,Home Decor,4415.47,TRUE,30.16,1550.03
,watch,Electronics,3157.77,FALSE,74.07,170.07
,socks,Clothing,4328.39,FALSE,45.84,1062.6
,watch,Clothing,3400.49,FALSE,24.71,1724.09
,shoes,Sports Equipment,476.32,FALSE,25.23,4433.8
,socks,Clothing,1410.26,FALSE,52.26,168.16
,jacket,Clothing,2296.03,FALSE,3.95,2531.1
,shoes,Electronics,797.07,FALSE,29.52,838.9
,jacket,Electronics,2438.43,FALSE,36.39,364.45
,hat,Clothing,2354.82,TRUE,76.59,3570.27
,shirt,Clothing,1585.43,TRUE,5.66,4495.71
,socks,Clothing,623.8,TRUE,35.12,2360.41
,pants,Electronics,2686.05,FALSE,14.66,3916.85
,gloves,Sports Equipment,1173.93,TRUE,94.62,3455.65
,belt,Toys,4856.49,FALSE,36.31,1311.76
,jacket,Electronics,1323.79,FALSE,96.53,447.71
,socks,Clothing,3439.32,FALSE,62.01,47.32
,socks,Electronics,3641.19,TRUE,61.25,3823.97
,watch,Electronics,3548.18,FALSE,10.93,4058.18
,scarf,Electronics,3794.88,FALSE,56.66,1218.93
,socks,Home Decor,185.26,FALSE,70.48,610.6
,belt,Home Decor,2809.9,TRUE,39.22,3308.95
,jacket,Sports Equipment,4569.04,FALSE,86.67,1806.78
,watch,Home Decor,383.78,TRUE,99.73,4454.15
,shoes,Toys,3677.07,TRUE,87.71,1410.67
,jacket,Sports Equipment,1099.8,FALSE,92.17,56.96
,jacket,Toys,1247.34,TRUE,50.1,3135.35
,jacket,Electronics,2744.22,TRUE,41.24,1784.93
,socks,Books,3123.23,FALSE,35.2,1983.33
,hat,Clothing,4264.12,FALSE,46.65,1472.42
,jacket,Home Decor,11.54,TRUE,47.1,1767.53
,shoes,Home Decor,1227.65,TRUE,17.55,4574.18
,socks,Electronics,2632.2,FALSE,7.57,340.48
,scarf,Electronics,866.42,FALSE,45.68,1762.18
,socks,Home Decor,626.4,FALSE,67.24,2718.93
,watch,Clothing,555.75,FALSE,51.37,4395.37
,scarf,Toys,2027.67,TRUE,49.41,3143.49
,gloves,Electronics,1303.31,TRUE,2.19,452.39
,gloves,Sports Equipment,4436.88,TRUE,95.99,945.33
,shirt,Toys,2031.88,TRUE,96.87,3358.04
,belt,Sports Equipment,4575.76,FALSE,96.97,1554.74
,shirt,Toys,1322.69,TRUE,99.35,1747.57
,belt,Books,3358.9,TRUE,63.24,4976.09
,hat,Clothing,412.61,TRUE,21.63,2439.44
,gloves,Electronics,1915.72,FALSE,32.85,4733.65
,scarf,Books,1014.46,TRUE,87.92,248.24
,jacket,Home Decor,3597.71,TRUE,37.54,1915.37
,jacket,Clothing,3851.13,FALSE,38.39,4283.94
,shirt,Clothing,4504.89,FALSE,63.14,3242.18
,belt,Clothing,1308.65,TRUE,77.26,3266.86
,watch,Home Decor,4979.07,TRUE,35.21,3034.48
,belt,Clothing,524.94,FALSE,23.47,4819.29
,gloves,Home Decor,3136.3,TRUE,28.43,1603.25
,jacket,Home Decor,302.75,TRUE,69.42,4.44
,belt,Home Decor,1975.19,TRUE,72.59,4500.51
,gloves,Books,1565.46,FALSE,88.53,4061.13
,shoes,Electronics,425.07,FALSE,81.37,775.15
,hat,Home Decor,2851.76,FALSE,28.96,464.07
,shirt,Clothing,4142.78,FALSE,45.71,2285.19
,hat,Home Decor,2668.83,FALSE,67.64,488.33
,shirt,Books,18.84,TRUE,92.33,3516.1
,shirt,Home Decor,4748.71,FALSE,44.65,3774.12
,gloves,Books,3365.47,TRUE,0.58,3989.41
,gloves,Clothing,2714.23,FALSE,98.69,2374.01
,shoes,Books,2300.76,TRUE,92.37,2346.64
,socks,Books,4071.49,TRUE,38.76,1422.35
,gloves,Home Decor,944.54,TRUE,3.33,3547.76
,shoes,Clothing,2311.68,TRUE,78.03,2045.52
,shirt,Books,3901.74,TRUE,7.95,2755.88
,watch,Toys,2500.23,TRUE,24.3,1997.64
,watch,Toys,2194,FALSE,17.85,3618.95
,shirt,Electronics,1949.84,TRUE,41.44,638.01
,pants,Home Decor,3886.33,FALSE,5.3,3453.2
,scarf,Books,520.94,TRUE,31.24,1074.45
,hat,Toys,4161.17,FALSE,64.21,3666.96
,socks,Toys,1333.79,FALSE,0.93,2676.5
,pants,Sports Equipment,3133.37,TRUE,76.89,3676.67
,hat,Sports Equipment,2825.88,FALSE,8.71,1570.78
,gloves,Sports Equipment,110.88,FALSE,77.07,798.06
,shoes,Toys,453.28,TRUE,74.56,2762.37
,belt,Home Decor,30.1,TRUE,74.14,3665.27
,belt,Clothing,3512.56,FALSE,49.76,353.99
,scarf,Home Decor,3451.71,FALSE,43.84,201.33
,shoes,Electronics,289.8,TRUE,94.88,3077.3
,jacket,Sports Equipment,274.63,TRUE,76.65,4328.36
,scarf,Clothing,2096.02,TRUE,38.76,4202.91
,jacket,Toys,2935.2,FALSE,44.94,1376.93
,pants,Home Decor,2312.82,TRUE,72.05,2696.87
,socks,Home Decor,1466.25,TRUE,5.54,4575.47
,gloves,Home Decor,4259.44,FALSE,51.22,281.24
,watch,Sports Equipment,3312.88,FALSE,45.67,3803.53
,gloves,Books,2748.65,TRUE,13.49,3750.18
,socks,Toys,2384.98,TRUE,19.55,408.75
,shoes,Home Decor,2893.29,FALSE,11.27,3392.58
,scarf,Toys,687.5,FALSE,72.27,2935.47
,hat,Sports Equipment,2086.81,FALSE,68.48,3774.89
,scarf,Clothing,3492.48,TRUE,57.34,2754.73
,shoes,Toys,4617.53,FALSE,47.2,4067.59
,gloves,Electronics,2198.92,FALSE,33.18,3430.47
,scarf,Toys,2473.62,TRUE,20.49,2846.32
,gloves,Clothing,4716.98,FALSE,39.67,670.93
,scarf,Electronics,1421.6,FALSE,12.76,1603.07
,gloves,Toys,4202.45,FALSE,12.21,4025
,pants,Clothing,3985.88,FALSE,48.4,2852.84
,shoes,Books,3266.93,TRUE,23.29,312.25
,gloves,Home Decor,1868.45,TRUE,44.04,153.41
,gloves,Books,133.63,TRUE,73.63,3523.41
,watch,Books,4509.92,TRUE,24.48,470.55
,jacket,Home Decor,1518.96,FALSE,51.98,3998.74
,scarf,Home Decor,692.04,TRUE,1.4,4594.72
,hat,Electronics,3916.86,TRUE,90.29,370.59
,jacket,Home Decor,4641.5,TRUE,84.14,4730.1
,shirt,Books,2814.95,FALSE,73.68,3824.26
,shirt,Clothing,2180.27,FALSE,66.15,3875.56
,jacket,Toys,803.82,TRUE,49.05,2125.63
,watch,Toys,1874.76,TRUE,28.05,1784.59
,pants,Clothing,1300.75,TRUE,13.97,2605.78
,socks,Electronics,996.11,FALSE,22.46,3158.57
,gloves,Toys,1754.38,TRUE,38.51,446.64
,pants,Sports Equipment,2557.04,TRUE,36.83,308.41
,shirt,Electronics,283.6,FALSE,50.42,2446.19
,watch,Books,4904.43,TRUE,59.9,4916.86
,hat,Sports Equipment,4262.3,FALSE,45.17,461.27
,shirt,Toys,2448.47,FALSE,94.91,1047.27
,watch,Sports Equipment,1477.02,TRUE,53.71,3743.13
,belt,Sports Equipment,2192.19,FALSE,66.13,894.67
,gloves,Toys,270.36,TRUE,53.92,2759.18
,watch,Toys,3784.14,FALSE,88.77,3368.36
,jacket,Toys,2338.39,FALSE,65.64,3637.12
,shoes,Toys,3203.93,FALSE,60.51,1922.95
,scarf,Books,3627.59,FALSE,28.17,2514.82
,hat,Toys,3019.84,FALSE,47.04,4251.09
,jacket,Electronics,4029.16,FALSE,40.34,1713.39
,scarf,Home Decor,3246.37,TRUE,53.05,3793.78
,belt,Clothing,1266.25,FALSE,84.07,3888.84
,hat,Sports Equipment,4640.31,FALSE,43.13,1509.67
,shoes,Sports Equipment,1391,FALSE,47.62,4453.84
,shirt,Books,2463.74,FALSE,97.17,2092.76
,gloves,Toys,1364.56,FALSE,71.04,579.81
,socks,Sports Equipment,1001.33,TRUE,32.41,4892.02
,pants,Home Decor,3482.12,TRUE,39.25,2268.77
,belt,Electronics,3870.74,TRUE,70.62,3289.23
,watch,Books,3435.77,TRUE,4.21,681.29
,watch,Clothing,2143.92,TRUE,73.81,1347.07
,pants,Home Decor,725.53,TRUE,1.24,4011.29
,socks,Home Decor,3301.87,FALSE,6.84,1174.54
,watch,Electronics,758.53,FALSE,22.71,4731.22
,shoes,Clothing,3258.77,FALSE,81.61,3983.54
,hat,Sports Equipment,4704.47,TRUE,33.7,674.92
,shoes,Electronics,365.2,FALSE,80.49,4647.08
,watch,Sports Equipment,524.39,FALSE,52.42,2047.02
,socks,Clothing,3916.13,FALSE,3.39,1547.4
,shirt,Sports Equipment,3105.92,TRUE,47.68,4315.93
,scarf,Sports Equipment,2600.18,TRUE,28.12,3215.95
,jacket,Sports Equipment,977.53,FALSE,61.01,2003.98
,pants,Toys,3155.73,FALSE,22.63,3683.55
,gloves,Books,3603.7,FALSE,78.24,1238.86
,belt,Books,3389.42,TRUE,25.55,941.69
,shoes,Home Decor,3713.44,FALSE,92.91,2708.27
,belt,Clothing,4040.93,TRUE,80.14,2365.05
,belt,Sports Equipment,3152.64,TRUE,15.43,1510.16
,belt,Books,2658.2,FALSE,81.27,3277.58
,pants,Books,340.85,TRUE,20.7,2215.96
,scarf,Clothing,2538.51,FALSE,6.52,4860.13
,jacket,Home Decor,4956.21,FALSE,63.7,2537.82
,shirt,Clothing,418.74,FALSE,79.94,3942.3
,pants,Clothing,3906.88,TRUE,70.87,4132.4
,scarf,Home Decor,4034.1,FALSE,34.75,2520.41
,belt,Books,569.07,FALSE,95.46,1760.54
,jacket,Home Decor,206.76,TRUE,3.14,2503.4
,shirt,Sports Equipment,3201.21,TRUE,43.5,1387.06
,watch,Home Decor,1816.23,TRUE,99.59,828.95
,belt,Home Decor,2576.3,TRUE,53.15,580.58
,shoes,Sports Equipment,1899.04,FALSE,12.12,2890.02
,shoes,Toys,2646.96,FALSE,71.15,4720.53
,pants,Home Decor,3062.69,TRUE,75.91,723.36
,socks,Books,635.65,FALSE,54.44,4643.23
,socks,Clothing,2349.5,FALSE,24.84,3608.04
,socks,Books,1310.96,FALSE,28,4452.66
,gloves,Home Decor,1763.66,FALSE,9.09,2839.92
,jacket,Electronics,502.42,TRUE,25,2881.59
,watch,Home Decor,4515.57,FALSE,35.82,2234.23
,shoes,Books,812.71,FALSE,31.82,2115.19
,scarf,Home Decor,2867.48,TRUE,49.92,1442.16
,jacket,Electronics,3276.02,FALSE,92.45,714.56
,shirt,Toys,4322.1,FALSE,14.11,1212.17
,shirt,Clothing,1540.58,FALSE,50.46,1702.51
,shoes,Home Decor,1567.11,TRUE,87.12,4372.79
,jacket,Home Decor,2218.49,TRUE,15.72,813.43
,shirt,Electronics,574.43,TRUE,98.78,4468.86
,jacket,Home Decor,3888.62,FALSE,88,2980.99
,shoes,Electronics,2819.71,FALSE,15.72,715.94
,shirt,Toys,4040.97,TRUE,40.47,2408.79
,belt,Sports Equipment,1904.31,TRUE,80.35,4220.89
,pants,Toys,2856.81,TRUE,34.32,4911.33
,hat,Clothing,2634.04,TRUE,53.34,850.41
,shirt,Toys,3682.03,FALSE,11.78,72.72
,shirt,Books,194.77,FALSE,25.78,3433.1
,gloves,Clothing,3600.32,FALSE,40.83,2228.18
,shoes,Electronics,4675.7,TRUE,15.02,3879.79
,gloves,Toys,366.88,FALSE,84.93,4708.01
,socks,Books,3401.4,FALSE,50.33,29.17
,scarf,Sports Equipment,1213.25,FALSE,20.22,2091.73
,watch,Books,1766.11,FALSE,75.18,1931.81
,pants,Sports Equipment,2719.39,FALSE,68.76,1908.49
,belt,Electronics,3936.56,FALSE,38.14,4733.01
,socks,Clothing,1911.56,FALSE,73,4642.46
,jacket,Books,3281.5,TRUE,74.53,1938.42
,hat,Toys,172.24,FALSE,34.56,3650.14
,socks,Home Decor,2193.18,FALSE,71.49,4306.5
,hat,Clothing,1992.61,TRUE,16.74,813.43
,watch,Sports Equipment,1477.38,TRUE,6.82,4136.55
,jacket,Books,1183.48,TRUE,41.99,3927.92
,socks,Toys,3337.87,FALSE,42.18,382.91
,belt,Clothing,4947,TRUE,52.09,4137.27
,gloves,Electronics,1000.67,TRUE,93.12,1639.29
,socks,Home Decor,4852.95,TRUE,30.99,4243.56
,socks,Clothing,4871.51,TRUE,15.96,2417.63
,socks,Clothing,3759.15,FALSE,47.24,516.15
,watch,Books,4870.62,TRUE,25.95,888.09
,shoes,Home Decor,2544.42,FALSE,49.05,2484.79
,jacket,Toys,2040.36,FALSE,16.24,4047.75
,shirt,Home Decor,122.27,TRUE,71.97,1664.52
,scarf,Books,1969.95,TRUE,86.74,4438.39
,watch,Books,2568.57,FALSE,59.7,810.69
,scarf,Sports Equipment,1439.52,TRUE,81.02,4250.32
,scarf,Sports Equipment,1093.36,FALSE,35.5,4473
,shirt,Sports Equipment,1835.96,TRUE,50.09,2817.55
,jacket,Books,4461.14,TRUE,5.67,3343.57
,belt,Sports Equipment,1963.94,TRUE,52.73,960.45
,gloves,Sports Equipment,1193.54,TRUE,78.66,2640.74
,hat,Toys,4517.41,FALSE,24.31,63.45
,socks,Clothing,4885.03,TRUE,32.23,4824.88
,watch,Toys,2755.6,FALSE,86.73,3838.14
,jacket,Clothing,4256.13,TRUE,39.27,4426.84
,jacket,Sports Equipment,4065.82,FALSE,24.24,3997.7
,shoes,Home Decor,266.22,FALSE,60.87,4318.71
,socks,Electronics,4338.28,TRUE,27.3,1599.36
,gloves,Sports Equipment,3050.17,TRUE,10.12,1252.01
,socks,Home Decor,3817.18,TRUE,92.33,1655.49
,belt,Toys,4804.18,TRUE,55.09,2184.32
,watch,Toys,3065.66,TRUE,96.1,4065.98
,scarf,Books,4578.84,FALSE,78.59,1920.55
,gloves,Clothing,3617.72,TRUE,50.65,46.1
,gloves,Sports Equipment,4345.44,FALSE,25.69,1928.47
,shoes,Toys,2684.24,FALSE,21.01,244.89
,jacket,Clothing,4414.25,FALSE,60.77,1750.2
,belt,Home Decor,4123.3,TRUE,42.7,1561.11
,pants,Home Decor,4218.22,FALSE,25.12,4764.31
,gloves,Toys,2459.65,FALSE,7.86,410.46
,shoes,Home Decor,4904.28,TRUE,52.58,1612.31
,socks,Toys,4077.89,TRUE,9.33,4816.78
,shoes,Sports Equipment,749.88,FALSE,67.99,442.71
,belt,Toys,1647.42,TRUE,60.91,4672.28
,pants,Clothing,3298.85,FALSE,59.79,3382.19
,socks,Home Decor,4274.98,FALSE,47.73,4652.27
,belt,Electronics,2444.22,TRUE,74.54,2185.57
,jacket,Clothing,1214.28,TRUE,31.58,4013.51
,socks,Toys,3419.11,TRUE,34.31,4731.42
,jacket,Books,2230.19,FALSE,72.85,591.43
,socks,Home Decor,212.24,TRUE,77.52,3361.89
,socks,Sports Equipment,2041.67,TRUE,49.29,181.39
,shirt,Electronics,1929.82,TRUE,94.99,1311.19
,socks,Clothing,1612.14,FALSE,16.57,4365.98
,shoes,Toys,3047.92,FALSE,97.47,4448.18
,gloves,Electronics,4229.17,FALSE,64.5,4806.03
,socks,Home Decor,2740,FALSE,24.37,2571.91
,belt,Sports Equipment,1162.05,TRUE,75.23,3513.37
,scarf,Books,427.68,FALSE,56.5,4177.71
,gloves,Toys,1486.64,FALSE,90.78,750.92
,shoes,Sports Equipment,3944.09,FALSE,51.04,3903.84
,gloves,Home Decor,886.82,TRUE,49.4,2518.76
,shirt,Home Decor,4221.94,TRUE,20.99,3946.8
,jacket,Home Decor,1174.26,TRUE,94.98,789.91
,pants,Sports Equipment,2465.46,TRUE,1.28,4470.89
,shoes,Toys,3336.57,TRUE,62.77,311.15
,shoes,Toys,3579.46,TRUE,90.35,34.56
,scarf,Sports Equipment,1521.87,FALSE,59.63,4734.68
,shirt,Toys,3921.27,TRUE,64.06,873.21
,pants,Sports Equipment,1201.74,TRUE,40.01,4273.44
,gloves,Home Decor,1286.79,FALSE,91.16,3159.8
,pants,Electronics,29.58,FALSE,37.25,3772.52
,pants,Clothing,3738.35,FALSE,1.31,4974.32
,hat,Books,4029.07,FALSE,93.81,3548.24
,hat,Books,1562.11,FALSE,62.18,930.72
,gloves,Electronics,4716.37,TRUE,17.13,659.24
,hat,Home Decor,4594.87,FALSE,27.89,4660.09
,shirt,Clothing,1249.57,TRUE,2.58,4493.96
,gloves,Books,4907.65,FALSE,89.28,3756.81
,watch,Sports Equipment,2903.36,FALSE,56.37,3274.84
,jacket,Clothing,4936.23,TRUE,73.21,1026.72
,jacket,Sports Equipment,447.91,FALSE,32,4290.32
,socks,Sports Equipment,1813.22,TRUE,9.67,2557.72
,belt,Electronics,3484.42,TRUE,26.34,1364.63
,jacket,Home Decor,3186.81,TRUE,12.29,3529.03
,pants,Electronics,512.58,TRUE,80.35,3014.2
,jacket,Clothing,716.71,TRUE,91.97,346.39
,shoes,Home Decor,1617.93,TRUE,96.81,10.42
,jacket,Sports Equipment,4226.63,TRUE,28.13,2944.45
,scarf,Clothing,897.62,FALSE,47.78,1818.54
,watch,Home Decor,4092.08,TRUE,22.78,115.73
,hat,Toys,4863.44,TRUE,58.87,2368.08
,watch,Home Decor,4713.69,TRUE,40.81,4172.57
,shoes,Clothing,4365.23,TRUE,51.71,2633.14
,gloves,Books,1889.34,FALSE,36.9,1455.11
,pants,Toys,2417.08,FALSE,47.41,2235.65
,belt,Books,2282.85,TRUE,63.21,1723.25
,socks,Home Decor,2456.18,TRUE,76.59,3242.22
,jacket,Electronics,4956.76,FALSE,31.72,2016.94
,shirt,Electronics,4528.59,TRUE,27.27,209.99
,pants,Electronics,1286.49,FALSE,85.15,938.96
,pants,Books,3365.74,FALSE,15.49,4013.73
,watch,Home Decor,2571.08,TRUE,8.86,3613.55
,shirt,Toys,1575.22,TRUE,41.41,1358
,gloves,Home Decor,501.31,TRUE,28.77,864.41
,hat,Sports Equipment,3378.7,FALSE,74.85,2293.84
,watch,Clothing,4205.39,TRUE,65.19,3051.83
,socks,Sports Equipment,2481.75,FALSE,89.33,3531.35
,belt,Electronics,192.09,TRUE,18.48,3783.81
,jacket,Clothing,1310.2,FALSE,56.88,875.8
,belt,Books,2492.88,FALSE,33.5,506.85
,belt,Clothing,3000.65,TRUE,3.3,4675.85
,watch,Clothing,4904.37,FALSE,45.75,1009.05
,scarf,Electronics,3813.03,FALSE,27.82,2527.58
,jacket,Electronics,1655.05,TRUE,1.07,212.89
,hat,Home Decor,114.19,TRUE,24.16,1334.2
,socks,Sports Equipment,4501.25,TRUE,12.99,1457.07
,shirt,Toys,2318.2,FALSE,24.26,509.21
,pants,Electronics,2666.81,FALSE,11.24,3952.9
,scarf,Books,2174.01,FALSE,11.3,1892.92
,shirt,Electronics,4379.52,TRUE,32.72,4884.8
,belt,Sports Equipment,4298.51,TRUE,85.79,864.84
,hat,Clothing,2181.22,FALSE,54.91,3608.73
,jacket,Home Decor,1661.28,FALSE,57.8,4070.17
,belt,Books,2934.87,FALSE,23.18,1078.45
,hat,Home Decor,2274.47,TRUE,57.88,472.84
,pants,Home Decor,3619.07,TRUE,65.69,1850.48
,pants,Toys,1342.49,TRUE,50.65,1430.45
,socks,Books,734.88,FALSE,93.34,3264.01
,socks,Sports Equipment,4543.71,FALSE,26.2,1567.58
,scarf,Toys,1418.82,TRUE,29.87,3061.03
,jacket,Home Decor,167.63,TRUE,41.1,3252.3
,shirt,Books,568.95,FALSE,60.85,48.03
,pants,Toys,4314.13,TRUE,28.23,1023.82
,hat,Clothing,4291.48,TRUE,43.5,2406.32
,pants,Home Decor,337.98,FALSE,37.27,488.68
,shoes,Sports Equipment,2633.68,FALSE,24.26,4580.64
,pants,Books,4374.48,TRUE,74.82,139.7
,gloves,Books,1812.12,TRUE,80.47,510.56
,gloves,Electronics,4015.07,TRUE,2.96,3801.87
,pants,Electronics,2956.64,FALSE,24.81,1957.06
,gloves,Home Decor,4963.06,TRUE,9.78,4747.97
,watch,Electronics,1988.83,FALSE,33.77,2027.12
,gloves,Sports Equipment,600.96,FALSE,8.86,4256.2
,jacket,Sports Equipment,4785.78,TRUE,97.1,1346.45
,hat,Home Decor,2497.69,TRUE,38.56,3456.32
,watch,Clothing,2047.5,TRUE,97.97,3984.51
,watch,Clothing,1202.86,FALSE,36.46,3458.31
,shoes,Electronics,4238.65,TRUE,8.59,2432.84
,shoes,Books,4402.09,TRUE,69.35,2327.2
,belt,Clothing,3329.36,FALSE,83.49,693.17
,shirt,Toys,538.14,TRUE,77.62,3617.88
,shoes,Home Decor,1286.29,TRUE,44.63,1091.66
,shirt,Clothing,781.9,TRUE,1.8,4714.84
,hat,Books,341.57,TRUE,89.09,1909.56
,pants,Sports Equipment,1937.23,TRUE,32.47,2219.06
,watch,Toys,2492.11,FALSE,24.09,338.7
,shirt,Home Decor,3868.49,TRUE,18.56,364.05
,hat,Books,4053.41,TRUE,42.73,1089.66
,watch,Toys,1584.15,FALSE,67.34,4753.36
,watch,Clothing,2773.61,FALSE,38.85,1494.78
,shirt,Books,2196.54,TRUE,82.19,3392.96
,gloves,Clothing,3152.42,FALSE,45.35,3712.31
,jacket,Sports Equipment,3177.95,FALSE,86.23,1927.97
,pants,Sports Equipment,3509.02,FALSE,75.99,916.28
,scarf,Clothing,2036.33,FALSE,74.5,558.14
,pants,Home Decor,2814.52,FALSE,11.24,2782
,pants,Home Decor,2398.03,TRUE,73.02,4221.92
,belt,Books,4692.25,FALSE,40.18,1181.69
,socks,Sports Equipment,1339.33,FALSE,86.56,556.08
,belt,Books,4414.58,FALSE,55.95,411.23
,scarf,Books,3614.61,TRUE,84.43,3855.43
,shoes,Sports Equipment,4034.31,TRUE,13.15,3520.33
,shoes,Electronics,1384.66,FALSE,3.97,4147.57
,belt,Home Decor,3177.67,FALSE,8.69,3462.33
,jacket,Home Decor,2629.55,TRUE,37.46,2045.05
,jacket,Toys,2070.42,FALSE,18.58,866.22
,shirt,Sports Equipment,1396.83,TRUE,35.74,174.64
,socks,Clothing,141.57,FALSE,51.23,89.35
,hat,Home Decor,2614.97,TRUE,36.15,4065.93
,scarf,Sports Equipment,3738.65,FALSE,58.13,3675.32
,gloves,Toys,2949.98,TRUE,38.38,491.15
,socks,Electronics,434.43,TRUE,66.88,4335.61
,pants,Sports Equipment,864.22,TRUE,49.36,1315
,scarf,Toys,1871.67,FALSE,61.66,1405.97
,jacket,Sports Equipment,2365.79,FALSE,0.49,4212.25
,shoes,Books,4172.84,FALSE,77.98,369.88
,pants,Sports Equipment,2248.99,TRUE,79.85,4057.26
,socks,Home Decor,1262.34,FALSE,31.5,2510.54
,hat,Sports Equipment,2886.93,FALSE,33.98,4882.15
,hat,Books,2657.46,TRUE,96.63,1353.1
,gloves,Electronics,1649.06,TRUE,80.89,4228.14
,jacket,Toys,3744.45,FALSE,16.04,892.32
,pants,Clothing,1746.54,TRUE,71.9,1851.01
,belt,Home Decor,4644.16,FALSE,11.26,1529.8
,socks,Clothing,3575.92,FALSE,44.99,4079.92
,jacket,Home Decor,2818.02,FALSE,5.05,603.91
,gloves,Home Decor,2994.44,TRUE,73.61,773.31
,hat,Home Decor,2385.11,TRUE,82.47,4457.8
,pants,Clothing,4880.91,FALSE,4.41,1115.96
,watch,Electronics,3835.41,TRUE,13.53,1846.2
,belt,Clothing,436.92,FALSE,18.14,3252.78
,jacket,Toys,2008.43,FALSE,39.45,156.8
,hat,Home Decor,582.36,FALSE,67,3804.21
,watch,Home Decor,3166.6,TRUE,8.1,4325.64
,shoes,Sports Equipment,2093.95,FALSE,86.76,3705.3
,belt,Toys,4261.38,FALSE,87.84,911.99
,belt,Clothing,715.28,FALSE,8.56,1295.21
,jacket,Electronics,2266.21,FALSE,81.98,4134.91
,jacket,Home Decor,2808.65,FALSE,84.06,3890.28
,watch,Electronics,4756.94,FALSE,19.13,3397.06
,shoes,Books,3722.79,FALSE,64.02,3525.45
,shirt,Electronics,2174.58,TRUE,15.62,779.89
,pants,Books,4147.76,FALSE,68.05,4409.99
,watch,Electronics,3070.96,FALSE,65.74,1479.22
,shoes,Electronics,3896.73,FALSE,45.68,2552.46
,watch,Clothing,1297.37,FALSE,93.7,3091.89
,scarf,Clothing,1547.45,FALSE,12.99,2428.13
,socks,Sports Equipment,383.66,FALSE,79.17,1929.43
,socks,Sports Equipment,4306.15,TRUE,40.39,11.52
,scarf,Clothing,2915.01,TRUE,44.47,158.52
,watch,Clothing,2050.86,FALSE,87.37,2804.07
,scarf,Books,3737.46,FALSE,59.31,3405.32
,shirt,Electronics,837.36,FALSE,4.13,3873.74
,socks,Books,4208.48,FALSE,52.82,3372.92
,shirt,Books,1217.32,FALSE,25.25,1890.73
,hat,Clothing,2605.99,TRUE,54.38,110.7
,belt,Clothing,1585.35,FALSE,67.34,3641.86
,scarf,Clothing,537.31,TRUE,18.97,699.4
,hat,Sports Equipment,315.76,FALSE,64.36,2539.43
,pants,Home Decor,3036.37,TRUE,99.13,1868.3
,jacket,Books,4600.07,TRUE,67.79,4895.19
,scarf,Books,1461.15,FALSE,63.3,1518.82
,belt,Home Decor,3260.09,FALSE,56.92,3311.38
,pants,Clothing,1197.16,TRUE,7.66,3186.11
,gloves,Sports Equipment,3630.48,TRUE,54.06,433.71
,watch,Clothing,3168.15,TRUE,52.21,3649.81
,jacket,Home Decor,1601.3,TRUE,6.56,2100.71
,belt,Toys,2946,FALSE,37.87,3075.51
,hat,Sports Equipment,830.32,FALSE,4.01,3018.16
,jacket,Home Decor,1731.58,TRUE,11.81,1492.53
,jacket,Toys,1026.82,FALSE,59.74,4193.7
,shirt,Clothing,2524.4,FALSE,83.47,1861.44
,pants,Electronics,1087.05,FALSE,61.25,457.95
,pants,Clothing,4547.47,TRUE,40.35,3254.53
,pants,Clothing,2007,FALSE,31.8,2752.91
,shoes,Home Decor,1431.97,TRUE,6.62,1817.91
,shirt,Home Decor,2053.78,FALSE,13.02,441.91
,pants,Books,4753.79,FALSE,6.43,2136.28
,scarf,Clothing,3113.23,TRUE,17.13,816.04
,shoes,Clothing,4951.33,TRUE,80.99,2479.7
,jacket,Electronics,4485.69,FALSE,23.26,756.2
,belt,Toys,602.22,TRUE,38.11,252.52
,pants,Clothing,1272.18,FALSE,54.22,3398.68
,jacket,Home Decor,3301.87,FALSE,72.67,1031.22
,hat,Toys,1745.71,TRUE,11.56,1540.88
,gloves,Home Decor,3691.18,TRUE,6.06,824
,belt,Toys,3150.33,FALSE,29.52,1535.48
,hat,Home Decor,619.5,TRUE,34.2,1420.95
,jacket,Books,250.1,TRUE,23.44,3044.64
,scarf,Electronics,3600.65,TRUE,34.62,3361.09
,shoes,Clothing,3794.12,FALSE,45.11,2134.61
,scarf,Clothing,450.91,FALSE,52.01,2768.67
,hat,Electronics,4732.98,FALSE,77.39,2617.22
,scarf,Electronics,359.16,TRUE,0.14,1651.43
,shoes,Electronics,1247.03,FALSE,75.34,4625.9
,scarf,Books,1951.06,FALSE,90.95,2190.59
,jacket,Toys,4757.21,TRUE,46.26,1323.85
,belt,Books,2002.14,TRUE,26.49,3280.28
,hat,Sports Equipment,1886.51,FALSE,43.55,932.67
,pants,Sports Equipment,1125.76,TRUE,47.77,3536.59
,shoes,Clothing,540.64,TRUE,44.34,3212.28
,hat,Books,2436.38,TRUE,34.84,4202.57
,watch,Home Decor,1207.72,FALSE,65.81,934.38
,belt,Sports Equipment,3416.58,TRUE,19.6,412.97
,jacket,Toys,437.74,TRUE,66.18,2053.79
,belt,Clothing,4232.83,TRUE,43.21,1700.99
,scarf,Books,4719.51,TRUE,25.49,994.74
,hat,Books,61.32,TRUE,46.64,1255.43
,shirt,Home Decor,2594.33,TRUE,35.41,1383.94
,shoes,Sports Equipment,3329.1,FALSE,97.03,1789.69
,pants,Electronics,2708.92,FALSE,19.5,1287.17
,gloves,Toys,1165.26,FALSE,95.05,4985.77
,jacket,Clothing,4942.02,TRUE,23.57,99.3
,hat,Toys,3214.6,FALSE,33.06,4509.88
,jacket,Clothing,4407.66,TRUE,89.61,2374.05
,shirt,Home Decor,3441.5,TRUE,50.01,19.44
,pants,Books,2447.13,TRUE,94.2,3678.76
,shoes,Books,679.28,FALSE,58.63,435.36
,watch,Sports Equipment,2719.28,FALSE,94.41,3926.14
,watch,Toys,1653.98,TRUE,40.52,1674.15
,scarf,Home Decor,830.25,TRUE,39.95,334.07
,belt,Books,1264.17,FALSE,50.98,1116.26
,pants,Electronics,3945.97,FALSE,97.96,4668.92
,hat,Clothing,455.75,TRUE,76.42,892.72
,scarf,Books,2950.02,TRUE,13.12,3541.72
,scarf,Electronics,4851.91,TRUE,28.64,1757.79
,watch,Sports Equipment,4183.39,FALSE,95.42,4223.5
,gloves,Clothing,3011.53,TRUE,62.15,379.97
,pants,Clothing,2027.58,TRUE,65.56,4666.48
,shoes,Electronics,4214.03,TRUE,37.79,2301.65
,shirt,Clothing,3491.95,FALSE,56.22,3223.92
,shirt,Books,1791.13,FALSE,36.77,3584.1
,hat,Electronics,4656.98,TRUE,23.83,4898.08
,shoes,Sports Equipment,2028.2,FALSE,29.45,95.87
,belt,Books,73.74,TRUE,26.21,3450.91
,hat,Toys,1739.7,TRUE,42.62,4987.95
,belt,Clothing,3035.92,FALSE,55.91,174.38
,shirt,Books,3100.23,FALSE,31.7,2688.03
,hat,Home Decor,3356.07,TRUE,10.32,4796.25
,belt,Home Decor,4358.67,TRUE,20.73,2168.51
,gloves,Clothing,2618.33,TRUE,24.16,1615.62
,watch,Electronics,2679.99,TRUE,78.47,1983.65
,belt,Sports Equipment,261.79,TRUE,46.14,2752.7
,belt,Electronics,3151.35,FALSE,67.09,1651.4
,gloves,Home Decor,2810.67,TRUE,28.53,1123.97
,jacket,Electronics,3635.65,TRUE,95.66,4508.95
,socks,Toys,4437.89,FALSE,28.01,2407.7
,gloves,Electronics,1999.65,TRUE,99.61,1239.43
,scarf,Home Decor,3815.41,TRUE,85.06,4275.78
,belt,Sports Equipment,4570.44,TRUE,33.94,3144.68
,hat,Clothing,3651.84,FALSE,4.69,2973.87
,jacket,Clothing,2080.11,TRUE,52.44,466.34
,hat,Toys,456.49,FALSE,79.61,3623.31
,gloves,Toys,1815.43,FALSE,74.88,849.49
,shoes,Toys,113.42,TRUE,29.92,1391.23
,pants,Clothing,3138.21,TRUE,52.41,987.17
,belt,Home Decor,253.64,TRUE,26.03,3398.05
,watch,Home Decor,3464.11,FALSE,21.05,1575.03
,watch,Sports Equipment,1323.62,FALSE,48.44,2319.43
,pants,Electronics,3007.71,TRUE,55.31,3169.32
,scarf,Sports Equipment,626.81,FALSE,16.41,4376.59
,shirt,Toys,931.73,TRUE,26.64,1118.22
,pants,Electronics,3576.18,FALSE,65.87,2185.02
,scarf,Toys,4500.23,TRUE,18.69,2946.95
,jacket,Books,4601.98,TRUE,76,831.83
,scarf,Clothing,766.05,FALSE,24.76,2165.49
,scarf,Clothing,3064.71,FALSE,74,1315.33
,watch,Electronics,240.15,FALSE,28.65,4263.71
,scarf,Sports Equipment,1187.35,FALSE,49.75,4819.49
